Feature,Missing Values,Infinite Values,Unique Values,Variance,Constant,Low Variance,Invalid
CrossArms_Left_AccX_Mean,0,0,469,9.377872397008846e-07,False,True,False
CrossArms_Right_AccX_Mean,0,0,469,8.655440819532627e-07,False,True,False
DrinkGlas_Left_AccX_Mean,0,0,469,7.705555291679496e-07,False,True,False
DrinkGlas_Right_AccX_Mean,0,0,469,9.804176087092515e-07,False,True,False
Entrainment_Left_AccX_Mean,0,0,469,8.779157614501688e-08,False,True,False
Entrainment_Right_AccX_Mean,0,0,469,9.029875860890351e-08,False,True,False
HoldWeight_Left_AccX_Mean,0,0,469,1.4164585768516753e-07,False,True,False
HoldWeight_Right_AccX_Mean,0,0,469,1.3541955546014843e-07,False,True,False
LiftHold_Left_AccX_Mean,0,0,469,3.5821443455278076e-07,False,True,False
LiftHold_Right_AccX_Mean,0,0,469,2.934192512903295e-07,False,True,False
PointFinger_Left_AccX_Mean,0,0,469,1.4123736795819842e-06,False,False,False
PointFinger_Right_AccX_Mean,0,0,469,1.2389531782382402e-06,False,False,False
RelaxedTask_Left_AccX_Mean,0,0,469,1.7074308673040594e-08,False,True,False
RelaxedTask_Right_AccX_Mean,0,0,469,1.8851569941976735e-08,False,True,False
Relaxed_Left_AccX_Mean,0,0,469,1.2804007752348085e-08,False,True,False
Relaxed_Right_AccX_Mean,0,0,469,1.4812166132300178e-08,False,True,False
StretchHold_Left_AccX_Mean,0,0,469,1.5062355998252339e-07,False,True,False
StretchHold_Right_AccX_Mean,0,0,469,1.1034376467853001e-07,False,True,False
TouchIndex_Left_AccX_Mean,0,0,469,1.4701950963397054e-06,False,False,False
TouchIndex_Right_AccX_Mean,0,0,469,1.40653365180253e-06,False,False,False
TouchNose_Left_AccX_Mean,0,0,469,2.0016749753090063e-06,False,False,False
TouchNose_Right_AccX_Mean,0,0,469,1.9770262041752796e-06,False,False,False
CrossArms_Left_AccX_Median,0,0,469,1.3820947441038853e-06,False,False,False
CrossArms_Right_AccX_Median,0,0,469,6.779541798096173e-06,False,False,False
DrinkGlas_Left_AccX_Median,0,0,469,4.266849877364147e-06,False,False,False
DrinkGlas_Right_AccX_Median,0,0,469,3.321607714931181e-06,False,False,False
Entrainment_Left_AccX_Median,0,0,469,9.417717585068199e-06,False,False,False
Entrainment_Right_AccX_Median,0,0,469,2.3766991144112888e-05,False,False,False
HoldWeight_Left_AccX_Median,0,0,469,1.1274758612890237e-06,False,False,False
HoldWeight_Right_AccX_Median,0,0,469,3.2787379360741273e-06,False,False,False
LiftHold_Left_AccX_Median,0,0,469,4.128524354691751e-07,False,True,False
LiftHold_Right_AccX_Median,0,0,469,9.675929274578219e-07,False,True,False
PointFinger_Left_AccX_Median,0,0,469,0.00018722595863897645,False,False,False
PointFinger_Right_AccX_Median,0,0,469,0.0001581490478659137,False,False,False
RelaxedTask_Left_AccX_Median,0,0,469,5.199833755703745e-06,False,False,False
RelaxedTask_Right_AccX_Median,0,0,469,3.326237417218262e-05,False,False,False
Relaxed_Left_AccX_Median,0,0,469,2.700008355179413e-06,False,False,False
Relaxed_Right_AccX_Median,0,0,469,8.266838807672672e-05,False,False,False
StretchHold_Left_AccX_Median,0,0,469,6.596848147791774e-07,False,True,False
StretchHold_Right_AccX_Median,0,0,469,1.2260362025811687e-05,False,False,False
TouchIndex_Left_AccX_Median,0,0,469,0.0001999391218578202,False,False,False
TouchIndex_Right_AccX_Median,0,0,469,0.0002314902528980549,False,False,False
TouchNose_Left_AccX_Median,0,0,469,0.0003163887795715231,False,False,False
TouchNose_Right_AccX_Median,0,0,469,0.00027683541875131776,False,False,False
CrossArms_Left_AccX_Std,0,0,469,0.0013281309274188796,False,False,False
CrossArms_Right_AccX_Std,0,0,469,0.0017660297974721087,False,False,False
DrinkGlas_Left_AccX_Std,0,0,469,0.0010530549829197479,False,False,False
DrinkGlas_Right_AccX_Std,0,0,469,0.0011395032245553733,False,False,False
Entrainment_Left_AccX_Std,0,0,469,0.0005831703693270085,False,False,False
Entrainment_Right_AccX_Std,0,0,469,0.0007320299405441813,False,False,False
HoldWeight_Left_AccX_Std,0,0,469,0.00016030117215014964,False,False,False
HoldWeight_Right_AccX_Std,0,0,469,0.00038097357156492077,False,False,False
LiftHold_Left_AccX_Std,0,0,469,0.00014375529942290357,False,False,False
LiftHold_Right_AccX_Std,0,0,469,0.0001892040498129073,False,False,False
PointFinger_Left_AccX_Std,0,0,469,0.006426898071512847,False,False,False
PointFinger_Right_AccX_Std,0,0,469,0.0047431073644090835,False,False,False
RelaxedTask_Left_AccX_Std,0,0,469,0.0009476837222255434,False,False,False
RelaxedTask_Right_AccX_Std,0,0,469,0.0011218052514941647,False,False,False
Relaxed_Left_AccX_Std,0,0,469,0.0005601625741043991,False,False,False
Relaxed_Right_AccX_Std,0,0,469,0.0013400007336986151,False,False,False
StretchHold_Left_AccX_Std,0,0,469,0.00014899148372598742,False,False,False
StretchHold_Right_AccX_Std,0,0,469,0.0002997435069612752,False,False,False
TouchIndex_Left_AccX_Std,0,0,469,0.002431821207773304,False,False,False
TouchIndex_Right_AccX_Std,0,0,469,0.0024364136548486806,False,False,False
TouchNose_Left_AccX_Std,0,0,469,0.006295401395135398,False,False,False
TouchNose_Right_AccX_Std,0,0,469,0.005889830101858932,False,False,False
CrossArms_Left_AccX_Min,0,0,469,0.06168842132102656,False,False,False
CrossArms_Right_AccX_Min,0,0,469,0.046632873287264474,False,False,False
DrinkGlas_Left_AccX_Min,0,0,469,0.06939958488360559,False,False,False
DrinkGlas_Right_AccX_Min,0,0,469,0.14338377834741284,False,False,False
Entrainment_Left_AccX_Min,0,0,469,0.011794765166015589,False,False,False
Entrainment_Right_AccX_Min,0,0,469,0.036856465309928185,False,False,False
HoldWeight_Left_AccX_Min,0,0,469,0.0038097672254018846,False,False,False
HoldWeight_Right_AccX_Min,0,0,469,0.004682965128922678,False,False,False
LiftHold_Left_AccX_Min,0,0,469,0.006386806777224853,False,False,False
LiftHold_Right_AccX_Min,0,0,469,0.009063935116063399,False,False,False
PointFinger_Left_AccX_Min,0,0,469,0.3389607855759312,False,False,False
PointFinger_Right_AccX_Min,0,0,469,0.4068110261141815,False,False,False
RelaxedTask_Left_AccX_Min,0,0,469,0.010454001644490717,False,False,False
RelaxedTask_Right_AccX_Min,0,0,469,0.015020691332097385,False,False,False
Relaxed_Left_AccX_Min,0,0,469,0.007027655405978793,False,False,False
Relaxed_Right_AccX_Min,0,0,469,0.02679803489229204,False,False,False
StretchHold_Left_AccX_Min,0,0,469,0.004913592250630269,False,False,False
StretchHold_Right_AccX_Min,0,0,469,0.0207080435893997,False,False,False
TouchIndex_Left_AccX_Min,0,0,469,0.03730877779980891,False,False,False
TouchIndex_Right_AccX_Min,0,0,469,0.028174741744944838,False,False,False
TouchNose_Left_AccX_Min,0,0,469,0.25731270144204754,False,False,False
TouchNose_Right_AccX_Min,0,0,469,0.5285776918044508,False,False,False
CrossArms_Left_AccX_Max,0,0,469,0.05241515798982193,False,False,False
CrossArms_Right_AccX_Max,0,0,469,0.03330860599920968,False,False,False
DrinkGlas_Left_AccX_Max,0,0,469,0.17542962837270834,False,False,False
DrinkGlas_Right_AccX_Max,0,0,469,0.06742284036099264,False,False,False
Entrainment_Left_AccX_Max,0,0,469,0.013892416983948445,False,False,False
Entrainment_Right_AccX_Max,0,0,469,0.017245445403764537,False,False,False
HoldWeight_Left_AccX_Max,0,0,469,0.005254212102347041,False,False,False
HoldWeight_Right_AccX_Max,0,0,469,0.00646440606857044,False,False,False
LiftHold_Left_AccX_Max,0,0,469,0.004919188155222787,False,False,False
LiftHold_Right_AccX_Max,0,0,469,0.0048375546839740735,False,False,False
PointFinger_Left_AccX_Max,0,0,469,0.548745387036994,False,False,False
PointFinger_Right_AccX_Max,0,0,469,0.17901748154365882,False,False,False
RelaxedTask_Left_AccX_Max,0,0,469,0.016974542592401384,False,False,False
RelaxedTask_Right_AccX_Max,0,0,469,0.008364823557656963,False,False,False
Relaxed_Left_AccX_Max,0,0,469,0.01635739166688327,False,False,False
Relaxed_Right_AccX_Max,0,0,469,0.008519998534822118,False,False,False
StretchHold_Left_AccX_Max,0,0,469,0.004685378508559118,False,False,False
StretchHold_Right_AccX_Max,0,0,469,0.006602245362836381,False,False,False
TouchIndex_Left_AccX_Max,0,0,469,0.03469622950774947,False,False,False
TouchIndex_Right_AccX_Max,0,0,469,0.040369369959211344,False,False,False
TouchNose_Left_AccX_Max,0,0,469,0.4543145967623887,False,False,False
TouchNose_Right_AccX_Max,0,0,469,0.15343054805048728,False,False,False
CrossArms_Left_AccX_Range,0,0,469,0.21603308408932123,False,False,False
CrossArms_Right_AccX_Range,0,0,469,0.1420966970569593,False,False,False
DrinkGlas_Left_AccX_Range,0,0,469,0.40042976636235755,False,False,False
DrinkGlas_Right_AccX_Range,0,0,469,0.313113882262295,False,False,False
Entrainment_Left_AccX_Range,0,0,469,0.04627171449547072,False,False,False
Entrainment_Right_AccX_Range,0,0,469,0.08516508170753422,False,False,False
HoldWeight_Left_AccX_Range,0,0,469,0.016973575169905886,False,False,False
HoldWeight_Right_AccX_Range,0,0,469,0.021005303573295497,False,False,False
LiftHold_Left_AccX_Range,0,0,469,0.019839974036336534,False,False,False
LiftHold_Right_AccX_Range,0,0,469,0.023896686189005294,False,False,False
PointFinger_Left_AccX_Range,0,0,469,1.3659148969137134,False,False,False
PointFinger_Right_AccX_Range,0,0,469,0.8775963512492215,False,False,False
RelaxedTask_Left_AccX_Range,0,0,469,0.05265864728736617,False,False,False
RelaxedTask_Right_AccX_Range,0,0,469,0.04428528448827617,False,False,False
Relaxed_Left_AccX_Range,0,0,469,0.043482545536222404,False,False,False
Relaxed_Right_AccX_Range,0,0,469,0.06397997235628541,False,False,False
StretchHold_Left_AccX_Range,0,0,469,0.017996734400567097,False,False,False
StretchHold_Right_AccX_Range,0,0,469,0.04733978689942571,False,False,False
TouchIndex_Left_AccX_Range,0,0,469,0.12551876413459342,False,False,False
TouchIndex_Right_AccX_Range,0,0,469,0.1106666238289061,False,False,False
TouchNose_Left_AccX_Range,0,0,469,1.0541187090310877,False,False,False
TouchNose_Right_AccX_Range,0,0,469,0.9698038541817675,False,False,False
CrossArms_Left_AccX_IQR,0,0,469,0.0012431400836161502,False,False,False
CrossArms_Right_AccX_IQR,0,0,469,0.0013127730110746518,False,False,False
DrinkGlas_Left_AccX_IQR,0,0,469,0.0007269437161343801,False,False,False
DrinkGlas_Right_AccX_IQR,0,0,469,0.0007040853308465575,False,False,False
Entrainment_Left_AccX_IQR,0,0,469,0.0009168683670041625,False,False,False
Entrainment_Right_AccX_IQR,0,0,469,0.0011141690907894358,False,False,False
HoldWeight_Left_AccX_IQR,0,0,469,0.0001529946339317315,False,False,False
HoldWeight_Right_AccX_IQR,0,0,469,0.0006062998243061149,False,False,False
LiftHold_Left_AccX_IQR,0,0,469,0.00010791117037455594,False,False,False
LiftHold_Right_AccX_IQR,0,0,469,0.00015383138775559532,False,False,False
PointFinger_Left_AccX_IQR,0,0,469,0.005424684320577849,False,False,False
PointFinger_Right_AccX_IQR,0,0,469,0.005122265928084358,False,False,False
RelaxedTask_Left_AccX_IQR,0,0,469,0.001362185273687384,False,False,False
RelaxedTask_Right_AccX_IQR,0,0,469,0.0015659116936146732,False,False,False
Relaxed_Left_AccX_IQR,0,0,469,0.0007613981509125242,False,False,False
Relaxed_Right_AccX_IQR,0,0,469,0.0012112866044892217,False,False,False
StretchHold_Left_AccX_IQR,0,0,469,0.00015009546164430513,False,False,False
StretchHold_Right_AccX_IQR,0,0,469,0.000371552875005757,False,False,False
TouchIndex_Left_AccX_IQR,0,0,469,0.005658249714441188,False,False,False
TouchIndex_Right_AccX_IQR,0,0,469,0.005545469237158882,False,False,False
TouchNose_Left_AccX_IQR,0,0,469,0.0074396597834611,False,False,False
TouchNose_Right_AccX_IQR,0,0,469,0.006512052140932742,False,False,False
CrossArms_Left_AccX_RMS,0,0,469,0.0013266352569989341,False,False,False
CrossArms_Right_AccX_RMS,0,0,469,0.0017640753948481474,False,False,False
DrinkGlas_Left_AccX_RMS,0,0,469,0.0010518735629630566,False,False,False
DrinkGlas_Right_AccX_RMS,0,0,469,0.0011383226954803135,False,False,False
Entrainment_Left_AccX_RMS,0,0,469,0.0005828791383719939,False,False,False
Entrainment_Right_AccX_RMS,0,0,469,0.0007316586463098827,False,False,False
HoldWeight_Left_AccX_RMS,0,0,469,0.00016012464630419776,False,False,False
HoldWeight_Right_AccX_RMS,0,0,469,0.000380553218930573,False,False,False
LiftHold_Left_AccX_RMS,0,0,469,0.000143595270835107,False,False,False
LiftHold_Right_AccX_RMS,0,0,469,0.0001889774653458162,False,False,False
PointFinger_Left_AccX_RMS,0,0,469,0.0064202288036583404,False,False,False
PointFinger_Right_AccX_RMS,0,0,469,0.0047381397678736455,False,False,False
RelaxedTask_Left_AccX_RMS,0,0,469,0.0009471933658352199,False,False,False
RelaxedTask_Right_AccX_RMS,0,0,469,0.0011212288353188839,False,False,False
Relaxed_Left_AccX_RMS,0,0,469,0.0005598676627793292,False,False,False
Relaxed_Right_AccX_RMS,0,0,469,0.0013393190771321733,False,False,False
StretchHold_Left_AccX_RMS,0,0,469,0.00014884752214350036,False,False,False
StretchHold_Right_AccX_RMS,0,0,469,0.0002994192743981971,False,False,False
TouchIndex_Left_AccX_RMS,0,0,469,0.0024293355181490193,False,False,False
TouchIndex_Right_AccX_RMS,0,0,469,0.002433883791536549,False,False,False
TouchNose_Left_AccX_RMS,0,0,469,0.006288986291811625,False,False,False
TouchNose_Right_AccX_RMS,0,0,469,0.0058836179717416505,False,False,False
CrossArms_Left_AccX_Energy,0,0,469,174.5892573280892,False,False,False
CrossArms_Right_AccX_Energy,0,0,469,506.41735494614454,False,False,False
DrinkGlas_Left_AccX_Energy,0,0,469,32.615983229423435,False,False,False
DrinkGlas_Right_AccX_Energy,0,0,469,41.65928206900761,False,False,False
Entrainment_Left_AccX_Energy,0,0,469,70.27936264622394,False,False,False
Entrainment_Right_AccX_Energy,0,0,469,122.83792784252489,False,False,False
HoldWeight_Left_AccX_Energy,0,0,469,0.8086264951122931,False,False,False
HoldWeight_Right_AccX_Energy,0,0,469,9.061963906696585,False,False,False
LiftHold_Left_AccX_Energy,0,0,469,0.8589332310467195,False,False,False
LiftHold_Right_AccX_Energy,0,0,469,2.7725888038117943,False,False,False
PointFinger_Left_AccX_Energy,0,0,469,1541.4963604130585,False,False,False
PointFinger_Right_AccX_Energy,0,0,469,704.6249666743876,False,False,False
RelaxedTask_Left_AccX_Energy,0,0,469,214.12916120729003,False,False,False
RelaxedTask_Right_AccX_Energy,0,0,469,434.05717576215073,False,False,False
Relaxed_Left_AccX_Energy,0,0,469,141.21374823979363,False,False,False
Relaxed_Right_AccX_Energy,0,0,469,1374.8202903447136,False,False,False
StretchHold_Left_AccX_Energy,0,0,469,0.835840279651567,False,False,False
StretchHold_Right_AccX_Energy,0,0,469,5.921094018957582,False,False,False
TouchIndex_Left_AccX_Energy,0,0,469,154.0418356671426,False,False,False
TouchIndex_Right_AccX_Energy,0,0,469,147.27976538630597,False,False,False
TouchNose_Left_AccX_Energy,0,0,469,1770.653448214633,False,False,False
TouchNose_Right_AccX_Energy,0,0,469,1455.2722068074409,False,False,False
CrossArms_Left_AccY_Mean,0,0,469,1.2383955554000384e-06,False,False,False
CrossArms_Right_AccY_Mean,0,0,469,1.2062767806611783e-06,False,False,False
DrinkGlas_Left_AccY_Mean,0,0,469,8.9284375926149e-07,False,True,False
DrinkGlas_Right_AccY_Mean,0,0,469,1.1717105181640643e-06,False,False,False
Entrainment_Left_AccY_Mean,0,0,469,1.0446365025088506e-07,False,True,False
Entrainment_Right_AccY_Mean,0,0,469,1.2412488312141294e-07,False,True,False
HoldWeight_Left_AccY_Mean,0,0,469,1.6944511698097405e-07,False,True,False
HoldWeight_Right_AccY_Mean,0,0,469,1.1473276968262308e-07,False,True,False
LiftHold_Left_AccY_Mean,0,0,469,3.7630257955445113e-07,False,True,False
LiftHold_Right_AccY_Mean,0,0,469,3.7613569950585564e-07,False,True,False
PointFinger_Left_AccY_Mean,0,0,469,1.8292697142828557e-06,False,False,False
PointFinger_Right_AccY_Mean,0,0,469,1.2044168471313558e-06,False,False,False
RelaxedTask_Left_AccY_Mean,0,0,469,2.1154809975286324e-08,False,True,False
RelaxedTask_Right_AccY_Mean,0,0,469,1.267314117814235e-08,False,True,False
Relaxed_Left_AccY_Mean,0,0,469,2.448079315655597e-08,False,True,False
Relaxed_Right_AccY_Mean,0,0,469,1.1017579615012636e-08,False,True,False
StretchHold_Left_AccY_Mean,0,0,469,1.199001083189532e-07,False,True,False
StretchHold_Right_AccY_Mean,0,0,469,1.3979372928293503e-07,False,True,False
TouchIndex_Left_AccY_Mean,0,0,469,1.9002830696933057e-06,False,False,False
TouchIndex_Right_AccY_Mean,0,0,469,1.6296363048233254e-06,False,False,False
TouchNose_Left_AccY_Mean,0,0,469,2.966597683589201e-06,False,False,False
TouchNose_Right_AccY_Mean,0,0,469,3.366624054684242e-06,False,False,False
CrossArms_Left_AccY_Median,0,0,469,6.863310725230452e-06,False,False,False
CrossArms_Right_AccY_Median,0,0,469,2.6572657424985845e-05,False,False,False
DrinkGlas_Left_AccY_Median,0,0,469,5.366911795213383e-06,False,False,False
DrinkGlas_Right_AccY_Median,0,0,469,1.9331340376211945e-05,False,False,False
Entrainment_Left_AccY_Median,0,0,469,2.8338633504110066e-05,False,False,False
Entrainment_Right_AccY_Median,0,0,469,2.4979409087502845e-05,False,False,False
HoldWeight_Left_AccY_Median,0,0,469,9.414823178949442e-06,False,False,False
HoldWeight_Right_AccY_Median,0,0,469,1.4180180628602646e-05,False,False,False
LiftHold_Left_AccY_Median,0,0,469,5.276383070983398e-06,False,False,False
LiftHold_Right_AccY_Median,0,0,469,2.919237409093435e-06,False,False,False
PointFinger_Left_AccY_Median,0,0,469,0.00042548639916974705,False,False,False
PointFinger_Right_AccY_Median,0,0,469,0.0002456396798571742,False,False,False
RelaxedTask_Left_AccY_Median,0,0,469,7.398500705029808e-05,False,False,False
RelaxedTask_Right_AccY_Median,0,0,469,6.95663395850626e-05,False,False,False
Relaxed_Left_AccY_Median,0,0,469,1.740056249599359e-05,False,False,False
Relaxed_Right_AccY_Median,0,0,469,2.3980205522794683e-05,False,False,False
StretchHold_Left_AccY_Median,0,0,469,7.831806881735108e-06,False,False,False
StretchHold_Right_AccY_Median,0,0,469,3.4154867251960315e-05,False,False,False
TouchIndex_Left_AccY_Median,0,0,469,0.00011512948794640262,False,False,False
TouchIndex_Right_AccY_Median,0,0,469,0.00010626687314656254,False,False,False
TouchNose_Left_AccY_Median,0,0,469,0.0005913903352534058,False,False,False
TouchNose_Right_AccY_Median,0,0,469,0.0004780137880160732,False,False,False
CrossArms_Left_AccY_Std,0,0,469,0.001813216900263346,False,False,False
CrossArms_Right_AccY_Std,0,0,469,0.0043139759499961,False,False,False
DrinkGlas_Left_AccY_Std,0,0,469,0.0036375241741876353,False,False,False
DrinkGlas_Right_AccY_Std,0,0,469,0.005281571162264624,False,False,False
Entrainment_Left_AccY_Std,0,0,469,0.0019791444964972877,False,False,False
Entrainment_Right_AccY_Std,0,0,469,0.0024806949410354838,False,False,False
HoldWeight_Left_AccY_Std,0,0,469,0.00048163340063996107,False,False,False
HoldWeight_Right_AccY_Std,0,0,469,0.0010942660400429954,False,False,False
LiftHold_Left_AccY_Std,0,0,469,0.0007777390522748508,False,False,False
LiftHold_Right_AccY_Std,0,0,469,0.0007301214262404936,False,False,False
PointFinger_Left_AccY_Std,0,0,469,0.009707903388575452,False,False,False
PointFinger_Right_AccY_Std,0,0,469,0.008220765730438378,False,False,False
RelaxedTask_Left_AccY_Std,0,0,469,0.005404795745336317,False,False,False
RelaxedTask_Right_AccY_Std,0,0,469,0.004928340985853426,False,False,False
Relaxed_Left_AccY_Std,0,0,469,0.0020145353585001332,False,False,False
Relaxed_Right_AccY_Std,0,0,469,0.0013444633108299457,False,False,False
StretchHold_Left_AccY_Std,0,0,469,0.0007862766952291605,False,False,False
StretchHold_Right_AccY_Std,0,0,469,0.001310002034777109,False,False,False
TouchIndex_Left_AccY_Std,0,0,469,0.003225256365023773,False,False,False
TouchIndex_Right_AccY_Std,0,0,469,0.00322871792655259,False,False,False
TouchNose_Left_AccY_Std,0,0,469,0.012707697002216037,False,False,False
TouchNose_Right_AccY_Std,0,0,469,0.013801401256083201,False,False,False
CrossArms_Left_AccY_Min,0,0,469,0.09720563801751701,False,False,False
CrossArms_Right_AccY_Min,0,0,469,0.0927954372695684,False,False,False
DrinkGlas_Left_AccY_Min,0,0,469,0.22867419917360496,False,False,False
DrinkGlas_Right_AccY_Min,0,0,469,0.25941832221869043,False,False,False
Entrainment_Left_AccY_Min,0,0,469,0.02794304957219109,False,False,False
Entrainment_Right_AccY_Min,0,0,469,0.06816343503317365,False,False,False
HoldWeight_Left_AccY_Min,0,0,469,0.008757675704188811,False,False,False
HoldWeight_Right_AccY_Min,0,0,469,0.012606961941493812,False,False,False
LiftHold_Left_AccY_Min,0,0,469,0.019780515062052403,False,False,False
LiftHold_Right_AccY_Min,0,0,469,0.012918648865987266,False,False,False
PointFinger_Left_AccY_Min,0,0,469,0.34160850877420035,False,False,False
PointFinger_Right_AccY_Min,0,0,469,0.3412957527162851,False,False,False
RelaxedTask_Left_AccY_Min,0,0,469,0.05296941281794644,False,False,False
RelaxedTask_Right_AccY_Min,0,0,469,0.038202863191408504,False,False,False
Relaxed_Left_AccY_Min,0,0,469,0.03726207221686451,False,False,False
Relaxed_Right_AccY_Min,0,0,469,0.022116119661572668,False,False,False
StretchHold_Left_AccY_Min,0,0,469,0.015656093006965802,False,False,False
StretchHold_Right_AccY_Min,0,0,469,0.04761831112290881,False,False,False
TouchIndex_Left_AccY_Min,0,0,469,0.0734464176818624,False,False,False
TouchIndex_Right_AccY_Min,0,0,469,0.11962188016264978,False,False,False
TouchNose_Left_AccY_Min,0,0,469,0.2534104645751368,False,False,False
TouchNose_Right_AccY_Min,0,0,469,0.23648888660753842,False,False,False
CrossArms_Left_AccY_Max,0,0,469,0.11020918333605254,False,False,False
CrossArms_Right_AccY_Max,0,0,469,0.09435548068268043,False,False,False
DrinkGlas_Left_AccY_Max,0,0,469,0.825838119197672,False,False,False
DrinkGlas_Right_AccY_Max,0,0,469,1.23826264296292,False,False,False
Entrainment_Left_AccY_Max,0,0,469,0.0333338160477393,False,False,False
Entrainment_Right_AccY_Max,0,0,469,0.05026556381833552,False,False,False
HoldWeight_Left_AccY_Max,0,0,469,0.013395640758629472,False,False,False
HoldWeight_Right_AccY_Max,0,0,469,0.028282959166707308,False,False,False
LiftHold_Left_AccY_Max,0,0,469,0.02122527766122215,False,False,False
LiftHold_Right_AccY_Max,0,0,469,0.018954427210984413,False,False,False
PointFinger_Left_AccY_Max,0,0,469,0.9977120727159362,False,False,False
PointFinger_Right_AccY_Max,0,0,469,1.2032768478154645,False,False,False
RelaxedTask_Left_AccY_Max,0,0,469,0.09222879275145068,False,False,False
RelaxedTask_Right_AccY_Max,0,0,469,0.08811005152299475,False,False,False
Relaxed_Left_AccY_Max,0,0,469,0.041160237338221786,False,False,False
Relaxed_Right_AccY_Max,0,0,469,0.019431654264077263,False,False,False
StretchHold_Left_AccY_Max,0,0,469,0.015381764425754165,False,False,False
StretchHold_Right_AccY_Max,0,0,469,0.030675018125547168,False,False,False
TouchIndex_Left_AccY_Max,0,0,469,0.07857263811887867,False,False,False
TouchIndex_Right_AccY_Max,0,0,469,0.08490666051684033,False,False,False
TouchNose_Left_AccY_Max,0,0,469,1.3822377018609227,False,False,False
TouchNose_Right_AccY_Max,0,0,469,1.971997902559691,False,False,False
CrossArms_Left_AccY_Range,0,0,469,0.3645350956909315,False,False,False
CrossArms_Right_AccY_Range,0,0,469,0.355338912617839,False,False,False
DrinkGlas_Left_AccY_Range,0,0,469,1.6615934007556474,False,False,False
DrinkGlas_Right_AccY_Range,0,0,469,2.123712460616455,False,False,False
Entrainment_Left_AccY_Range,0,0,469,0.11615183212895452,False,False,False
Entrainment_Right_AccY_Range,0,0,469,0.20886713249948252,False,False,False
HoldWeight_Left_AccY_Range,0,0,469,0.04136139944171754,False,False,False
HoldWeight_Right_AccY_Range,0,0,469,0.06899120693795746,False,False,False
LiftHold_Left_AccY_Range,0,0,469,0.07481389493087828,False,False,False
LiftHold_Right_AccY_Range,0,0,469,0.05652532760158718,False,False,False
PointFinger_Left_AccY_Range,0,0,469,1.9483247390505272,False,False,False
PointFinger_Right_AccY_Range,0,0,469,2.4147159623896233,False,False,False
RelaxedTask_Left_AccY_Range,0,0,469,0.27711172707990694,False,False,False
RelaxedTask_Right_AccY_Range,0,0,469,0.22992377657887564,False,False,False
Relaxed_Left_AccY_Range,0,0,469,0.15251442566593099,False,False,False
Relaxed_Right_AccY_Range,0,0,469,0.07946286879831028,False,False,False
StretchHold_Left_AccY_Range,0,0,469,0.06010215449728835,False,False,False
StretchHold_Right_AccY_Range,0,0,469,0.13999480442826862,False,False,False
TouchIndex_Left_AccY_Range,0,0,469,0.26067852214739534,False,False,False
TouchIndex_Right_AccY_Range,0,0,469,0.3517454383088466,False,False,False
TouchNose_Left_AccY_Range,0,0,469,2.467670369302307,False,False,False
TouchNose_Right_AccY_Range,0,0,469,3.2358587182407477,False,False,False
CrossArms_Left_AccY_IQR,0,0,469,0.0022973051314623006,False,False,False
CrossArms_Right_AccY_IQR,0,0,469,0.006240759119091872,False,False,False
DrinkGlas_Left_AccY_IQR,0,0,469,0.0024062261264079852,False,False,False
DrinkGlas_Right_AccY_IQR,0,0,469,0.0035913983376766466,False,False,False
Entrainment_Left_AccY_IQR,0,0,469,0.0033704407763455995,False,False,False
Entrainment_Right_AccY_IQR,0,0,469,0.003913361175285621,False,False,False
HoldWeight_Left_AccY_IQR,0,0,469,0.000777039319327033,False,False,False
HoldWeight_Right_AccY_IQR,0,0,469,0.0014095175671755191,False,False,False
LiftHold_Left_AccY_IQR,0,0,469,0.0006731036385062842,False,False,False
LiftHold_Right_AccY_IQR,0,0,469,0.0007035353492339275,False,False,False
PointFinger_Left_AccY_IQR,0,0,469,0.009562182396915185,False,False,False
PointFinger_Right_AccY_IQR,0,0,469,0.006750769610864885,False,False,False
RelaxedTask_Left_AccY_IQR,0,0,469,0.0081922016034096,False,False,False
RelaxedTask_Right_AccY_IQR,0,0,469,0.007223149546665062,False,False,False
Relaxed_Left_AccY_IQR,0,0,469,0.002855799530092623,False,False,False
Relaxed_Right_AccY_IQR,0,0,469,0.002493505386415923,False,False,False
StretchHold_Left_AccY_IQR,0,0,469,0.001008531587822311,False,False,False
StretchHold_Right_AccY_IQR,0,0,469,0.0018688272549498871,False,False,False
TouchIndex_Left_AccY_IQR,0,0,469,0.00525830708611746,False,False,False
TouchIndex_Right_AccY_IQR,0,0,469,0.005027893323256242,False,False,False
TouchNose_Left_AccY_IQR,0,0,469,0.011993993253055201,False,False,False
TouchNose_Right_AccY_IQR,0,0,469,0.010297237049934415,False,False,False
CrossArms_Left_AccY_RMS,0,0,469,0.0018110728611942309,False,False,False
CrossArms_Right_AccY_RMS,0,0,469,0.004309124257437506,False,False,False
DrinkGlas_Left_AccY_RMS,0,0,469,0.0036335823632311685,False,False,False
DrinkGlas_Right_AccY_RMS,0,0,469,0.0052760451187952185,False,False,False
Entrainment_Left_AccY_RMS,0,0,469,0.001978126821220756,False,False,False
Entrainment_Right_AccY_RMS,0,0,469,0.0024794552234587044,False,False,False
HoldWeight_Left_AccY_RMS,0,0,469,0.00048115234000838553,False,False,False
HoldWeight_Right_AccY_RMS,0,0,469,0.001093128787734088,False,False,False
LiftHold_Left_AccY_RMS,0,0,469,0.0007769392959740028,False,False,False
LiftHold_Right_AccY_RMS,0,0,469,0.0007293772803205113,False,False,False
PointFinger_Left_AccY_RMS,0,0,469,0.009698000331253837,False,False,False
PointFinger_Right_AccY_RMS,0,0,469,0.008212259592237434,False,False,False
RelaxedTask_Left_AccY_RMS,0,0,469,0.005402101844351002,False,False,False
RelaxedTask_Right_AccY_RMS,0,0,469,0.0049258791605958545,False,False,False
Relaxed_Left_AccY_RMS,0,0,469,0.0020135436616411165,False,False,False
Relaxed_Right_AccY_RMS,0,0,469,0.0013437946845174485,False,False,False
StretchHold_Left_AccY_RMS,0,0,469,0.000785478769432453,False,False,False
StretchHold_Right_AccY_RMS,0,0,469,0.001308673926493558,False,False,False
TouchIndex_Left_AccY_RMS,0,0,469,0.0032220571921980404,False,False,False
TouchIndex_Right_AccY_RMS,0,0,469,0.0032253926833093025,False,False,False
TouchNose_Left_AccY_RMS,0,0,469,0.012694552217244668,False,False,False
TouchNose_Right_AccY_RMS,0,0,469,0.013786968907682462,False,False,False
CrossArms_Left_AccY_Energy,0,0,469,102.606638844391,False,False,False
CrossArms_Right_AccY_Energy,0,0,469,1510.4735650299297,False,False,False
DrinkGlas_Left_AccY_Energy,0,0,469,426.8842993900761,False,False,False
DrinkGlas_Right_AccY_Energy,0,0,469,1757.471458401761,False,False,False
Entrainment_Left_AccY_Energy,0,0,469,595.036521984696,False,False,False
Entrainment_Right_AccY_Energy,0,0,469,1244.1544266502576,False,False,False
HoldWeight_Left_AccY_Energy,0,0,469,8.172524412266378,False,False,False
HoldWeight_Right_AccY_Energy,0,0,469,83.24690181249966,False,False,False
LiftHold_Left_AccY_Energy,0,0,469,37.44681560458307,False,False,False
LiftHold_Right_AccY_Energy,0,0,469,26.278012462540463,False,False,False
PointFinger_Left_AccY_Energy,0,0,469,3303.8027592753983,False,False,False
PointFinger_Right_AccY_Energy,0,0,469,2549.4162780662887,False,False,False
RelaxedTask_Left_AccY_Energy,0,0,469,9094.091519916004,False,False,False
RelaxedTask_Right_AccY_Energy,0,0,469,9420.6467350631,False,False,False
Relaxed_Left_AccY_Energy,0,0,469,1560.2215509555979,False,False,False
Relaxed_Right_AccY_Energy,0,0,469,442.8094963102195,False,False,False
StretchHold_Left_AccY_Energy,0,0,469,24.240052444901725,False,False,False
StretchHold_Right_AccY_Energy,0,0,469,151.14462142174406,False,False,False
TouchIndex_Left_AccY_Energy,0,0,469,327.89898197822595,False,False,False
TouchIndex_Right_AccY_Energy,0,0,469,397.4164961284849,False,False,False
TouchNose_Left_AccY_Energy,0,0,469,10191.75060400608,False,False,False
TouchNose_Right_AccY_Energy,0,0,469,11657.612842253377,False,False,False
CrossArms_Left_AccZ_Mean,0,0,469,1.3594747230004885e-06,False,False,False
CrossArms_Right_AccZ_Mean,0,0,469,1.175390624915249e-06,False,False,False
DrinkGlas_Left_AccZ_Mean,0,0,469,8.197452274412339e-07,False,True,False
DrinkGlas_Right_AccZ_Mean,0,0,469,1.3523593520419973e-06,False,False,False
Entrainment_Left_AccZ_Mean,0,0,469,1.2752609242096123e-07,False,True,False
Entrainment_Right_AccZ_Mean,0,0,469,1.3050247998701774e-07,False,True,False
HoldWeight_Left_AccZ_Mean,0,0,469,1.2575985322054107e-07,False,True,False
HoldWeight_Right_AccZ_Mean,0,0,469,1.2362554980767715e-07,False,True,False
LiftHold_Left_AccZ_Mean,0,0,469,5.961956767798732e-07,False,True,False
LiftHold_Right_AccZ_Mean,0,0,469,5.562394399283922e-07,False,True,False
PointFinger_Left_AccZ_Mean,0,0,469,2.773040698522501e-06,False,False,False
PointFinger_Right_AccZ_Mean,0,0,469,2.460189973862159e-06,False,False,False
RelaxedTask_Left_AccZ_Mean,0,0,469,9.577026758397013e-09,False,True,False
RelaxedTask_Right_AccZ_Mean,0,0,469,9.001531501470408e-09,False,True,False
Relaxed_Left_AccZ_Mean,0,0,469,1.1545050999196137e-08,False,True,False
Relaxed_Right_AccZ_Mean,0,0,469,6.116775087864251e-09,False,True,False
StretchHold_Left_AccZ_Mean,0,0,469,1.379712469607757e-07,False,True,False
StretchHold_Right_AccZ_Mean,0,0,469,1.8973145563233336e-07,False,True,False
TouchIndex_Left_AccZ_Mean,0,0,469,1.8238911492003974e-06,False,False,False
TouchIndex_Right_AccZ_Mean,0,0,469,1.7472282978663072e-06,False,False,False
TouchNose_Left_AccZ_Mean,0,0,469,2.8199050523064044e-06,False,False,False
TouchNose_Right_AccZ_Mean,0,0,469,2.725414774019137e-06,False,False,False
CrossArms_Left_AccZ_Median,0,0,469,3.66523521573893e-06,False,False,False
CrossArms_Right_AccZ_Median,0,0,469,1.3930660105467319e-05,False,False,False
DrinkGlas_Left_AccZ_Median,0,0,469,5.167579633503913e-06,False,False,False
DrinkGlas_Right_AccZ_Median,0,0,469,5.2788305830824255e-06,False,False,False
Entrainment_Left_AccZ_Median,0,0,469,3.4104180912778184e-05,False,False,False
Entrainment_Right_AccZ_Median,0,0,469,4.86296199056184e-05,False,False,False
HoldWeight_Left_AccZ_Median,0,0,469,1.2028419907883772e-05,False,False,False
HoldWeight_Right_AccZ_Median,0,0,469,2.9579049779540803e-05,False,False,False
LiftHold_Left_AccZ_Median,0,0,469,2.315810097791878e-06,False,False,False
LiftHold_Right_AccZ_Median,0,0,469,6.963529151279537e-06,False,False,False
PointFinger_Left_AccZ_Median,0,0,469,0.0007614824082644355,False,False,False
PointFinger_Right_AccZ_Median,0,0,469,0.000614821561903537,False,False,False
RelaxedTask_Left_AccZ_Median,0,0,469,0.0001417593416382863,False,False,False
RelaxedTask_Right_AccZ_Median,0,0,469,4.3226763194805614e-05,False,False,False
Relaxed_Left_AccZ_Median,0,0,469,1.8404908073234566e-05,False,False,False
Relaxed_Right_AccZ_Median,0,0,469,1.3087589404468786e-05,False,False,False
StretchHold_Left_AccZ_Median,0,0,469,4.395779879832829e-06,False,False,False
StretchHold_Right_AccZ_Median,0,0,469,3.997857868859877e-05,False,False,False
TouchIndex_Left_AccZ_Median,0,0,469,0.00011538997575347214,False,False,False
TouchIndex_Right_AccZ_Median,0,0,469,0.00011653296591258553,False,False,False
TouchNose_Left_AccZ_Median,0,0,469,0.0006323030760917581,False,False,False
TouchNose_Right_AccZ_Median,0,0,469,0.0007622140076534571,False,False,False
CrossArms_Left_AccZ_Std,0,0,469,0.002487967495461179,False,False,False
CrossArms_Right_AccZ_Std,0,0,469,0.005289934674335403,False,False,False
DrinkGlas_Left_AccZ_Std,0,0,469,0.0024293189306831436,False,False,False
DrinkGlas_Right_AccZ_Std,0,0,469,0.0032934356722551534,False,False,False
Entrainment_Left_AccZ_Std,0,0,469,0.0020822974399731715,False,False,False
Entrainment_Right_AccZ_Std,0,0,469,0.0020582052543991324,False,False,False
HoldWeight_Left_AccZ_Std,0,0,469,0.0007658275036258355,False,False,False
HoldWeight_Right_AccZ_Std,0,0,469,0.0013792883008893887,False,False,False
LiftHold_Left_AccZ_Std,0,0,469,0.00042823227058598576,False,False,False
LiftHold_Right_AccZ_Std,0,0,469,0.0007539164484826862,False,False,False
PointFinger_Left_AccZ_Std,0,0,469,0.015239090941192655,False,False,False
PointFinger_Right_AccZ_Std,0,0,469,0.012936848481894164,False,False,False
RelaxedTask_Left_AccZ_Std,0,0,469,0.0023374392534393986,False,False,False
RelaxedTask_Right_AccZ_Std,0,0,469,0.002407363356034296,False,False,False
Relaxed_Left_AccZ_Std,0,0,469,0.0012816398275970677,False,False,False
Relaxed_Right_AccZ_Std,0,0,469,0.0009578367520825393,False,False,False
StretchHold_Left_AccZ_Std,0,0,469,0.0004644422707944647,False,False,False
StretchHold_Right_AccZ_Std,0,0,469,0.001454897048648322,False,False,False
TouchIndex_Left_AccZ_Std,0,0,469,0.0028414447883612745,False,False,False
TouchIndex_Right_AccZ_Std,0,0,469,0.0030263974646066267,False,False,False
TouchNose_Left_AccZ_Std,0,0,469,0.015644842828971564,False,False,False
TouchNose_Right_AccZ_Std,0,0,469,0.01612125945597997,False,False,False
CrossArms_Left_AccZ_Min,0,0,469,0.07172501244631796,False,False,False
CrossArms_Right_AccZ_Min,0,0,469,0.06332478908232798,False,False,False
DrinkGlas_Left_AccZ_Min,0,0,469,0.6122093298112854,False,False,False
DrinkGlas_Right_AccZ_Min,0,0,469,0.781897631539466,False,False,False
Entrainment_Left_AccZ_Min,0,0,469,0.031147309668178375,False,False,False
Entrainment_Right_AccZ_Min,0,0,469,0.035741145891428565,False,False,False
HoldWeight_Left_AccZ_Min,0,0,469,0.009644488777209432,False,False,False
HoldWeight_Right_AccZ_Min,0,0,469,0.02086799463054986,False,False,False
LiftHold_Left_AccZ_Min,0,0,469,0.018107895463329804,False,False,False
LiftHold_Right_AccZ_Min,0,0,469,0.015122784880477661,False,False,False
PointFinger_Left_AccZ_Min,0,0,469,1.719559418114055,False,False,False
PointFinger_Right_AccZ_Min,0,0,469,1.8915420654293227,False,False,False
RelaxedTask_Left_AccZ_Min,0,0,469,0.038194796061949844,False,False,False
RelaxedTask_Right_AccZ_Min,0,0,469,0.03888422315413642,False,False,False
Relaxed_Left_AccZ_Min,0,0,469,0.06905585124802727,False,False,False
Relaxed_Right_AccZ_Min,0,0,469,0.01689099208838897,False,False,False
StretchHold_Left_AccZ_Min,0,0,469,0.021479930368307438,False,False,False
StretchHold_Right_AccZ_Min,0,0,469,0.039585498934064565,False,False,False
TouchIndex_Left_AccZ_Min,0,0,469,0.08978020438613385,False,False,False
TouchIndex_Right_AccZ_Min,0,0,469,0.08779194642488006,False,False,False
TouchNose_Left_AccZ_Min,0,0,469,1.270931151211484,False,False,False
TouchNose_Right_AccZ_Min,0,0,469,1.4155261413138793,False,False,False
CrossArms_Left_AccZ_Max,0,0,469,0.04402803539339729,False,False,False
CrossArms_Right_AccZ_Max,0,0,469,0.11696650657122802,False,False,False
DrinkGlas_Left_AccZ_Max,0,0,469,0.06071115802782995,False,False,False
DrinkGlas_Right_AccZ_Max,0,0,469,0.05377409204006364,False,False,False
Entrainment_Left_AccZ_Max,0,0,469,0.026283004335628888,False,False,False
Entrainment_Right_AccZ_Max,0,0,469,0.032430390504427184,False,False,False
HoldWeight_Left_AccZ_Max,0,0,469,0.008106860517140282,False,False,False
HoldWeight_Right_AccZ_Max,0,0,469,0.014004101057410772,False,False,False
LiftHold_Left_AccZ_Max,0,0,469,0.009405515939804059,False,False,False
LiftHold_Right_AccZ_Max,0,0,469,0.016341646424048468,False,False,False
PointFinger_Left_AccZ_Max,0,0,469,0.07808953660861624,False,False,False
PointFinger_Right_AccZ_Max,0,0,469,0.07289241830938628,False,False,False
RelaxedTask_Left_AccZ_Max,0,0,469,0.020573540470253927,False,False,False
RelaxedTask_Right_AccZ_Max,0,0,469,0.021347109725113,False,False,False
Relaxed_Left_AccZ_Max,0,0,469,0.01502641080689323,False,False,False
Relaxed_Right_AccZ_Max,0,0,469,0.008783086986821906,False,False,False
StretchHold_Left_AccZ_Max,0,0,469,0.007588653583718944,False,False,False
StretchHold_Right_AccZ_Max,0,0,469,0.015199830912897113,False,False,False
TouchIndex_Left_AccZ_Max,0,0,469,0.04708315712190432,False,False,False
TouchIndex_Right_AccZ_Max,0,0,469,0.03684955472782886,False,False,False
TouchNose_Left_AccZ_Max,0,0,469,0.17356204008450815,False,False,False
TouchNose_Right_AccZ_Max,0,0,469,0.15865078442500222,False,False,False
CrossArms_Left_AccZ_Range,0,0,469,0.19830601773157625,False,False,False
CrossArms_Right_AccZ_Range,0,0,469,0.32238106193490773,False,False,False
DrinkGlas_Left_AccZ_Range,0,0,469,0.9357678774148698,False,False,False
DrinkGlas_Right_AccZ_Range,0,0,469,1.0888627362261103,False,False,False
Entrainment_Left_AccZ_Range,0,0,469,0.10625315961516107,False,False,False
Entrainment_Right_AccZ_Range,0,0,469,0.1199802481475027,False,False,False
HoldWeight_Left_AccZ_Range,0,0,469,0.03392414649151046,False,False,False
HoldWeight_Right_AccZ_Range,0,0,469,0.06580004998701595,False,False,False
LiftHold_Left_AccZ_Range,0,0,469,0.048771308275832516,False,False,False
LiftHold_Right_AccZ_Range,0,0,469,0.05699378966754573,False,False,False
PointFinger_Left_AccZ_Range,0,0,469,2.3461387890408107,False,False,False
PointFinger_Right_AccZ_Range,0,0,469,2.5291509582047955,False,False,False
RelaxedTask_Left_AccZ_Range,0,0,469,0.11198098450216387,False,False,False
RelaxedTask_Right_AccZ_Range,0,0,469,0.11475297295430371,False,False,False
Relaxed_Left_AccZ_Range,0,0,469,0.14069830725676918,False,False,False
Relaxed_Right_AccZ_Range,0,0,469,0.04856974456052263,False,False,False
StretchHold_Left_AccZ_Range,0,0,469,0.051504605895000784,False,False,False
StretchHold_Right_AccZ_Range,0,0,469,0.09862533884603127,False,False,False
TouchIndex_Left_AccZ_Range,0,0,469,0.20611941902997183,False,False,False
TouchIndex_Right_AccZ_Range,0,0,469,0.19341916216027918,False,False,False
TouchNose_Left_AccZ_Range,0,0,469,1.900735771087211,False,False,False
TouchNose_Right_AccZ_Range,0,0,469,1.9629214264806882,False,False,False
CrossArms_Left_AccZ_IQR,0,0,469,0.0028944438755526603,False,False,False
CrossArms_Right_AccZ_IQR,0,0,469,0.006110238791345059,False,False,False
DrinkGlas_Left_AccZ_IQR,0,0,469,0.0020309907872966375,False,False,False
DrinkGlas_Right_AccZ_IQR,0,0,469,0.0019169173054177661,False,False,False
Entrainment_Left_AccZ_IQR,0,0,469,0.0034699938841033207,False,False,False
Entrainment_Right_AccZ_IQR,0,0,469,0.003846469422718025,False,False,False
HoldWeight_Left_AccZ_IQR,0,0,469,0.0016124510748030116,False,False,False
HoldWeight_Right_AccZ_IQR,0,0,469,0.002248725213282752,False,False,False
LiftHold_Left_AccZ_IQR,0,0,469,0.0003306291175115455,False,False,False
LiftHold_Right_AccZ_IQR,0,0,469,0.0008420523729394383,False,False,False
PointFinger_Left_AccZ_IQR,0,0,469,0.011169499272739457,False,False,False
PointFinger_Right_AccZ_IQR,0,0,469,0.010312063316200293,False,False,False
RelaxedTask_Left_AccZ_IQR,0,0,469,0.004394345015070128,False,False,False
RelaxedTask_Right_AccZ_IQR,0,0,469,0.0036324012122382443,False,False,False
Relaxed_Left_AccZ_IQR,0,0,469,0.0012268271434946595,False,False,False
Relaxed_Right_AccZ_IQR,0,0,469,0.0017501416196194078,False,False,False
StretchHold_Left_AccZ_IQR,0,0,469,0.000506061566018945,False,False,False
StretchHold_Right_AccZ_IQR,0,0,469,0.0024134056135285058,False,False,False
TouchIndex_Left_AccZ_IQR,0,0,469,0.005245240311967205,False,False,False
TouchIndex_Right_AccZ_IQR,0,0,469,0.005754871835076481,False,False,False
TouchNose_Left_AccZ_IQR,0,0,469,0.017723811386435917,False,False,False
TouchNose_Right_AccZ_IQR,0,0,469,0.017709665831657433,False,False,False
CrossArms_Left_AccZ_RMS,0,0,469,0.0024852228145069264,False,False,False
CrossArms_Right_AccZ_RMS,0,0,469,0.005284261378971908,False,False,False
DrinkGlas_Left_AccZ_RMS,0,0,469,0.0024266752895001032,False,False,False
DrinkGlas_Right_AccZ_RMS,0,0,469,0.0032899718899698184,False,False,False
Entrainment_Left_AccZ_RMS,0,0,469,0.002081241037991296,False,False,False
Entrainment_Right_AccZ_RMS,0,0,469,0.002057170907846801,False,False,False
HoldWeight_Left_AccZ_RMS,0,0,469,0.0007650403496428426,False,False,False
HoldWeight_Right_AccZ_RMS,0,0,469,0.001377884437077217,False,False,False
LiftHold_Left_AccZ_RMS,0,0,469,0.00042779930586973907,False,False,False
LiftHold_Right_AccZ_RMS,0,0,469,0.0007531175959340565,False,False,False
PointFinger_Left_AccZ_RMS,0,0,469,0.015223564334916048,False,False,False
PointFinger_Right_AccZ_RMS,0,0,469,0.012923680756647255,False,False,False
RelaxedTask_Left_AccZ_RMS,0,0,469,0.0023362720335418675,False,False,False
RelaxedTask_Right_AccZ_RMS,0,0,469,0.002406160196022837,False,False,False
Relaxed_Left_AccZ_RMS,0,0,469,0.001281002829475247,False,False,False
Relaxed_Right_AccZ_RMS,0,0,469,0.0009573552806720219,False,False,False
StretchHold_Left_AccZ_RMS,0,0,469,0.000464006915000422,False,False,False
StretchHold_Right_AccZ_RMS,0,0,469,0.0014534612851570966,False,False,False
TouchIndex_Left_AccZ_RMS,0,0,469,0.0028385513375888028,False,False,False
TouchIndex_Right_AccZ_RMS,0,0,469,0.0030232928750890307,False,False,False
TouchNose_Left_AccZ_RMS,0,0,469,0.015628995136715715,False,False,False
TouchNose_Right_AccZ_RMS,0,0,469,0.01610457445149092,False,False,False
CrossArms_Left_AccZ_Energy,0,0,469,982.9704810513043,False,False,False
CrossArms_Right_AccZ_Energy,0,0,469,4417.604933876131,False,False,False
DrinkGlas_Left_AccZ_Energy,0,0,469,203.20479752513748,False,False,False
DrinkGlas_Right_AccZ_Energy,0,0,469,514.9597432331965,False,False,False
Entrainment_Left_AccZ_Energy,0,0,469,477.7539719895892,False,False,False
Entrainment_Right_AccZ_Energy,0,0,469,716.0555534917808,False,False,False
HoldWeight_Left_AccZ_Energy,0,0,469,36.46644057383094,False,False,False
HoldWeight_Right_AccZ_Energy,0,0,469,144.3567830977915,False,False,False
LiftHold_Left_AccZ_Energy,0,0,469,10.37120195343682,False,False,False
LiftHold_Right_AccZ_Energy,0,0,469,52.26116334792327,False,False,False
PointFinger_Left_AccZ_Energy,0,0,469,7371.034654890193,False,False,False
PointFinger_Right_AccZ_Energy,0,0,469,4614.277194483979,False,False,False
RelaxedTask_Left_AccZ_Energy,0,0,469,2802.960425664514,False,False,False
RelaxedTask_Right_AccZ_Energy,0,0,469,2440.877826449778,False,False,False
Relaxed_Left_AccZ_Energy,0,0,469,1068.947735129381,False,False,False
Relaxed_Right_AccZ_Energy,0,0,469,325.9870175443616,False,False,False
StretchHold_Left_AccZ_Energy,0,0,469,8.963019736126766,False,False,False
StretchHold_Right_AccZ_Energy,0,0,469,184.92546645371462,False,False,False
TouchIndex_Left_AccZ_Energy,0,0,469,263.44063206810796,False,False,False
TouchIndex_Right_AccZ_Energy,0,0,469,358.23335373349266,False,False,False
TouchNose_Left_AccZ_Energy,0,0,469,7898.6391580827485,False,False,False
TouchNose_Right_AccZ_Energy,0,0,469,8046.426511552451,False,False,False
CrossArms_Left_GyroX_Mean,0,0,469,0.004842021738628681,False,False,False
CrossArms_Right_GyroX_Mean,0,0,469,0.005214718423722748,False,False,False
DrinkGlas_Left_GyroX_Mean,0,0,469,0.00370713029231434,False,False,False
DrinkGlas_Right_GyroX_Mean,0,0,469,0.0031463869750250457,False,False,False
Entrainment_Left_GyroX_Mean,0,0,469,0.00034850334116805204,False,False,False
Entrainment_Right_GyroX_Mean,0,0,469,0.0003647821855211853,False,False,False
HoldWeight_Left_GyroX_Mean,0,0,469,0.00020717214566059436,False,False,False
HoldWeight_Right_GyroX_Mean,0,0,469,0.0001316161398537033,False,False,False
LiftHold_Left_GyroX_Mean,0,0,469,0.0017954987906821792,False,False,False
LiftHold_Right_GyroX_Mean,0,0,469,0.0013722902518437516,False,False,False
PointFinger_Left_GyroX_Mean,0,0,469,0.00128779864973746,False,False,False
PointFinger_Right_GyroX_Mean,0,0,469,0.001000261920586316,False,False,False
RelaxedTask_Left_GyroX_Mean,0,0,469,1.9297682010683936e-05,False,False,False
RelaxedTask_Right_GyroX_Mean,0,0,469,2.432402162805262e-05,False,False,False
Relaxed_Left_GyroX_Mean,0,0,469,6.358446405606455e-05,False,False,False
Relaxed_Right_GyroX_Mean,0,0,469,2.1486496589787256e-05,False,False,False
StretchHold_Left_GyroX_Mean,0,0,469,0.0001286097114218903,False,False,False
StretchHold_Right_GyroX_Mean,0,0,469,0.0001780963179037667,False,False,False
TouchIndex_Left_GyroX_Mean,0,0,469,0.006301261477796229,False,False,False
TouchIndex_Right_GyroX_Mean,0,0,469,0.005891724762539922,False,False,False
TouchNose_Left_GyroX_Mean,0,0,469,0.007771477656556414,False,False,False
TouchNose_Right_GyroX_Mean,0,0,469,0.0059573010796360425,False,False,False
CrossArms_Left_GyroX_Median,0,0,469,0.0005281057243979915,False,False,False
CrossArms_Right_GyroX_Median,0,0,469,0.001047538936686054,False,False,False
DrinkGlas_Left_GyroX_Median,0,0,469,0.0031267227467160845,False,False,False
DrinkGlas_Right_GyroX_Median,0,0,469,0.0028754471302553887,False,False,False
Entrainment_Left_GyroX_Median,0,0,469,0.00024266171398460356,False,False,False
Entrainment_Right_GyroX_Median,0,0,469,0.0004071780842023001,False,False,False
HoldWeight_Left_GyroX_Median,0,0,469,0.0001156947115295553,False,False,False
HoldWeight_Right_GyroX_Median,0,0,469,0.00017527198311220198,False,False,False
LiftHold_Left_GyroX_Median,0,0,469,0.0003167833427590664,False,False,False
LiftHold_Right_GyroX_Median,0,0,469,0.0003955636580877618,False,False,False
PointFinger_Left_GyroX_Median,0,0,469,0.006790763412744047,False,False,False
PointFinger_Right_GyroX_Median,0,0,469,0.005186203283462652,False,False,False
RelaxedTask_Left_GyroX_Median,0,0,469,0.0008359129643329018,False,False,False
RelaxedTask_Right_GyroX_Median,0,0,469,0.0041444397020760325,False,False,False
Relaxed_Left_GyroX_Median,0,0,469,0.0001800886040006925,False,False,False
Relaxed_Right_GyroX_Median,0,0,469,0.0016744573927044474,False,False,False
StretchHold_Left_GyroX_Median,0,0,469,0.00019298634401284054,False,False,False
StretchHold_Right_GyroX_Median,0,0,469,0.0003867807138703223,False,False,False
TouchIndex_Left_GyroX_Median,0,0,469,0.007752428230987134,False,False,False
TouchIndex_Right_GyroX_Median,0,0,469,0.009721794126370932,False,False,False
TouchNose_Left_GyroX_Median,0,0,469,0.05659504339473094,False,False,False
TouchNose_Right_GyroX_Median,0,0,469,0.04123423452137786,False,False,False
CrossArms_Left_GyroX_Std,0,0,469,0.06562596697222564,False,False,False
CrossArms_Right_GyroX_Std,0,0,469,0.11229101914146267,False,False,False
DrinkGlas_Left_GyroX_Std,0,0,469,0.1338274963327124,False,False,False
DrinkGlas_Right_GyroX_Std,0,0,469,0.1665275106136033,False,False,False
Entrainment_Left_GyroX_Std,0,0,469,0.0813254155248049,False,False,False
Entrainment_Right_GyroX_Std,0,0,469,0.11579592535186622,False,False,False
HoldWeight_Left_GyroX_Std,0,0,469,0.050146989398673195,False,False,False
HoldWeight_Right_GyroX_Std,0,0,469,0.04771929859791295,False,False,False
LiftHold_Left_GyroX_Std,0,0,469,0.03093552948419227,False,False,False
LiftHold_Right_GyroX_Std,0,0,469,0.03609489067533181,False,False,False
PointFinger_Left_GyroX_Std,0,0,469,0.14788145098935052,False,False,False
PointFinger_Right_GyroX_Std,0,0,469,0.140573367326741,False,False,False
RelaxedTask_Left_GyroX_Std,0,0,469,0.11143189744162564,False,False,False
RelaxedTask_Right_GyroX_Std,0,0,469,0.1920675587459932,False,False,False
Relaxed_Left_GyroX_Std,0,0,469,0.04066347142595818,False,False,False
Relaxed_Right_GyroX_Std,0,0,469,0.08308427803888034,False,False,False
StretchHold_Left_GyroX_Std,0,0,469,0.027437708045900143,False,False,False
StretchHold_Right_GyroX_Std,0,0,469,0.04806842676762369,False,False,False
TouchIndex_Left_GyroX_Std,0,0,469,0.16567211198081586,False,False,False
TouchIndex_Right_GyroX_Std,0,0,469,0.16956831876015124,False,False,False
TouchNose_Left_GyroX_Std,0,0,469,1.0527010719707501,False,False,False
TouchNose_Right_GyroX_Std,0,0,469,1.009256602462778,False,False,False
CrossArms_Left_GyroX_Min,0,0,469,1.6801108420229156,False,False,False
CrossArms_Right_GyroX_Min,0,0,469,2.522644934915693,False,False,False
DrinkGlas_Left_GyroX_Min,0,0,469,2.8729677497538697,False,False,False
DrinkGlas_Right_GyroX_Min,0,0,469,3.8516162059308363,False,False,False
Entrainment_Left_GyroX_Min,0,0,469,2.900612188044475,False,False,False
Entrainment_Right_GyroX_Min,0,0,469,3.0392575617258393,False,False,False
HoldWeight_Left_GyroX_Min,0,0,469,0.4586818880846798,False,False,False
HoldWeight_Right_GyroX_Min,0,0,469,0.3901972347034401,False,False,False
LiftHold_Left_GyroX_Min,0,0,469,0.8312529877077856,False,False,False
LiftHold_Right_GyroX_Min,0,0,469,0.8792964656101827,False,False,False
PointFinger_Left_GyroX_Min,0,0,469,3.428574206361357,False,False,False
PointFinger_Right_GyroX_Min,0,0,469,2.705532112077881,False,False,False
RelaxedTask_Left_GyroX_Min,0,0,469,1.0314096454831274,False,False,False
RelaxedTask_Right_GyroX_Min,0,0,469,1.206005362672462,False,False,False
Relaxed_Left_GyroX_Min,0,0,469,1.098890760534989,False,False,False
Relaxed_Right_GyroX_Min,0,0,469,0.6676356027848429,False,False,False
StretchHold_Left_GyroX_Min,0,0,469,0.36381560495611676,False,False,False
StretchHold_Right_GyroX_Min,0,0,469,0.6258091678894607,False,False,False
TouchIndex_Left_GyroX_Min,0,0,469,2.663322367508074,False,False,False
TouchIndex_Right_GyroX_Min,0,0,469,2.4782716937925864,False,False,False
TouchNose_Left_GyroX_Min,0,0,469,7.152553659398383,False,False,False
TouchNose_Right_GyroX_Min,0,0,469,6.300052254572722,False,False,False
CrossArms_Left_GyroX_Max,0,0,469,2.148700712590669,False,False,False
CrossArms_Right_GyroX_Max,0,0,469,2.4061191820588173,False,False,False
DrinkGlas_Left_GyroX_Max,0,0,469,5.932866743485929,False,False,False
DrinkGlas_Right_GyroX_Max,0,0,469,6.116272868474617,False,False,False
Entrainment_Left_GyroX_Max,0,0,469,1.0456276659472672,False,False,False
Entrainment_Right_GyroX_Max,0,0,469,1.7495160597344803,False,False,False
HoldWeight_Left_GyroX_Max,0,0,469,0.39089146655025153,False,False,False
HoldWeight_Right_GyroX_Max,0,0,469,0.39366399762130067,False,False,False
LiftHold_Left_GyroX_Max,0,0,469,0.7884622413357708,False,False,False
LiftHold_Right_GyroX_Max,0,0,469,0.88042619132481,False,False,False
PointFinger_Left_GyroX_Max,0,0,469,2.178370701698615,False,False,False
PointFinger_Right_GyroX_Max,0,0,469,2.4076890197680227,False,False,False
RelaxedTask_Left_GyroX_Max,0,0,469,1.5295474396548752,False,False,False
RelaxedTask_Right_GyroX_Max,0,0,469,1.5235360749568962,False,False,False
Relaxed_Left_GyroX_Max,0,0,469,1.2232826358877558,False,False,False
Relaxed_Right_GyroX_Max,0,0,469,0.7111395039379778,False,False,False
StretchHold_Left_GyroX_Max,0,0,469,0.7128355220718262,False,False,False
StretchHold_Right_GyroX_Max,0,0,469,0.5074544695580504,False,False,False
TouchIndex_Left_GyroX_Max,0,0,469,2.5197772568179237,False,False,False
TouchIndex_Right_GyroX_Max,0,0,469,2.86432097084923,False,False,False
TouchNose_Left_GyroX_Max,0,0,469,10.33513945140445,False,False,False
TouchNose_Right_GyroX_Max,0,0,469,9.443932821417928,False,False,False
CrossArms_Left_GyroX_Range,0,0,469,5.702847040346779,False,False,False
CrossArms_Right_GyroX_Range,0,0,469,7.902852623393383,False,False,False
DrinkGlas_Left_GyroX_Range,0,0,469,13.932376132308393,False,False,False
DrinkGlas_Right_GyroX_Range,0,0,469,15.67709026195623,False,False,False
Entrainment_Left_GyroX_Range,0,0,469,6.283657663081455,False,False,False
Entrainment_Right_GyroX_Range,0,0,469,8.185888658196673,False,False,False
HoldWeight_Left_GyroX_Range,0,0,469,1.5880628381684163,False,False,False
HoldWeight_Right_GyroX_Range,0,0,469,1.5034511439476923,False,False,False
LiftHold_Left_GyroX_Range,0,0,469,2.763892744274392,False,False,False
LiftHold_Right_GyroX_Range,0,0,469,2.828554313284395,False,False,False
PointFinger_Left_GyroX_Range,0,0,469,8.693151248531747,False,False,False
PointFinger_Right_GyroX_Range,0,0,469,8.690707057679319,False,False,False
RelaxedTask_Left_GyroX_Range,0,0,469,4.815515234410527,False,False,False
RelaxedTask_Right_GyroX_Range,0,0,469,5.2685917320667786,False,False,False
Relaxed_Left_GyroX_Range,0,0,469,4.278499860293412,False,False,False
Relaxed_Right_GyroX_Range,0,0,469,2.6731262496147905,False,False,False
StretchHold_Left_GyroX_Range,0,0,469,2.004412021095157,False,False,False
StretchHold_Right_GyroX_Range,0,0,469,2.162314651213006,False,False,False
TouchIndex_Left_GyroX_Range,0,0,469,8.63917601924675,False,False,False
TouchIndex_Right_GyroX_Range,0,0,469,8.8826342803405,False,False,False
TouchNose_Left_GyroX_Range,0,0,469,29.175568790750322,False,False,False
TouchNose_Right_GyroX_Range,0,0,469,26.334142514623434,False,False,False
CrossArms_Left_GyroX_IQR,0,0,469,0.07610074253514244,False,False,False
CrossArms_Right_GyroX_IQR,0,0,469,0.11835925750240309,False,False,False
DrinkGlas_Left_GyroX_IQR,0,0,469,0.11409936994976473,False,False,False
DrinkGlas_Right_GyroX_IQR,0,0,469,0.19694216906611994,False,False,False
Entrainment_Left_GyroX_IQR,0,0,469,0.10329168701271625,False,False,False
Entrainment_Right_GyroX_IQR,0,0,469,0.16491439583840412,False,False,False
HoldWeight_Left_GyroX_IQR,0,0,469,0.10465901663510922,False,False,False
HoldWeight_Right_GyroX_IQR,0,0,469,0.10643994462275568,False,False,False
LiftHold_Left_GyroX_IQR,0,0,469,0.0337881660859536,False,False,False
LiftHold_Right_GyroX_IQR,0,0,469,0.032103167940131364,False,False,False
PointFinger_Left_GyroX_IQR,0,0,469,0.2769417840607962,False,False,False
PointFinger_Right_GyroX_IQR,0,0,469,0.21250935589036152,False,False,False
RelaxedTask_Left_GyroX_IQR,0,0,469,0.20973104227837866,False,False,False
RelaxedTask_Right_GyroX_IQR,0,0,469,0.4656061269527569,False,False,False
Relaxed_Left_GyroX_IQR,0,0,469,0.05010608524287675,False,False,False
Relaxed_Right_GyroX_IQR,0,0,469,0.24028840307225424,False,False,False
StretchHold_Left_GyroX_IQR,0,0,469,0.040669948396697936,False,False,False
StretchHold_Right_GyroX_IQR,0,0,469,0.0914911762478333,False,False,False
TouchIndex_Left_GyroX_IQR,0,0,469,0.22645558990452783,False,False,False
TouchIndex_Right_GyroX_IQR,0,0,469,0.18985693135838974,False,False,False
TouchNose_Left_GyroX_IQR,0,0,469,1.2279172923434774,False,False,False
TouchNose_Right_GyroX_IQR,0,0,469,1.2472984434454624,False,False,False
CrossArms_Left_GyroX_RMS,0,0,469,0.0665766898597392,False,False,False
CrossArms_Right_GyroX_RMS,0,0,469,0.11298037460378112,False,False,False
DrinkGlas_Left_GyroX_RMS,0,0,469,0.1328132970171514,False,False,False
DrinkGlas_Right_GyroX_RMS,0,0,469,0.1654270191528851,False,False,False
Entrainment_Left_GyroX_RMS,0,0,469,0.08141226164995233,False,False,False
Entrainment_Right_GyroX_RMS,0,0,469,0.11589693861718688,False,False,False
HoldWeight_Left_GyroX_RMS,0,0,469,0.05020024765257821,False,False,False
HoldWeight_Right_GyroX_RMS,0,0,469,0.047731813530999416,False,False,False
LiftHold_Left_GyroX_RMS,0,0,469,0.03088931587561572,False,False,False
LiftHold_Right_GyroX_RMS,0,0,469,0.035873676597440514,False,False,False
PointFinger_Left_GyroX_RMS,0,0,469,0.14784617298481412,False,False,False
PointFinger_Right_GyroX_RMS,0,0,469,0.14044704565591287,False,False,False
RelaxedTask_Left_GyroX_RMS,0,0,469,0.11137495512706605,False,False,False
RelaxedTask_Right_GyroX_RMS,0,0,469,0.19197252091342992,False,False,False
Relaxed_Left_GyroX_RMS,0,0,469,0.04069048423983436,False,False,False
Relaxed_Right_GyroX_RMS,0,0,469,0.08304967163421428,False,False,False
StretchHold_Left_GyroX_RMS,0,0,469,0.027455374721437574,False,False,False
StretchHold_Right_GyroX_RMS,0,0,469,0.04809512853328031,False,False,False
TouchIndex_Left_GyroX_RMS,0,0,469,0.16598621727102614,False,False,False
TouchIndex_Right_GyroX_RMS,0,0,469,0.16996958424084846,False,False,False
TouchNose_Left_GyroX_RMS,0,0,469,1.0508061517702323,False,False,False
TouchNose_Right_GyroX_RMS,0,0,469,1.0077643513760297,False,False,False
CrossArms_Left_GyroX_Energy,0,0,469,131810.1778852796,False,False,False
CrossArms_Right_GyroX_Energy,0,0,469,560323.744091147,False,False,False
DrinkGlas_Left_GyroX_Energy,0,0,469,650924.5254097965,False,False,False
DrinkGlas_Right_GyroX_Energy,0,0,469,1294041.2622943174,False,False,False
Entrainment_Left_GyroX_Energy,0,0,469,1151689.5814507431,False,False,False
Entrainment_Right_GyroX_Energy,0,0,469,7600022.05467814,False,False,False
HoldWeight_Left_GyroX_Energy,0,0,469,151419.47726179942,False,False,False
HoldWeight_Right_GyroX_Energy,0,0,469,125168.06694539281,False,False,False
LiftHold_Left_GyroX_Energy,0,0,469,43580.36110117684,False,False,False
LiftHold_Right_GyroX_Energy,0,0,469,48082.17991668857,False,False,False
PointFinger_Left_GyroX_Energy,0,0,469,682509.6949523563,False,False,False
PointFinger_Right_GyroX_Energy,0,0,469,662531.9433394232,False,False,False
RelaxedTask_Left_GyroX_Energy,0,0,469,2976758.400342412,False,False,False
RelaxedTask_Right_GyroX_Energy,0,0,469,10553841.659890585,False,False,False
Relaxed_Left_GyroX_Energy,0,0,469,287792.8129095829,False,False,False
Relaxed_Right_GyroX_Energy,0,0,469,2611228.2822909174,False,False,False
StretchHold_Left_GyroX_Energy,0,0,469,34381.46371539037,False,False,False
StretchHold_Right_GyroX_Energy,0,0,469,200523.17201304057,False,False,False
TouchIndex_Left_GyroX_Energy,0,0,469,889387.1215793974,False,False,False
TouchIndex_Right_GyroX_Energy,0,0,469,929927.8266265877,False,False,False
TouchNose_Left_GyroX_Energy,0,0,469,26689980.28887498,False,False,False
TouchNose_Right_GyroX_Energy,0,0,469,25182230.432504166,False,False,False
CrossArms_Left_GyroY_Mean,0,0,469,0.008273848362800484,False,False,False
CrossArms_Right_GyroY_Mean,0,0,469,0.008282150959277552,False,False,False
DrinkGlas_Left_GyroY_Mean,0,0,469,0.0018379149470282045,False,False,False
DrinkGlas_Right_GyroY_Mean,0,0,469,0.002136686184326432,False,False,False
Entrainment_Left_GyroY_Mean,0,0,469,0.00010457138443440347,False,False,False
Entrainment_Right_GyroY_Mean,0,0,469,0.00012498142877450413,False,False,False
HoldWeight_Left_GyroY_Mean,0,0,469,0.00024599282900040966,False,False,False
HoldWeight_Right_GyroY_Mean,0,0,469,6.161817606656715e-05,False,False,False
LiftHold_Left_GyroY_Mean,0,0,469,0.0036021203824492787,False,False,False
LiftHold_Right_GyroY_Mean,0,0,469,0.002858456919645064,False,False,False
PointFinger_Left_GyroY_Mean,0,0,469,0.0026927325493914856,False,False,False
PointFinger_Right_GyroY_Mean,0,0,469,0.003255637920284788,False,False,False
RelaxedTask_Left_GyroY_Mean,0,0,469,3.348987646996647e-05,False,False,False
RelaxedTask_Right_GyroY_Mean,0,0,469,3.282687088077721e-05,False,False,False
Relaxed_Left_GyroY_Mean,0,0,469,1.0809624498170191e-05,False,False,False
Relaxed_Right_GyroY_Mean,0,0,469,6.742422440501004e-06,False,False,False
StretchHold_Left_GyroY_Mean,0,0,469,0.00010576393033105412,False,False,False
StretchHold_Right_GyroY_Mean,0,0,469,9.794602857596737e-05,False,False,False
TouchIndex_Left_GyroY_Mean,0,0,469,0.01627299547820127,False,False,False
TouchIndex_Right_GyroY_Mean,0,0,469,0.015308740642780922,False,False,False
TouchNose_Left_GyroY_Mean,0,0,469,0.08216508413010365,False,False,False
TouchNose_Right_GyroY_Mean,0,0,469,0.07453999801754826,False,False,False
CrossArms_Left_GyroY_Median,0,0,469,0.0004496202453619371,False,False,False
CrossArms_Right_GyroY_Median,0,0,469,0.00035701657788738035,False,False,False
DrinkGlas_Left_GyroY_Median,0,0,469,0.0005619334802080711,False,False,False
DrinkGlas_Right_GyroY_Median,0,0,469,0.0006097839889613942,False,False,False
Entrainment_Left_GyroY_Median,0,0,469,0.00029380485673221864,False,False,False
Entrainment_Right_GyroY_Median,0,0,469,0.00022193361794439623,False,False,False
HoldWeight_Left_GyroY_Median,0,0,469,3.2515242616955405e-05,False,False,False
HoldWeight_Right_GyroY_Median,0,0,469,3.1433697327104163e-05,False,False,False
LiftHold_Left_GyroY_Median,0,0,469,0.0003303590435240535,False,False,False
LiftHold_Right_GyroY_Median,0,0,469,0.00037598997276618365,False,False,False
PointFinger_Left_GyroY_Median,0,0,469,0.006905766413311165,False,False,False
PointFinger_Right_GyroY_Median,0,0,469,0.006758885943299584,False,False,False
RelaxedTask_Left_GyroY_Median,0,0,469,0.00021501378217812594,False,False,False
RelaxedTask_Right_GyroY_Median,0,0,469,0.0007335294335005226,False,False,False
Relaxed_Left_GyroY_Median,0,0,469,0.00023261599518532687,False,False,False
Relaxed_Right_GyroY_Median,0,0,469,0.00010712124772137777,False,False,False
StretchHold_Left_GyroY_Median,0,0,469,2.8482148301346748e-05,False,False,False
StretchHold_Right_GyroY_Median,0,0,469,0.00018845445993133768,False,False,False
TouchIndex_Left_GyroY_Median,0,0,469,0.02031951712650917,False,False,False
TouchIndex_Right_GyroY_Median,0,0,469,0.0191280717534698,False,False,False
TouchNose_Left_GyroY_Median,0,0,469,0.07286304388321842,False,False,False
TouchNose_Right_GyroY_Median,0,0,469,0.07552718497950046,False,False,False
CrossArms_Left_GyroY_Std,0,0,469,0.07137829569005591,False,False,False
CrossArms_Right_GyroY_Std,0,0,469,0.08459597811268763,False,False,False
DrinkGlas_Left_GyroY_Std,0,0,469,0.03482368618251114,False,False,False
DrinkGlas_Right_GyroY_Std,0,0,469,0.043149996093809095,False,False,False
Entrainment_Left_GyroY_Std,0,0,469,0.02217481127743607,False,False,False
Entrainment_Right_GyroY_Std,0,0,469,0.027765372807341634,False,False,False
HoldWeight_Left_GyroY_Std,0,0,469,0.005213402083184906,False,False,False
HoldWeight_Right_GyroY_Std,0,0,469,0.006552831223927072,False,False,False
LiftHold_Left_GyroY_Std,0,0,469,0.015659467937153355,False,False,False
LiftHold_Right_GyroY_Std,0,0,469,0.016326059444065646,False,False,False
PointFinger_Left_GyroY_Std,0,0,469,0.3303696857274966,False,False,False
PointFinger_Right_GyroY_Std,0,0,469,0.280338558049195,False,False,False
RelaxedTask_Left_GyroY_Std,0,0,469,0.03032253819566144,False,False,False
RelaxedTask_Right_GyroY_Std,0,0,469,0.05761377330222953,False,False,False
Relaxed_Left_GyroY_Std,0,0,469,0.01828014535196544,False,False,False
Relaxed_Right_GyroY_Std,0,0,469,0.04663507569236568,False,False,False
StretchHold_Left_GyroY_Std,0,0,469,0.008475337259702674,False,False,False
StretchHold_Right_GyroY_Std,0,0,469,0.01716898079633536,False,False,False
TouchIndex_Left_GyroY_Std,0,0,469,0.47546645133627224,False,False,False
TouchIndex_Right_GyroY_Std,0,0,469,0.413488238220884,False,False,False
TouchNose_Left_GyroY_Std,0,0,469,0.34537942496045865,False,False,False
TouchNose_Right_GyroY_Std,0,0,469,0.23824656995116575,False,False,False
CrossArms_Left_GyroY_Min,0,0,469,1.2666559273227955,False,False,False
CrossArms_Right_GyroY_Min,0,0,469,1.1823902833801625,False,False,False
DrinkGlas_Left_GyroY_Min,0,0,469,0.8665229200477494,False,False,False
DrinkGlas_Right_GyroY_Min,0,0,469,1.7669412209743567,False,False,False
Entrainment_Left_GyroY_Min,0,0,469,0.4635251609165715,False,False,False
Entrainment_Right_GyroY_Min,0,0,469,0.28656039571929326,False,False,False
HoldWeight_Left_GyroY_Min,0,0,469,0.15235854658505327,False,False,False
HoldWeight_Right_GyroY_Min,0,0,469,0.06659575944389269,False,False,False
LiftHold_Left_GyroY_Min,0,0,469,0.31315530413725634,False,False,False
LiftHold_Right_GyroY_Min,0,0,469,0.29569460654644447,False,False,False
PointFinger_Left_GyroY_Min,0,0,469,1.9188311569099077,False,False,False
PointFinger_Right_GyroY_Min,0,0,469,1.8463737863981406,False,False,False
RelaxedTask_Left_GyroY_Min,0,0,469,0.3183097337477579,False,False,False
RelaxedTask_Right_GyroY_Min,0,0,469,0.31701051716393464,False,False,False
Relaxed_Left_GyroY_Min,0,0,469,0.17991380794808778,False,False,False
Relaxed_Right_GyroY_Min,0,0,469,0.33716088876928224,False,False,False
StretchHold_Left_GyroY_Min,0,0,469,0.16842019784304427,False,False,False
StretchHold_Right_GyroY_Min,0,0,469,0.1745892957573649,False,False,False
TouchIndex_Left_GyroY_Min,0,0,469,1.8948374792805496,False,False,False
TouchIndex_Right_GyroY_Min,0,0,469,1.5188467781920745,False,False,False
TouchNose_Left_GyroY_Min,0,0,469,1.7632113109008065,False,False,False
TouchNose_Right_GyroY_Min,0,0,469,1.8462305466735742,False,False,False
CrossArms_Left_GyroY_Max,0,0,469,1.175576226586834,False,False,False
CrossArms_Right_GyroY_Max,0,0,469,1.2388275035114371,False,False,False
DrinkGlas_Left_GyroY_Max,0,0,469,1.4642992785006559,False,False,False
DrinkGlas_Right_GyroY_Max,0,0,469,0.9902067758071681,False,False,False
Entrainment_Left_GyroY_Max,0,0,469,0.2773331074094358,False,False,False
Entrainment_Right_GyroY_Max,0,0,469,0.5070308997372792,False,False,False
HoldWeight_Left_GyroY_Max,0,0,469,0.031947019028182116,False,False,False
HoldWeight_Right_GyroY_Max,0,0,469,0.069852658594097,False,False,False
LiftHold_Left_GyroY_Max,0,0,469,0.4010783743748929,False,False,False
LiftHold_Right_GyroY_Max,0,0,469,0.40248361838854607,False,False,False
PointFinger_Left_GyroY_Max,0,0,469,2.3230579045398985,False,False,False
PointFinger_Right_GyroY_Max,0,0,469,1.5044808135832701,False,False,False
RelaxedTask_Left_GyroY_Max,0,0,469,0.33015321684932025,False,False,False
RelaxedTask_Right_GyroY_Max,0,0,469,0.3144261133443241,False,False,False
Relaxed_Left_GyroY_Max,0,0,469,0.24698090380122362,False,False,False
Relaxed_Right_GyroY_Max,0,0,469,0.23545691189335216,False,False,False
StretchHold_Left_GyroY_Max,0,0,469,0.1117065610305541,False,False,False
StretchHold_Right_GyroY_Max,0,0,469,0.3759106328306073,False,False,False
TouchIndex_Left_GyroY_Max,0,0,469,1.9033232262510547,False,False,False
TouchIndex_Right_GyroY_Max,0,0,468,1.6276943345317347,False,False,False
TouchNose_Left_GyroY_Max,0,0,469,2.2209886999308184,False,False,False
TouchNose_Right_GyroY_Max,0,0,469,1.211003068876312,False,False,False
CrossArms_Left_GyroY_Range,0,0,469,3.5039074481317396,False,False,False
CrossArms_Right_GyroY_Range,0,0,469,3.512147027771601,False,False,False
DrinkGlas_Left_GyroY_Range,0,0,469,3.653639126382942,False,False,False
DrinkGlas_Right_GyroY_Range,0,0,469,4.3515430039068805,False,False,False
Entrainment_Left_GyroY_Range,0,0,469,1.198737777065255,False,False,False
Entrainment_Right_GyroY_Range,0,0,469,1.3830259399974574,False,False,False
HoldWeight_Left_GyroY_Range,0,0,469,0.28358886462332306,False,False,False
HoldWeight_Right_GyroY_Range,0,0,469,0.25647762012655084,False,False,False
LiftHold_Left_GyroY_Range,0,0,469,0.8006006643502072,False,False,False
LiftHold_Right_GyroY_Range,0,0,469,0.8479009574110361,False,False,False
PointFinger_Left_GyroY_Range,0,0,469,7.788667369525158,False,False,False
PointFinger_Right_GyroY_Range,0,0,469,6.013912611401657,False,False,False
RelaxedTask_Left_GyroY_Range,0,0,469,1.259615731166979,False,False,False
RelaxedTask_Right_GyroY_Range,0,0,469,1.2341715057085625,False,False,False
Relaxed_Left_GyroY_Range,0,0,469,0.7895835300500496,False,False,False
Relaxed_Right_GyroY_Range,0,0,469,1.118402774955747,False,False,False
StretchHold_Left_GyroY_Range,0,0,469,0.5245428775363961,False,False,False
StretchHold_Right_GyroY_Range,0,0,469,1.0080912435316682,False,False,False
TouchIndex_Left_GyroY_Range,0,0,469,6.9782332789899595,False,False,False
TouchIndex_Right_GyroY_Range,0,0,469,5.623602354152769,False,False,False
TouchNose_Left_GyroY_Range,0,0,469,6.495400654486879,False,False,False
TouchNose_Right_GyroY_Range,0,0,469,4.855979776494186,False,False,False
CrossArms_Left_GyroY_IQR,0,0,469,0.040473266849704585,False,False,False
CrossArms_Right_GyroY_IQR,0,0,469,0.08323969991069084,False,False,False
DrinkGlas_Left_GyroY_IQR,0,0,469,0.030940287780809633,False,False,False
DrinkGlas_Right_GyroY_IQR,0,0,469,0.02561002611668999,False,False,False
Entrainment_Left_GyroY_IQR,0,0,469,0.03672367827109336,False,False,False
Entrainment_Right_GyroY_IQR,0,0,469,0.05806715121554508,False,False,False
HoldWeight_Left_GyroY_IQR,0,0,469,0.0034453997818525233,False,False,False
HoldWeight_Right_GyroY_IQR,0,0,469,0.010762909802912465,False,False,False
LiftHold_Left_GyroY_IQR,0,0,469,0.007347102166602016,False,False,False
LiftHold_Right_GyroY_IQR,0,0,469,0.014356414594565204,False,False,False
PointFinger_Left_GyroY_IQR,0,0,469,0.4832209011267604,False,False,False
PointFinger_Right_GyroY_IQR,0,0,469,0.5572587459388095,False,False,False
RelaxedTask_Left_GyroY_IQR,0,0,469,0.05970306054923119,False,False,False
RelaxedTask_Right_GyroY_IQR,0,0,469,0.18995185622042285,False,False,False
Relaxed_Left_GyroY_IQR,0,0,469,0.03746006967627757,False,False,False
Relaxed_Right_GyroY_IQR,0,0,469,0.14605614627286273,False,False,False
StretchHold_Left_GyroY_IQR,0,0,469,0.010768250666319113,False,False,False
StretchHold_Right_GyroY_IQR,0,0,469,0.03265945320036465,False,False,False
TouchIndex_Left_GyroY_IQR,0,0,469,1.6176218337891086,False,False,False
TouchIndex_Right_GyroY_IQR,0,0,469,1.5062596670403323,False,False,False
TouchNose_Left_GyroY_IQR,0,0,469,1.1680392713088668,False,False,False
TouchNose_Right_GyroY_IQR,0,0,469,0.8933566169898508,False,False,False
CrossArms_Left_GyroY_RMS,0,0,469,0.07358202095724653,False,False,False
CrossArms_Right_GyroY_RMS,0,0,469,0.08642395744865002,False,False,False
DrinkGlas_Left_GyroY_RMS,0,0,469,0.034716813710102004,False,False,False
DrinkGlas_Right_GyroY_RMS,0,0,469,0.04327132483425837,False,False,False
Entrainment_Left_GyroY_RMS,0,0,469,0.022189142860462228,False,False,False
Entrainment_Right_GyroY_RMS,0,0,469,0.027783349390821596,False,False,False
HoldWeight_Left_GyroY_RMS,0,0,469,0.005387665453626136,False,False,False
HoldWeight_Right_GyroY_RMS,0,0,469,0.006569732921307451,False,False,False
LiftHold_Left_GyroY_RMS,0,0,469,0.015839680133510507,False,False,False
LiftHold_Right_GyroY_RMS,0,0,469,0.01653819309388697,False,False,False
PointFinger_Left_GyroY_RMS,0,0,469,0.33001908872522406,False,False,False
PointFinger_Right_GyroY_RMS,0,0,469,0.27995037773225045,False,False,False
RelaxedTask_Left_GyroY_RMS,0,0,469,0.030332753312754975,False,False,False
RelaxedTask_Right_GyroY_RMS,0,0,469,0.05760876555616666,False,False,False
Relaxed_Left_GyroY_RMS,0,0,469,0.01827793876002238,False,False,False
Relaxed_Right_GyroY_RMS,0,0,469,0.04661453405371836,False,False,False
StretchHold_Left_GyroY_RMS,0,0,469,0.008523636835580243,False,False,False
StretchHold_Right_GyroY_RMS,0,0,469,0.01719653460180316,False,False,False
TouchIndex_Left_GyroY_RMS,0,0,469,0.4724157872659988,False,False,False
TouchIndex_Right_GyroY_RMS,0,0,469,0.41101473283524964,False,False,False
TouchNose_Left_GyroY_RMS,0,0,469,0.3550158991350111,False,False,False
TouchNose_Right_GyroY_RMS,0,0,469,0.2510213156549111,False,False,False
CrossArms_Left_GyroY_Energy,0,0,469,128736.21318748097,False,False,False
CrossArms_Right_GyroY_Energy,0,0,469,338054.35947724065,False,False,False
DrinkGlas_Left_GyroY_Energy,0,0,469,33854.692335028514,False,False,False
DrinkGlas_Right_GyroY_Energy,0,0,469,47200.012330621794,False,False,False
Entrainment_Left_GyroY_Energy,0,0,469,83636.38209607205,False,False,False
Entrainment_Right_GyroY_Energy,0,0,469,274554.11634140543,False,False,False
HoldWeight_Left_GyroY_Energy,0,0,469,1123.7302641394956,False,False,False
HoldWeight_Right_GyroY_Energy,0,0,469,1939.766053953136,False,False,False
LiftHold_Left_GyroY_Energy,0,0,469,6603.743594384591,False,False,False
LiftHold_Right_GyroY_Energy,0,0,469,7321.5411086867925,False,False,False
PointFinger_Left_GyroY_Energy,0,0,469,2715759.4004328307,False,False,False
PointFinger_Right_GyroY_Energy,0,0,469,2166975.2859845445,False,False,False
RelaxedTask_Left_GyroY_Energy,0,0,469,321006.7403377722,False,False,False
RelaxedTask_Right_GyroY_Energy,0,0,469,1639372.1927335353,False,False,False
Relaxed_Left_GyroY_Energy,0,0,469,226555.93899294533,False,False,False
Relaxed_Right_GyroY_Energy,0,0,469,937900.1038585196,False,False,False
StretchHold_Left_GyroY_Energy,0,0,469,3500.442108017655,False,False,False
StretchHold_Right_GyroY_Energy,0,0,469,22367.247006624766,False,False,False
TouchIndex_Left_GyroY_Energy,0,0,469,5250100.415784864,False,False,False
TouchIndex_Right_GyroY_Energy,0,0,469,4248048.787074065,False,False,False
TouchNose_Left_GyroY_Energy,0,0,469,4423775.315908694,False,False,False
TouchNose_Right_GyroY_Energy,0,0,469,2266496.0261724154,False,False,False
CrossArms_Left_GyroZ_Mean,0,0,469,0.009431462368753859,False,False,False
CrossArms_Right_GyroZ_Mean,0,0,469,0.009221545724437102,False,False,False
DrinkGlas_Left_GyroZ_Mean,0,0,469,0.003947184819889824,False,False,False
DrinkGlas_Right_GyroZ_Mean,0,0,469,0.003061916009590838,False,False,False
Entrainment_Left_GyroZ_Mean,0,0,469,7.319189861362325e-05,False,False,False
Entrainment_Right_GyroZ_Mean,0,0,469,9.632681452463608e-05,False,False,False
HoldWeight_Left_GyroZ_Mean,0,0,469,0.00011243802941999562,False,False,False
HoldWeight_Right_GyroZ_Mean,0,0,469,6.614393981732819e-05,False,False,False
LiftHold_Left_GyroZ_Mean,0,0,469,0.0028732956704599732,False,False,False
LiftHold_Right_GyroZ_Mean,0,0,469,0.002798348874682089,False,False,False
PointFinger_Left_GyroZ_Mean,0,0,469,0.0022631914060344508,False,False,False
PointFinger_Right_GyroZ_Mean,0,0,469,0.0016956209999440877,False,False,False
RelaxedTask_Left_GyroZ_Mean,0,0,469,2.0891278945754584e-05,False,False,False
RelaxedTask_Right_GyroZ_Mean,0,0,469,2.384488515777758e-05,False,False,False
Relaxed_Left_GyroZ_Mean,0,0,469,3.853772867659877e-05,False,False,False
Relaxed_Right_GyroZ_Mean,0,0,469,7.862696576839189e-06,False,False,False
StretchHold_Left_GyroZ_Mean,0,0,469,6.921410755155767e-05,False,False,False
StretchHold_Right_GyroZ_Mean,0,0,469,0.0001189852740868152,False,False,False
TouchIndex_Left_GyroZ_Mean,0,0,469,0.012494461905225164,False,False,False
TouchIndex_Right_GyroZ_Mean,0,0,469,0.013349162657990134,False,False,False
TouchNose_Left_GyroZ_Mean,0,0,469,0.013146597986772587,False,False,False
TouchNose_Right_GyroZ_Mean,0,0,469,0.012806025129415756,False,False,False
CrossArms_Left_GyroZ_Median,0,0,469,0.0006629585523358694,False,False,False
CrossArms_Right_GyroZ_Median,0,0,469,0.0018426747330674822,False,False,False
DrinkGlas_Left_GyroZ_Median,0,0,469,0.0015853323184199116,False,False,False
DrinkGlas_Right_GyroZ_Median,0,0,469,0.0015036043541550967,False,False,False
Entrainment_Left_GyroZ_Median,0,0,469,0.00017987780525054195,False,False,False
Entrainment_Right_GyroZ_Median,0,0,469,0.000181523415279727,False,False,False
HoldWeight_Left_GyroZ_Median,0,0,469,2.894407813540434e-05,False,False,False
HoldWeight_Right_GyroZ_Median,0,0,469,2.4016573725014154e-05,False,False,False
LiftHold_Left_GyroZ_Median,0,0,469,0.00012966589290342424,False,False,False
LiftHold_Right_GyroZ_Median,0,0,469,0.00017223474650557608,False,False,False
PointFinger_Left_GyroZ_Median,0,0,469,0.0036518972681907906,False,False,False
PointFinger_Right_GyroZ_Median,0,0,469,0.0029357923596296815,False,False,False
RelaxedTask_Left_GyroZ_Median,0,0,469,2.3402126222851372e-05,False,False,False
RelaxedTask_Right_GyroZ_Median,0,0,469,0.00033198499258958963,False,False,False
Relaxed_Left_GyroZ_Median,0,0,469,8.871925068806696e-06,False,False,False
Relaxed_Right_GyroZ_Median,0,0,469,0.00022651609100955196,False,False,False
StretchHold_Left_GyroZ_Median,0,0,469,2.5197345036854444e-05,False,False,False
StretchHold_Right_GyroZ_Median,0,0,469,5.040808485801158e-05,False,False,False
TouchIndex_Left_GyroZ_Median,0,0,469,0.017170379958328687,False,False,False
TouchIndex_Right_GyroZ_Median,0,0,469,0.015054247389689895,False,False,False
TouchNose_Left_GyroZ_Median,0,0,469,0.02856612939505427,False,False,False
TouchNose_Right_GyroZ_Median,0,0,469,0.029480309549064648,False,False,False
CrossArms_Left_GyroZ_Std,0,0,469,0.0954712422147261,False,False,False
CrossArms_Right_GyroZ_Std,0,0,469,0.09647009126480809,False,False,False
DrinkGlas_Left_GyroZ_Std,0,0,469,0.039467619082731914,False,False,False
DrinkGlas_Right_GyroZ_Std,0,0,469,0.041368749970600374,False,False,False
Entrainment_Left_GyroZ_Std,0,0,469,0.009499840495214218,False,False,False
Entrainment_Right_GyroZ_Std,0,0,469,0.018371114885039765,False,False,False
HoldWeight_Left_GyroZ_Std,0,0,469,0.004351425721078871,False,False,False
HoldWeight_Right_GyroZ_Std,0,0,469,0.003505558407246707,False,False,False
LiftHold_Left_GyroZ_Std,0,0,469,0.018145961063338902,False,False,False
LiftHold_Right_GyroZ_Std,0,0,469,0.018982660041973194,False,False,False
PointFinger_Left_GyroZ_Std,0,0,469,0.18465651429175697,False,False,False
PointFinger_Right_GyroZ_Std,0,0,469,0.14565442700497824,False,False,False
RelaxedTask_Left_GyroZ_Std,0,0,469,0.01244675675155484,False,False,False
RelaxedTask_Right_GyroZ_Std,0,0,469,0.0181937397729901,False,False,False
Relaxed_Left_GyroZ_Std,0,0,469,0.00808027970724605,False,False,False
Relaxed_Right_GyroZ_Std,0,0,469,0.01516398039841912,False,False,False
StretchHold_Left_GyroZ_Std,0,0,469,0.003676511456407171,False,False,False
StretchHold_Right_GyroZ_Std,0,0,469,0.005970061438675225,False,False,False
TouchIndex_Left_GyroZ_Std,0,0,469,0.7131018588586878,False,False,False
TouchIndex_Right_GyroZ_Std,0,0,469,0.7001246714166063,False,False,False
TouchNose_Left_GyroZ_Std,0,0,469,0.7739518108756447,False,False,False
TouchNose_Right_GyroZ_Std,0,0,469,0.6793522145380676,False,False,False
CrossArms_Left_GyroZ_Min,0,0,469,2.20694907724959,False,False,False
CrossArms_Right_GyroZ_Min,0,0,469,0.911171355945272,False,False,False
DrinkGlas_Left_GyroZ_Min,0,0,469,0.7909633856052701,False,False,False
DrinkGlas_Right_GyroZ_Min,0,0,469,1.010539875303379,False,False,False
Entrainment_Left_GyroZ_Min,0,0,469,0.18451892826435884,False,False,False
Entrainment_Right_GyroZ_Min,0,0,469,0.3702135043821854,False,False,False
HoldWeight_Left_GyroZ_Min,0,0,469,0.11490553162851792,False,False,False
HoldWeight_Right_GyroZ_Min,0,0,469,0.034637028350067725,False,False,False
LiftHold_Left_GyroZ_Min,0,0,469,0.45763629927510824,False,False,False
LiftHold_Right_GyroZ_Min,0,0,469,0.15514122640387157,False,False,False
PointFinger_Left_GyroZ_Min,0,0,469,0.917930615684391,False,False,False
PointFinger_Right_GyroZ_Min,0,0,469,1.0751131199349835,False,False,False
RelaxedTask_Left_GyroZ_Min,0,0,469,0.14355295715461672,False,False,False
RelaxedTask_Right_GyroZ_Min,0,0,469,0.169968030209206,False,False,False
Relaxed_Left_GyroZ_Min,0,0,469,0.1483832494792671,False,False,False
Relaxed_Right_GyroZ_Min,0,0,469,0.15233064098335966,False,False,False
StretchHold_Left_GyroZ_Min,0,0,469,0.07208100203898922,False,False,False
StretchHold_Right_GyroZ_Min,0,0,469,0.1830512106457041,False,False,False
TouchIndex_Left_GyroZ_Min,0,0,469,2.3895959686308093,False,False,False
TouchIndex_Right_GyroZ_Min,0,0,469,2.740041481351511,False,False,False
TouchNose_Left_GyroZ_Min,0,0,469,2.479864164711394,False,False,False
TouchNose_Right_GyroZ_Min,0,0,469,2.9885010547518425,False,False,False
CrossArms_Left_GyroZ_Max,0,0,469,0.7983334150475563,False,False,False
CrossArms_Right_GyroZ_Max,0,0,469,1.9356977616189275,False,False,False
DrinkGlas_Left_GyroZ_Max,0,0,469,1.0034047363234557,False,False,False
DrinkGlas_Right_GyroZ_Max,0,0,469,0.7587442233757207,False,False,False
Entrainment_Left_GyroZ_Max,0,0,469,0.2158462839561733,False,False,False
Entrainment_Right_GyroZ_Max,0,0,469,0.25304324840892045,False,False,False
HoldWeight_Left_GyroZ_Max,0,0,469,0.0554506853890082,False,False,False
HoldWeight_Right_GyroZ_Max,0,0,469,0.06273585547881995,False,False,False
LiftHold_Left_GyroZ_Max,0,0,469,0.14087589026488379,False,False,False
LiftHold_Right_GyroZ_Max,0,0,469,0.4753994317828245,False,False,False
PointFinger_Left_GyroZ_Max,0,0,469,1.1087561366892371,False,False,False
PointFinger_Right_GyroZ_Max,0,0,469,0.9181641973024953,False,False,False
RelaxedTask_Left_GyroZ_Max,0,0,469,0.15941065446602895,False,False,False
RelaxedTask_Right_GyroZ_Max,0,0,469,0.21707035506026298,False,False,False
Relaxed_Left_GyroZ_Max,0,0,469,0.18496287383596094,False,False,False
Relaxed_Right_GyroZ_Max,0,0,469,0.09316150497024352,False,False,False
StretchHold_Left_GyroZ_Max,0,0,469,0.08714155310391512,False,False,False
StretchHold_Right_GyroZ_Max,0,0,469,0.17448197928546363,False,False,False
TouchIndex_Left_GyroZ_Max,0,0,469,2.836478546408748,False,False,False
TouchIndex_Right_GyroZ_Max,0,0,469,2.1985926901428847,False,False,False
TouchNose_Left_GyroZ_Max,0,0,469,3.0204702943477786,False,False,False
TouchNose_Right_GyroZ_Max,0,0,469,2.368021492000176,False,False,False
CrossArms_Left_GyroZ_Range,0,0,469,3.704507392503599,False,False,False
CrossArms_Right_GyroZ_Range,0,0,469,3.5701499102517666,False,False,False
DrinkGlas_Left_GyroZ_Range,0,0,469,2.700999030060458,False,False,False
DrinkGlas_Right_GyroZ_Range,0,0,469,2.9031716232337774,False,False,False
Entrainment_Left_GyroZ_Range,0,0,469,0.6602453944708677,False,False,False
Entrainment_Right_GyroZ_Range,0,0,469,1.0347574834738484,False,False,False
HoldWeight_Left_GyroZ_Range,0,0,469,0.2820489212419354,False,False,False
HoldWeight_Right_GyroZ_Range,0,0,469,0.1710535265728127,False,False,False
LiftHold_Left_GyroZ_Range,0,0,469,0.7881238336533182,False,False,False
LiftHold_Right_GyroZ_Range,0,0,469,0.870732205394206,False,False,False
PointFinger_Left_GyroZ_Range,0,0,469,3.6870019141943686,False,False,False
PointFinger_Right_GyroZ_Range,0,0,469,3.5543562048810493,False,False,False
RelaxedTask_Left_GyroZ_Range,0,0,469,0.5803695743198061,False,False,False
RelaxedTask_Right_GyroZ_Range,0,0,469,0.7506867175404534,False,False,False
Relaxed_Left_GyroZ_Range,0,0,469,0.6101822225554723,False,False,False
Relaxed_Right_GyroZ_Range,0,0,469,0.4695723399933995,False,False,False
StretchHold_Left_GyroZ_Range,0,0,469,0.28482201818191216,False,False,False
StretchHold_Right_GyroZ_Range,0,0,469,0.6701481048442443,False,False,False
TouchIndex_Left_GyroZ_Range,0,0,469,9.821437423043983,False,False,False
TouchIndex_Right_GyroZ_Range,0,0,469,9.304386526348502,False,False,False
TouchNose_Left_GyroZ_Range,0,0,469,10.358366881775646,False,False,False
TouchNose_Right_GyroZ_Range,0,0,469,9.910430149749475,False,False,False
CrossArms_Left_GyroZ_IQR,0,0,469,0.03069816958448338,False,False,False
CrossArms_Right_GyroZ_IQR,0,0,469,0.07179508761985272,False,False,False
DrinkGlas_Left_GyroZ_IQR,0,0,469,0.03430843001869905,False,False,False
DrinkGlas_Right_GyroZ_IQR,0,0,469,0.04510023721849312,False,False,False
Entrainment_Left_GyroZ_IQR,0,0,469,0.015608530205560293,False,False,False
Entrainment_Right_GyroZ_IQR,0,0,469,0.03486562876177511,False,False,False
HoldWeight_Left_GyroZ_IQR,0,0,469,0.0021573477966633863,False,False,False
HoldWeight_Right_GyroZ_IQR,0,0,469,0.004914515383997101,False,False,False
LiftHold_Left_GyroZ_IQR,0,0,469,0.0037215372357474567,False,False,False
LiftHold_Right_GyroZ_IQR,0,0,469,0.004375258033561804,False,False,False
PointFinger_Left_GyroZ_IQR,0,0,469,0.34389265494451954,False,False,False
PointFinger_Right_GyroZ_IQR,0,0,469,0.27136535542744894,False,False,False
RelaxedTask_Left_GyroZ_IQR,0,0,469,0.02061284749157011,False,False,False
RelaxedTask_Right_GyroZ_IQR,0,0,469,0.04393489086493741,False,False,False
Relaxed_Left_GyroZ_IQR,0,0,469,0.011014184884333738,False,False,False
Relaxed_Right_GyroZ_IQR,0,0,469,0.03532387239100226,False,False,False
StretchHold_Left_GyroZ_IQR,0,0,469,0.0035493135132038402,False,False,False
StretchHold_Right_GyroZ_IQR,0,0,469,0.007059276646920901,False,False,False
TouchIndex_Left_GyroZ_IQR,0,0,469,2.1596503937353457,False,False,False
TouchIndex_Right_GyroZ_IQR,0,0,469,2.190389834713988,False,False,False
TouchNose_Left_GyroZ_IQR,0,0,469,2.8053304462537105,False,False,False
TouchNose_Right_GyroZ_IQR,0,0,469,2.6030348664946747,False,False,False
CrossArms_Left_GyroZ_RMS,0,0,469,0.10053103304896295,False,False,False
CrossArms_Right_GyroZ_RMS,0,0,469,0.10090579619616664,False,False,False
DrinkGlas_Left_GyroZ_RMS,0,0,469,0.03815465940057596,False,False,False
DrinkGlas_Right_GyroZ_RMS,0,0,469,0.040006601592718086,False,False,False
Entrainment_Left_GyroZ_RMS,0,0,469,0.009517848027729838,False,False,False
Entrainment_Right_GyroZ_RMS,0,0,469,0.018395365295350543,False,False,False
HoldWeight_Left_GyroZ_RMS,0,0,469,0.004405190730671007,False,False,False
HoldWeight_Right_GyroZ_RMS,0,0,469,0.0035292799390385385,False,False,False
LiftHold_Left_GyroZ_RMS,0,0,469,0.01975614008708209,False,False,False
LiftHold_Right_GyroZ_RMS,0,0,469,0.02065284910437512,False,False,False
PointFinger_Left_GyroZ_RMS,0,0,469,0.1845656453643576,False,False,False
PointFinger_Right_GyroZ_RMS,0,0,469,0.1455855932764563,False,False,False
RelaxedTask_Left_GyroZ_RMS,0,0,469,0.012454733430295994,False,False,False
RelaxedTask_Right_GyroZ_RMS,0,0,469,0.018202059777503027,False,False,False
Relaxed_Left_GyroZ_RMS,0,0,469,0.008109589208413153,False,False,False
Relaxed_Right_GyroZ_RMS,0,0,469,0.0151609970417425,False,False,False
StretchHold_Left_GyroZ_RMS,0,0,469,0.0037137127816151035,False,False,False
StretchHold_Right_GyroZ_RMS,0,0,469,0.0060465398544995354,False,False,False
TouchIndex_Left_GyroZ_RMS,0,0,469,0.7092124987615529,False,False,False
TouchIndex_Right_GyroZ_RMS,0,0,469,0.6953386972117162,False,False,False
TouchNose_Left_GyroZ_RMS,0,0,469,0.7726081592137735,False,False,False
TouchNose_Right_GyroZ_RMS,0,0,469,0.6785304798058632,False,False,False
CrossArms_Left_GyroZ_Energy,0,0,469,193963.20087128165,False,False,False
CrossArms_Right_GyroZ_Energy,0,0,469,248734.3957338543,False,False,False
DrinkGlas_Left_GyroZ_Energy,0,0,469,53375.984690386445,False,False,False
DrinkGlas_Right_GyroZ_Energy,0,0,469,62711.75365074924,False,False,False
Entrainment_Left_GyroZ_Energy,0,0,469,11713.997346914311,False,False,False
Entrainment_Right_GyroZ_Energy,0,0,469,106559.12639855545,False,False,False
HoldWeight_Left_GyroZ_Energy,0,0,469,508.5531919753913,False,False,False
HoldWeight_Right_GyroZ_Energy,0,0,469,492.6045037827458,False,False,False
LiftHold_Left_GyroZ_Energy,0,0,469,5251.147562377885,False,False,False
LiftHold_Right_GyroZ_Energy,0,0,469,5776.555234549458,False,False,False
PointFinger_Left_GyroZ_Energy,0,0,469,947949.9090237243,False,False,False
PointFinger_Right_GyroZ_Energy,0,0,469,495287.9027265118,False,False,False
RelaxedTask_Left_GyroZ_Energy,0,0,469,34639.79628699987,False,False,False
RelaxedTask_Right_GyroZ_Energy,0,0,469,91115.89322576163,False,False,False
Relaxed_Left_GyroZ_Energy,0,0,469,15447.69295400561,False,False,False
Relaxed_Right_GyroZ_Energy,0,0,469,80165.28125298499,False,False,False
StretchHold_Left_GyroZ_Energy,0,0,469,619.4389328718485,False,False,False
StretchHold_Right_GyroZ_Energy,0,0,469,1964.202184593125,False,False,False
TouchIndex_Left_GyroZ_Energy,0,0,469,8670790.228138534,False,False,False
TouchIndex_Right_GyroZ_Energy,0,0,469,8465261.55793742,False,False,False
TouchNose_Left_GyroZ_Energy,0,0,469,18963590.949047714,False,False,False
TouchNose_Right_GyroZ_Energy,0,0,469,16769902.259499272,False,False,False
CrossArms_Left_AccMag_Mean,0,0,469,0.003149864431026488,False,False,False
CrossArms_Right_AccMag_Mean,0,0,469,0.007019222577664751,False,False,False
DrinkGlas_Left_AccMag_Mean,0,0,469,0.0029109288987920253,False,False,False
DrinkGlas_Right_AccMag_Mean,0,0,469,0.004109320296376394,False,False,False
Entrainment_Left_AccMag_Mean,0,0,469,0.0029046084592728,False,False,False
Entrainment_Right_AccMag_Mean,0,0,469,0.003401138147940448,False,False,False
HoldWeight_Left_AccMag_Mean,0,0,469,0.000955819814502154,False,False,False
HoldWeight_Right_AccMag_Mean,0,0,469,0.001979015944011846,False,False,False
LiftHold_Left_AccMag_Mean,0,0,469,0.0006562599913336484,False,False,False
LiftHold_Right_AccMag_Mean,0,0,469,0.000946611960244741,False,False,False
PointFinger_Left_AccMag_Mean,0,0,469,0.012765410992543117,False,False,False
PointFinger_Right_AccMag_Mean,0,0,469,0.010536543460193568,False,False,False
RelaxedTask_Left_AccMag_Mean,0,0,469,0.005915552986710005,False,False,False
RelaxedTask_Right_AccMag_Mean,0,0,469,0.005791787895439105,False,False,False
Relaxed_Left_AccMag_Mean,0,0,469,0.0025529859337148847,False,False,False
Relaxed_Right_AccMag_Mean,0,0,469,0.0025592546096192344,False,False,False
StretchHold_Left_AccMag_Mean,0,0,469,0.0007756113035414642,False,False,False
StretchHold_Right_AccMag_Mean,0,0,469,0.0019869365790917922,False,False,False
TouchIndex_Left_AccMag_Mean,0,0,469,0.005931921910967306,False,False,False
TouchIndex_Right_AccMag_Mean,0,0,469,0.005973834671674907,False,False,False
TouchNose_Left_AccMag_Mean,0,0,469,0.01725827388887916,False,False,False
TouchNose_Right_AccMag_Mean,0,0,469,0.015940934725959695,False,False,False
CrossArms_Left_AccMag_Median,0,0,469,0.002287067478180314,False,False,False
CrossArms_Right_AccMag_Median,0,0,469,0.005506709747004301,False,False,False
DrinkGlas_Left_AccMag_Median,0,0,469,0.0019650118912423174,False,False,False
DrinkGlas_Right_AccMag_Median,0,0,469,0.0028721923594764043,False,False,False
Entrainment_Left_AccMag_Median,0,0,469,0.002244595342675041,False,False,False
Entrainment_Right_AccMag_Median,0,0,469,0.0026392871232398052,False,False,False
HoldWeight_Left_AccMag_Median,0,0,469,0.000801987226612725,False,False,False
HoldWeight_Right_AccMag_Median,0,0,469,0.001541836453083369,False,False,False
LiftHold_Left_AccMag_Median,0,0,469,0.0003904482294981308,False,False,False
LiftHold_Right_AccMag_Median,0,0,469,0.0006482705164475699,False,False,False
PointFinger_Left_AccMag_Median,0,0,469,0.00857767522995403,False,False,False
PointFinger_Right_AccMag_Median,0,0,469,0.007240630247152306,False,False,False
RelaxedTask_Left_AccMag_Median,0,0,469,0.004514247873072652,False,False,False
RelaxedTask_Right_AccMag_Median,0,0,469,0.004832505109072225,False,False,False
Relaxed_Left_AccMag_Median,0,0,469,0.0018755798296484472,False,False,False
Relaxed_Right_AccMag_Median,0,0,469,0.0020312141777776237,False,False,False
StretchHold_Left_AccMag_Median,0,0,469,0.0005351695219115386,False,False,False
StretchHold_Right_AccMag_Median,0,0,469,0.0014384408654992428,False,False,False
TouchIndex_Left_AccMag_Median,0,0,469,0.005181510445225607,False,False,False
TouchIndex_Right_AccMag_Median,0,0,469,0.005149066009657168,False,False,False
TouchNose_Left_AccMag_Median,0,0,469,0.011830585358409747,False,False,False
TouchNose_Right_AccMag_Median,0,0,469,0.010783479049070488,False,False,False
CrossArms_Left_AccMag_Std,0,0,469,0.0024540891637373505,False,False,False
CrossArms_Right_AccMag_Std,0,0,469,0.004342313630557103,False,False,False
DrinkGlas_Left_AccMag_Std,0,0,469,0.004286123471056602,False,False,False
DrinkGlas_Right_AccMag_Std,0,0,469,0.005621067239351861,False,False,False
Entrainment_Left_AccMag_Std,0,0,469,0.0012519494809187634,False,False,False
Entrainment_Right_AccMag_Std,0,0,469,0.0014378454371315583,False,False,False
HoldWeight_Left_AccMag_Std,0,0,469,0.000441532738938543,False,False,False
HoldWeight_Right_AccMag_Std,0,0,469,0.0008430417290524018,False,False,False
LiftHold_Left_AccMag_Std,0,0,469,0.0006690795432781485,False,False,False
LiftHold_Right_AccMag_Std,0,0,469,0.00070600629262381,False,False,False
PointFinger_Left_AccMag_Std,0,0,469,0.018311169493830368,False,False,False
PointFinger_Right_AccMag_Std,0,0,469,0.015458590415881426,False,False,False
RelaxedTask_Left_AccMag_Std,0,0,469,0.002701520660657341,False,False,False
RelaxedTask_Right_AccMag_Std,0,0,469,0.002608668578518294,False,False,False
Relaxed_Left_AccMag_Std,0,0,469,0.0012854770391583174,False,False,False
Relaxed_Right_AccMag_Std,0,0,469,0.0010602217308632504,False,False,False
StretchHold_Left_AccMag_Std,0,0,469,0.0006132216362520456,False,False,False
StretchHold_Right_AccMag_Std,0,0,469,0.0010540948211798867,False,False,False
TouchIndex_Left_AccMag_Std,0,0,469,0.0018373742957817107,False,False,False
TouchIndex_Right_AccMag_Std,0,0,469,0.001964705917012071,False,False,False
TouchNose_Left_AccMag_Std,0,0,469,0.016700686003000186,False,False,False
TouchNose_Right_AccMag_Std,0,0,469,0.01950584875501945,False,False,False
CrossArms_Left_AccMag_Min,0,0,469,6.985167689893394e-06,False,False,False
CrossArms_Right_AccMag_Min,0,0,469,1.3740879743276361e-05,False,False,False
DrinkGlas_Left_AccMag_Min,0,0,469,1.0305977659178134e-05,False,False,False
DrinkGlas_Right_AccMag_Min,0,0,469,9.622168984538143e-06,False,False,False
Entrainment_Left_AccMag_Min,0,0,469,9.438215175502091e-06,False,False,False
Entrainment_Right_AccMag_Min,0,0,469,1.1664009925051809e-05,False,False,False
HoldWeight_Left_AccMag_Min,0,0,469,6.346324099880458e-06,False,False,False
HoldWeight_Right_AccMag_Min,0,0,469,7.061212246650038e-06,False,False,False
LiftHold_Left_AccMag_Min,0,0,469,2.009619146322144e-06,False,False,False
LiftHold_Right_AccMag_Min,0,0,469,4.455073718825994e-06,False,False,False
PointFinger_Left_AccMag_Min,0,0,469,0.0001601544356672252,False,False,False
PointFinger_Right_AccMag_Min,0,0,469,0.00012300368275637786,False,False,False
RelaxedTask_Left_AccMag_Min,0,0,469,9.34592339718793e-06,False,False,False
RelaxedTask_Right_AccMag_Min,0,0,469,3.337580605167957e-05,False,False,False
Relaxed_Left_AccMag_Min,0,0,469,5.117182451034754e-06,False,False,False
Relaxed_Right_AccMag_Min,0,0,469,1.647749005374138e-05,False,False,False
StretchHold_Left_AccMag_Min,0,0,469,3.987820200144468e-06,False,False,False
StretchHold_Right_AccMag_Min,0,0,469,2.0375491104431567e-05,False,False,False
TouchIndex_Left_AccMag_Min,0,0,469,0.00012810370180014333,False,False,False
TouchIndex_Right_AccMag_Min,0,0,469,0.00012196184095118127,False,False,False
TouchNose_Left_AccMag_Min,0,0,469,0.00027752900933907426,False,False,False
TouchNose_Right_AccMag_Min,0,0,469,0.0003442901182381488,False,False,False
CrossArms_Left_AccMag_Max,0,0,469,0.24132875386228217,False,False,False
CrossArms_Right_AccMag_Max,0,0,469,0.22214089948912769,False,False,False
DrinkGlas_Left_AccMag_Max,0,0,469,1.3958104179495403,False,False,False
DrinkGlas_Right_AccMag_Max,0,0,469,1.9973363780577196,False,False,False
Entrainment_Left_AccMag_Max,0,0,469,0.06350152859960753,False,False,False
Entrainment_Right_AccMag_Max,0,0,469,0.134626933666626,False,False,False
HoldWeight_Left_AccMag_Max,0,0,469,0.024709819116001636,False,False,False
HoldWeight_Right_AccMag_Max,0,0,469,0.04445105789162067,False,False,False
LiftHold_Left_AccMag_Max,0,0,469,0.035843003329211254,False,False,False
LiftHold_Right_AccMag_Max,0,0,469,0.032312595013640914,False,False,False
PointFinger_Left_AccMag_Max,0,0,469,2.5279848327320327,False,False,False
PointFinger_Right_AccMag_Max,0,0,469,2.875516368219099,False,False,False
RelaxedTask_Left_AccMag_Max,0,0,469,0.1255744571758954,False,False,False
RelaxedTask_Right_AccMag_Max,0,0,469,0.12557170012516192,False,False,False
Relaxed_Left_AccMag_Max,0,0,469,0.10152851623937653,False,False,False
Relaxed_Right_AccMag_Max,0,0,469,0.050877239745482854,False,False,False
StretchHold_Left_AccMag_Max,0,0,469,0.036701473313982144,False,False,False
StretchHold_Right_AccMag_Max,0,0,469,0.09603783544920112,False,False,False
TouchIndex_Left_AccMag_Max,0,0,469,0.17475296835504645,False,False,False
TouchIndex_Right_AccMag_Max,0,0,469,0.20875923480499087,False,False,False
TouchNose_Left_AccMag_Max,0,0,469,2.5114961923681642,False,False,False
TouchNose_Right_AccMag_Max,0,0,469,3.1131074175798297,False,False,False
CrossArms_Left_AccMag_Range,0,0,469,0.24052467791294607,False,False,False
CrossArms_Right_AccMag_Range,0,0,469,0.2211210067366713,False,False,False
DrinkGlas_Left_AccMag_Range,0,0,469,1.3951622287775338,False,False,False
DrinkGlas_Right_AccMag_Range,0,0,469,1.9966403012990361,False,False,False
Entrainment_Left_AccMag_Range,0,0,469,0.06264271762179957,False,False,False
Entrainment_Right_AccMag_Range,0,0,469,0.13344420770670637,False,False,False
HoldWeight_Left_AccMag_Range,0,0,469,0.024361486065361024,False,False,False
HoldWeight_Right_AccMag_Range,0,0,469,0.04377109695324173,False,False,False
LiftHold_Left_AccMag_Range,0,0,469,0.03561082120913305,False,False,False
LiftHold_Right_AccMag_Range,0,0,469,0.03196327155197157,False,False,False
PointFinger_Left_AccMag_Range,0,0,469,2.512050231919058,False,False,False
PointFinger_Right_AccMag_Range,0,0,469,2.8643197026058997,False,False,False
RelaxedTask_Left_AccMag_Range,0,0,469,0.12461301524927952,False,False,False
RelaxedTask_Right_AccMag_Range,0,0,469,0.1239053598217145,False,False,False
Relaxed_Left_AccMag_Range,0,0,469,0.10065944622325713,False,False,False
Relaxed_Right_AccMag_Range,0,0,469,0.04949963582821015,False,False,False
StretchHold_Left_AccMag_Range,0,0,469,0.03631397630507437,False,False,False
StretchHold_Right_AccMag_Range,0,0,469,0.09473522711549413,False,False,False
TouchIndex_Left_AccMag_Range,0,0,469,0.1712767998271496,False,False,False
TouchIndex_Right_AccMag_Range,0,0,469,0.20463905736009444,False,False,False
TouchNose_Left_AccMag_Range,0,0,469,2.4966392975267424,False,False,False
TouchNose_Right_AccMag_Range,0,0,469,3.0908360077795716,False,False,False
CrossArms_Left_AccMag_IQR,0,0,469,0.004809079464440651,False,False,False
CrossArms_Right_AccMag_IQR,0,0,469,0.01116863395742253,False,False,False
DrinkGlas_Left_AccMag_IQR,0,0,469,0.0026937415239737905,False,False,False
DrinkGlas_Right_AccMag_IQR,0,0,469,0.0042863102824553575,False,False,False
Entrainment_Left_AccMag_IQR,0,0,469,0.0020266603737015693,False,False,False
Entrainment_Right_AccMag_IQR,0,0,469,0.0023672222077997422,False,False,False
HoldWeight_Left_AccMag_IQR,0,0,469,0.0005515484855526812,False,False,False
HoldWeight_Right_AccMag_IQR,0,0,469,0.0014039531858224183,False,False,False
LiftHold_Left_AccMag_IQR,0,0,469,0.0005664079400932904,False,False,False
LiftHold_Right_AccMag_IQR,0,0,469,0.0008392818384368516,False,False,False
PointFinger_Left_AccMag_IQR,0,0,469,0.005007816346168472,False,False,False
PointFinger_Right_AccMag_IQR,0,0,469,0.004250034586253361,False,False,False
RelaxedTask_Left_AccMag_IQR,0,0,469,0.004667387958041214,False,False,False
RelaxedTask_Right_AccMag_IQR,0,0,469,0.004229777705545157,False,False,False
Relaxed_Left_AccMag_IQR,0,0,469,0.0015045389332300724,False,False,False
Relaxed_Right_AccMag_IQR,0,0,469,0.0014854516605518992,False,False,False
StretchHold_Left_AccMag_IQR,0,0,469,0.0004775337061491363,False,False,False
StretchHold_Right_AccMag_IQR,0,0,469,0.001074655626819509,False,False,False
TouchIndex_Left_AccMag_IQR,0,0,469,0.0025263816321992845,False,False,False
TouchIndex_Right_AccMag_IQR,0,0,469,0.0025524724028825343,False,False,False
TouchNose_Left_AccMag_IQR,0,0,469,0.006616037671093956,False,False,False
TouchNose_Right_AccMag_IQR,0,0,469,0.006648855018877954,False,False,False
CrossArms_Left_AccMag_RMS,0,0,469,0.005363978698905573,False,False,False
CrossArms_Right_AccMag_RMS,0,0,469,0.011073544800251722,False,False,False
DrinkGlas_Left_AccMag_RMS,0,0,469,0.006682437073494342,False,False,False
DrinkGlas_Right_AccMag_RMS,0,0,469,0.009178598947295969,False,False,False
Entrainment_Left_AccMag_RMS,0,0,469,0.0040951623129903405,False,False,False
Entrainment_Right_AccMag_RMS,0,0,469,0.004763247292326218,False,False,False
HoldWeight_Left_AccMag_RMS,0,0,469,0.001366936890444669,False,False,False
HoldWeight_Right_AccMag_RMS,0,0,469,0.0028070838755561993,False,False,False
LiftHold_Left_AccMag_RMS,0,0,469,0.001265109678115597,False,False,False
LiftHold_Right_AccMag_RMS,0,0,469,0.0015939140772289666,False,False,False
PointFinger_Left_AccMag_RMS,0,0,469,0.028761066147464827,False,False,False
PointFinger_Right_AccMag_RMS,0,0,469,0.02371554899276486,False,False,False
RelaxedTask_Left_AccMag_RMS,0,0,469,0.008591456135166743,False,False,False
RelaxedTask_Right_AccMag_RMS,0,0,469,0.008378161203309302,False,False,False
Relaxed_Left_AccMag_RMS,0,0,469,0.0038220513950477735,False,False,False
Relaxed_Right_AccMag_RMS,0,0,469,0.0036053997338765936,False,False,False
StretchHold_Left_AccMag_RMS,0,0,469,0.0013605472543609693,False,False,False
StretchHold_Right_AccMag_RMS,0,0,469,0.0030096068098476383,False,False,False
TouchIndex_Left_AccMag_RMS,0,0,469,0.0074543897734464706,False,False,False
TouchIndex_Right_AccMag_RMS,0,0,469,0.007629108625355816,False,False,False
TouchNose_Left_AccMag_RMS,0,0,469,0.0318419824557054,False,False,False
TouchNose_Right_AccMag_RMS,0,0,469,0.03257088149889015,False,False,False
CrossArms_Left_AccMag_Energy,0,0,469,2550.712183616407,False,False,False
CrossArms_Right_AccMag_Energy,0,0,469,14363.590367877325,False,False,False
DrinkGlas_Left_AccMag_Energy,0,0,469,1340.1569912480036,False,False,False
DrinkGlas_Right_AccMag_Energy,0,0,469,4031.920103456248,False,False,False
Entrainment_Left_AccMag_Energy,0,0,469,2370.6672476544672,False,False,False
Entrainment_Right_AccMag_Energy,0,0,469,4420.400220660422,False,False,False
HoldWeight_Left_AccMag_Energy,0,0,469,76.69393603172773,False,False,False
HoldWeight_Right_AccMag_Energy,0,0,469,530.0859689015913,False,False,False
LiftHold_Left_AccMag_Energy,0,0,469,96.95089746891425,False,False,False
LiftHold_Right_AccMag_Energy,0,0,469,183.05649081789898,False,False,False
PointFinger_Left_AccMag_Energy,0,0,469,28757.267245139687,False,False,False
PointFinger_Right_AccMag_Energy,0,0,469,17855.986596019302,False,False,False
RelaxedTask_Left_AccMag_Energy,0,0,469,19142.178288266758,False,False,False
RelaxedTask_Right_AccMag_Energy,0,0,469,22708.76496156309,False,False,False
Relaxed_Left_AccMag_Energy,0,0,469,6911.515920094047,False,False,False
Relaxed_Right_AccMag_Energy,0,0,469,4869.157968946269,False,False,False
StretchHold_Left_AccMag_Energy,0,0,469,66.05565276959685,False,False,False
StretchHold_Right_AccMag_Energy,0,0,469,691.2656397892433,False,False,False
TouchIndex_Left_AccMag_Energy,0,0,469,1753.9705023222427,False,False,False
TouchIndex_Right_AccMag_Energy,0,0,469,2110.9111448185326,False,False,False
TouchNose_Left_AccMag_Energy,0,0,469,42593.893171610725,False,False,False
TouchNose_Right_AccMag_Energy,0,0,469,42794.91527529142,False,False,False
CrossArms_Left_GyroMag_Mean,0,0,469,0.07929038489756782,False,False,False
CrossArms_Right_GyroMag_Mean,0,0,469,0.12972768451424782,False,False,False
DrinkGlas_Left_GyroMag_Mean,0,0,469,0.0815621239835693,False,False,False
DrinkGlas_Right_GyroMag_Mean,0,0,469,0.10610445395588626,False,False,False
Entrainment_Left_GyroMag_Mean,0,0,469,0.06161444542391226,False,False,False
Entrainment_Right_GyroMag_Mean,0,0,469,0.09547935528178625,False,False,False
HoldWeight_Left_GyroMag_Mean,0,0,469,0.036136085192818884,False,False,False
HoldWeight_Right_GyroMag_Mean,0,0,469,0.03915080526221688,False,False,False
LiftHold_Left_GyroMag_Mean,0,0,469,0.02092538563268263,False,False,False
LiftHold_Right_GyroMag_Mean,0,0,469,0.02451718560120384,False,False,False
PointFinger_Left_GyroMag_Mean,0,0,469,0.32585271942970534,False,False,False
PointFinger_Right_GyroMag_Mean,0,0,469,0.2837595331680738,False,False,False
RelaxedTask_Left_GyroMag_Mean,0,0,469,0.10483490798604587,False,False,False
RelaxedTask_Right_GyroMag_Mean,0,0,469,0.19729968616613272,False,False,False
Relaxed_Left_GyroMag_Mean,0,0,469,0.04084726214382734,False,False,False
Relaxed_Right_GyroMag_Mean,0,0,469,0.11024258969543965,False,False,False
StretchHold_Left_GyroMag_Mean,0,0,469,0.02108295799651944,False,False,False
StretchHold_Right_GyroMag_Mean,0,0,469,0.04509316009668897,False,False,False
TouchIndex_Left_GyroMag_Mean,0,0,469,0.6205711726916396,False,False,False
TouchIndex_Right_GyroMag_Mean,0,0,469,0.5916839407454654,False,False,False
TouchNose_Left_GyroMag_Mean,0,0,469,1.1052381375887654,False,False,False
TouchNose_Right_GyroMag_Mean,0,0,469,1.0250540714370224,False,False,False
CrossArms_Left_GyroMag_Median,0,0,469,0.05351786585989685,False,False,False
CrossArms_Right_GyroMag_Median,0,0,469,0.1200448395525642,False,False,False
DrinkGlas_Left_GyroMag_Median,0,0,469,0.05979719991391006,False,False,False
DrinkGlas_Right_GyroMag_Median,0,0,469,0.08430094665897735,False,False,False
Entrainment_Left_GyroMag_Median,0,0,469,0.04328552975614602,False,False,False
Entrainment_Right_GyroMag_Median,0,0,469,0.07128648306895681,False,False,False
HoldWeight_Left_GyroMag_Median,0,0,469,0.028304331641098253,False,False,False
HoldWeight_Right_GyroMag_Median,0,0,469,0.03274472066284084,False,False,False
LiftHold_Left_GyroMag_Median,0,0,469,0.013969872009797435,False,False,False
LiftHold_Right_GyroMag_Median,0,0,469,0.017308522111983693,False,False,False
PointFinger_Left_GyroMag_Median,0,0,469,0.30885428734748466,False,False,False
PointFinger_Right_GyroMag_Median,0,0,469,0.2864366188545814,False,False,False
RelaxedTask_Left_GyroMag_Median,0,0,469,0.08622210506667854,False,False,False
RelaxedTask_Right_GyroMag_Median,0,0,469,0.18804392737913322,False,False,False
Relaxed_Left_GyroMag_Median,0,0,469,0.032996399884710474,False,False,False
Relaxed_Right_GyroMag_Median,0,0,469,0.1131870904830191,False,False,False
StretchHold_Left_GyroMag_Median,0,0,469,0.014917926361653518,False,False,False
StretchHold_Right_GyroMag_Median,0,0,469,0.03683125898138174,False,False,False
TouchIndex_Left_GyroMag_Median,0,0,469,0.778625693908431,False,False,False
TouchIndex_Right_GyroMag_Median,0,0,469,0.7535825709650242,False,False,False
TouchNose_Left_GyroMag_Median,0,0,469,1.2308311862621542,False,False,False
TouchNose_Right_GyroMag_Median,0,0,469,1.1389768233034423,False,False,False
CrossArms_Left_GyroMag_Std,0,0,469,0.11878378013982263,False,False,False
CrossArms_Right_GyroMag_Std,0,0,469,0.12601834379509594,False,False,False
DrinkGlas_Left_GyroMag_Std,0,0,469,0.09717613283283519,False,False,False
DrinkGlas_Right_GyroMag_Std,0,0,469,0.11244736101049042,False,False,False
Entrainment_Left_GyroMag_Std,0,0,469,0.045747562248029075,False,False,False
Entrainment_Right_GyroMag_Std,0,0,469,0.06172352955830154,False,False,False
HoldWeight_Left_GyroMag_Std,0,0,469,0.0230454986324542,False,False,False
HoldWeight_Right_GyroMag_Std,0,0,469,0.018150925933035276,False,False,False
LiftHold_Left_GyroMag_Std,0,0,469,0.037566079342088096,False,False,False
LiftHold_Right_GyroMag_Std,0,0,469,0.03920813046090883,False,False,False
PointFinger_Left_GyroMag_Std,0,0,469,0.1460657932567562,False,False,False
PointFinger_Right_GyroMag_Std,0,0,469,0.1172522430755087,False,False,False
RelaxedTask_Left_GyroMag_Std,0,0,469,0.04805361902844556,False,False,False
RelaxedTask_Right_GyroMag_Std,0,0,469,0.0678639402273689,False,False,False
Relaxed_Left_GyroMag_Std,0,0,469,0.02602227208221488,False,False,False
Relaxed_Right_GyroMag_Std,0,0,469,0.033892447411858186,False,False,False
StretchHold_Left_GyroMag_Std,0,0,469,0.018188922546131987,False,False,False
StretchHold_Right_GyroMag_Std,0,0,469,0.025492816554242417,False,False,False
TouchIndex_Left_GyroMag_Std,0,0,469,0.20576530826164025,False,False,False
TouchIndex_Right_GyroMag_Std,0,0,469,0.19315102268672205,False,False,False
TouchNose_Left_GyroMag_Std,0,0,469,0.4072700640990803,False,False,False
TouchNose_Right_GyroMag_Std,0,0,469,0.37199367516727017,False,False,False
CrossArms_Left_GyroMag_Min,0,0,469,0.00017745619421241418,False,False,False
CrossArms_Right_GyroMag_Min,0,0,469,0.0003095678261783189,False,False,False
DrinkGlas_Left_GyroMag_Min,0,0,469,0.0003860605006711817,False,False,False
DrinkGlas_Right_GyroMag_Min,0,0,469,0.00026211600075095877,False,False,False
Entrainment_Left_GyroMag_Min,0,0,469,0.00016792727572896639,False,False,False
Entrainment_Right_GyroMag_Min,0,0,469,0.00019512049953561013,False,False,False
HoldWeight_Left_GyroMag_Min,0,0,469,5.766837370629749e-05,False,False,False
HoldWeight_Right_GyroMag_Min,0,0,469,0.00012456601414737682,False,False,False
LiftHold_Left_GyroMag_Min,0,0,469,5.198627437048761e-05,False,False,False
LiftHold_Right_GyroMag_Min,0,0,469,6.092716376438576e-05,False,False,False
PointFinger_Left_GyroMag_Min,0,0,469,0.001804016140921608,False,False,False
PointFinger_Right_GyroMag_Min,0,0,469,0.0013751816956248024,False,False,False
RelaxedTask_Left_GyroMag_Min,0,0,469,0.00011039475214391052,False,False,False
RelaxedTask_Right_GyroMag_Min,0,0,469,0.0002618210021241017,False,False,False
Relaxed_Left_GyroMag_Min,0,0,469,9.632635400637812e-05,False,False,False
Relaxed_Right_GyroMag_Min,0,0,469,0.00017948502218315061,False,False,False
StretchHold_Left_GyroMag_Min,0,0,469,4.094512926192355e-05,False,False,False
StretchHold_Right_GyroMag_Min,0,0,469,0.00010643676705285447,False,False,False
TouchIndex_Left_GyroMag_Min,0,0,469,0.002376783879004924,False,False,False
TouchIndex_Right_GyroMag_Min,0,0,469,0.0023530618888478985,False,False,False
TouchNose_Left_GyroMag_Min,0,0,469,0.004414573049200975,False,False,False
TouchNose_Right_GyroMag_Min,0,0,469,0.004031170476441895,False,False,False
CrossArms_Left_GyroMag_Max,0,0,469,3.5522466990771298,False,False,False
CrossArms_Right_GyroMag_Max,0,0,469,3.7149980190167096,False,False,False
DrinkGlas_Left_GyroMag_Max,0,0,469,6.411974432946546,False,False,False
DrinkGlas_Right_GyroMag_Max,0,0,469,6.736805968127401,False,False,False
Entrainment_Left_GyroMag_Max,0,0,469,3.220794510919004,False,False,False
Entrainment_Right_GyroMag_Max,0,0,469,3.6246800342369063,False,False,False
HoldWeight_Left_GyroMag_Max,0,0,469,0.6295520270342326,False,False,False
HoldWeight_Right_GyroMag_Max,0,0,469,0.5498526562740349,False,False,False
LiftHold_Left_GyroMag_Max,0,0,469,1.2813262585541407,False,False,False
LiftHold_Right_GyroMag_Max,0,0,469,1.4605627459908448,False,False,False
PointFinger_Left_GyroMag_Max,0,0,469,3.896094522944256,False,False,False
PointFinger_Right_GyroMag_Max,0,0,469,3.3107752789071188,False,False,False
RelaxedTask_Left_GyroMag_Max,0,0,469,1.8759470783444414,False,False,False
RelaxedTask_Right_GyroMag_Max,0,0,469,1.9789897965540857,False,False,False
Relaxed_Left_GyroMag_Max,0,0,469,1.8672621714650985,False,False,False
Relaxed_Right_GyroMag_Max,0,0,469,1.0903154831399733,False,False,False
StretchHold_Left_GyroMag_Max,0,0,469,0.8389689081942737,False,False,False
StretchHold_Right_GyroMag_Max,0,0,469,1.0888591870540931,False,False,False
TouchIndex_Left_GyroMag_Max,0,0,469,3.751857679110825,False,False,False
TouchIndex_Right_GyroMag_Max,0,0,469,3.784750958380482,False,False,False
TouchNose_Left_GyroMag_Max,0,0,469,9.414082811368266,False,False,False
TouchNose_Right_GyroMag_Max,0,0,469,8.411128354897896,False,False,False
CrossArms_Left_GyroMag_Range,0,0,469,3.5448691666262886,False,False,False
CrossArms_Right_GyroMag_Range,0,0,469,3.6987430868743925,False,False,False
DrinkGlas_Left_GyroMag_Range,0,0,469,6.397427285469004,False,False,False
DrinkGlas_Right_GyroMag_Range,0,0,469,6.727830816262873,False,False,False
Entrainment_Left_GyroMag_Range,0,0,469,3.20567048918416,False,False,False
Entrainment_Right_GyroMag_Range,0,0,469,3.599321089564253,False,False,False
HoldWeight_Left_GyroMag_Range,0,0,469,0.6235981079433696,False,False,False
HoldWeight_Right_GyroMag_Range,0,0,469,0.5395553527673012,False,False,False
LiftHold_Left_GyroMag_Range,0,0,469,1.2776829188998815,False,False,False
LiftHold_Right_GyroMag_Range,0,0,469,1.454884228233184,False,False,False
PointFinger_Left_GyroMag_Range,0,0,469,3.8280811896219364,False,False,False
PointFinger_Right_GyroMag_Range,0,0,469,3.2532362483020227,False,False,False
RelaxedTask_Left_GyroMag_Range,0,0,469,1.8606561750326551,False,False,False
RelaxedTask_Right_GyroMag_Range,0,0,469,1.9494332855516185,False,False,False
Relaxed_Left_GyroMag_Range,0,0,469,1.8564432237426232,False,False,False
Relaxed_Right_GyroMag_Range,0,0,469,1.0740167932778895,False,False,False
StretchHold_Left_GyroMag_Range,0,0,469,0.8328894307934858,False,False,False
StretchHold_Right_GyroMag_Range,0,0,469,1.0762675797692896,False,False,False
TouchIndex_Left_GyroMag_Range,0,0,469,3.683913194081452,False,False,False
TouchIndex_Right_GyroMag_Range,0,0,469,3.7155908955897927,False,False,False
TouchNose_Left_GyroMag_Range,0,0,469,9.235178615448044,False,False,False
TouchNose_Right_GyroMag_Range,0,0,469,8.25184310171773,False,False,False
CrossArms_Left_GyroMag_IQR,0,0,469,0.18810151148262003,False,False,False
CrossArms_Right_GyroMag_IQR,0,0,469,0.24241632140268032,False,False,False
DrinkGlas_Left_GyroMag_IQR,0,0,469,0.11702718126107839,False,False,False
DrinkGlas_Right_GyroMag_IQR,0,0,469,0.14202316576404375,False,False,False
Entrainment_Left_GyroMag_IQR,0,0,469,0.057639651560305934,False,False,False
Entrainment_Right_GyroMag_IQR,0,0,469,0.09242917017220847,False,False,False
HoldWeight_Left_GyroMag_IQR,0,0,469,0.037254158706394175,False,False,False
HoldWeight_Right_GyroMag_IQR,0,0,469,0.03597993066153095,False,False,False
LiftHold_Left_GyroMag_IQR,0,0,469,0.027287550107925124,False,False,False
LiftHold_Right_GyroMag_IQR,0,0,469,0.03198614401174634,False,False,False
PointFinger_Left_GyroMag_IQR,0,0,469,0.48607927089156583,False,False,False
PointFinger_Right_GyroMag_IQR,0,0,469,0.38136438135379663,False,False,False
RelaxedTask_Left_GyroMag_IQR,0,0,469,0.08186796412634714,False,False,False
RelaxedTask_Right_GyroMag_IQR,0,0,469,0.15365351323051615,False,False,False
Relaxed_Left_GyroMag_IQR,0,0,469,0.024890391180082894,False,False,False
Relaxed_Right_GyroMag_IQR,0,0,469,0.06827399321631125,False,False,False
StretchHold_Left_GyroMag_IQR,0,0,469,0.01628379465196411,False,False,False
StretchHold_Right_GyroMag_IQR,0,0,469,0.03738851824960017,False,False,False
TouchIndex_Left_GyroMag_IQR,0,0,469,0.7982328651365909,False,False,False
TouchIndex_Right_GyroMag_IQR,0,0,469,0.7385117784454521,False,False,False
TouchNose_Left_GyroMag_IQR,0,0,469,1.125456061651378,False,False,False
TouchNose_Right_GyroMag_IQR,0,0,469,0.9880265972983684,False,False,False
CrossArms_Left_GyroMag_RMS,0,0,469,0.17636182608328851,False,False,False
CrossArms_Right_GyroMag_RMS,0,0,469,0.22904241360028496,False,False,False
DrinkGlas_Left_GyroMag_RMS,0,0,469,0.1655334276106464,False,False,False
DrinkGlas_Right_GyroMag_RMS,0,0,469,0.20543826295511708,False,False,False
Entrainment_Left_GyroMag_RMS,0,0,469,0.10325241105395574,False,False,False
Entrainment_Right_GyroMag_RMS,0,0,469,0.15294163316900375,False,False,False
HoldWeight_Left_GyroMag_RMS,0,0,469,0.058359061715519016,False,False,False
HoldWeight_Right_GyroMag_RMS,0,0,469,0.0569376140899269,False,False,False
LiftHold_Left_GyroMag_RMS,0,0,469,0.054101537841693935,False,False,False
LiftHold_Right_GyroMag_RMS,0,0,469,0.058772398106686156,False,False,False
PointFinger_Left_GyroMag_RMS,0,0,469,0.45211917273063235,False,False,False
PointFinger_Right_GyroMag_RMS,0,0,469,0.38011473458097367,False,False,False
RelaxedTask_Left_GyroMag_RMS,0,0,469,0.15197439365694557,False,False,False
RelaxedTask_Right_GyroMag_RMS,0,0,469,0.2643083417875293,False,False,False
Relaxed_Left_GyroMag_RMS,0,0,469,0.0661748328688152,False,False,False
Relaxed_Right_GyroMag_RMS,0,0,469,0.14354360268026214,False,False,False
StretchHold_Left_GyroMag_RMS,0,0,469,0.0386161868729854,False,False,False
StretchHold_Right_GyroMag_RMS,0,0,469,0.06985632801981764,False,False,False
TouchIndex_Left_GyroMag_RMS,0,0,469,0.7769724016733114,False,False,False
TouchIndex_Right_GyroMag_RMS,0,0,469,0.7381874841169456,False,False,False
TouchNose_Left_GyroMag_RMS,0,0,469,1.4183200339786515,False,False,False
TouchNose_Right_GyroMag_RMS,0,0,469,1.3021069567766916,False,False,False
CrossArms_Left_GyroMag_Energy,0,0,469,753537.8753145394,False,False,False
CrossArms_Right_GyroMag_Energy,0,0,469,2452092.2366437037,False,False,False
DrinkGlas_Left_GyroMag_Energy,0,0,469,1078305.4060262437,False,False,False
DrinkGlas_Right_GyroMag_Energy,0,0,469,1923822.7662911543,False,False,False
Entrainment_Left_GyroMag_Energy,0,0,469,1848694.3610895555,False,False,False
Entrainment_Right_GyroMag_Energy,0,0,469,10339455.111215632,False,False,False
HoldWeight_Left_GyroMag_Energy,0,0,469,165941.16603216386,False,False,False
HoldWeight_Right_GyroMag_Energy,0,0,469,147005.8558488499,False,False,False
LiftHold_Left_GyroMag_Energy,0,0,469,90018.78320584181,False,False,False
LiftHold_Right_GyroMag_Energy,0,0,469,93151.84157556793,False,False,False
PointFinger_Left_GyroMag_Energy,0,0,469,7086159.647595543,False,False,False
PointFinger_Right_GyroMag_Energy,0,0,469,4984519.43368241,False,False,False
RelaxedTask_Left_GyroMag_Energy,0,0,469,4858438.789030891,False,False,False
RelaxedTask_Right_GyroMag_Energy,0,0,469,17058121.93376417,False,False,False
Relaxed_Left_GyroMag_Energy,0,0,469,1089099.7084547586,False,False,False
Relaxed_Right_GyroMag_Energy,0,0,469,5479495.195842325,False,False,False
StretchHold_Left_GyroMag_Energy,0,0,469,52821.56047275381,False,False,False
StretchHold_Right_GyroMag_Energy,0,0,469,284488.8393810689,False,False,False
TouchIndex_Left_GyroMag_Energy,0,0,469,18576346.968571328,False,False,False
TouchIndex_Right_GyroMag_Energy,0,0,469,17338313.39550734,False,False,False
TouchNose_Left_GyroMag_Energy,0,0,469,83331693.21165842,False,False,False
TouchNose_Right_GyroMag_Energy,0,0,469,73725781.16876824,False,False,False
