participant,signals,variables
001,24,"__columns__, __recording_keys__, CrossArms__LeftWrist, CrossArms__RightWrist, DrinkGlas__LeftWrist, DrinkGlas__RightWrist, Entrainment__LeftWrist, Entrainment__RightWrist, HoldWeight__LeftWrist, HoldWeight__RightWrist, LiftHold__LeftWrist, LiftHold__RightWrist, PointFinger__LeftWrist, PointFinger__RightWrist, Relaxed__LeftWrist, Relaxed__RightWrist, RelaxedTask__LeftWrist, RelaxedTask__RightWrist, StretchHold__LeftWrist, StretchHold__RightWrist, TouchIndex__LeftWrist, TouchIndex__RightWrist, TouchNose__LeftWrist, TouchNose__RightWrist"
002,24,"__columns__, __recording_keys__, CrossArms__LeftWrist, CrossArms__RightWrist, DrinkGlas__LeftWrist, DrinkGlas__RightWrist, Entrainment__LeftWrist, Entrainment__RightWrist, HoldWeight__LeftWrist, HoldWeight__RightWrist, LiftHold__LeftWrist, LiftHold__RightWrist, PointFinger__LeftWrist, PointFinger__RightWrist, Relaxed__LeftWrist, Relaxed__RightWrist, RelaxedTask__LeftWrist, RelaxedTask__RightWrist, StretchHold__LeftWrist, StretchHold__RightWrist, TouchIndex__LeftWrist, TouchIndex__RightWrist, TouchNose__LeftWrist, TouchNose__RightWrist"
003,24,"__columns__, __recording_keys__, CrossArms__LeftWrist, CrossArms__RightWrist, DrinkGlas__LeftWrist, DrinkGlas__RightWrist, Entrainment__LeftWrist, Entrainment__RightWrist, HoldWeight__LeftWrist, HoldWeight__RightWrist, LiftHold__LeftWrist, LiftHold__RightWrist, PointFinger__LeftWrist, PointFinger__RightWrist, Relaxed__LeftWrist, Relaxed__RightWrist, RelaxedTask__LeftWrist, RelaxedTask__RightWrist, StretchHold__LeftWrist, StretchHold__RightWrist, TouchIndex__LeftWrist, TouchIndex__RightWrist, TouchNose__LeftWrist, TouchNose__RightWrist"
004,24,"__columns__, __recording_keys__, CrossArms__LeftWrist, CrossArms__RightWrist, DrinkGlas__LeftWrist, DrinkGlas__RightWrist, Entrainment__LeftWrist, Entrainment__RightWrist, HoldWeight__LeftWrist, HoldWeight__RightWrist, LiftHold__LeftWrist, LiftHold__RightWrist, PointFinger__LeftWrist, PointFinger__RightWrist, Relaxed__LeftWrist, Relaxed__RightWrist, RelaxedTask__LeftWrist, RelaxedTask__RightWrist, StretchHold__LeftWrist, StretchHold__RightWrist, TouchIndex__LeftWrist, TouchIndex__RightWrist, TouchNose__LeftWrist, TouchNose__RightWrist"
005,24,"__columns__, __recording_keys__, CrossArms__LeftWrist, CrossArms__RightWrist, DrinkGlas__LeftWrist, DrinkGlas__RightWrist, Entrainment__LeftWrist, Entrainment__RightWrist, HoldWeight__LeftWrist, HoldWeight__RightWrist, LiftHold__LeftWrist, LiftHold__RightWrist, PointFinger__LeftWrist, PointFinger__RightWrist, Relaxed__LeftWrist, Relaxed__RightWrist, RelaxedTask__LeftWrist, RelaxedTask__RightWrist, StretchHold__LeftWrist, StretchHold__RightWrist, TouchIndex__LeftWrist, TouchIndex__RightWrist, TouchNose__LeftWrist, TouchNose__RightWrist"
006,24,"__columns__, __recording_keys__, CrossArms__LeftWrist, CrossArms__RightWrist, DrinkGlas__LeftWrist, DrinkGlas__RightWrist, Entrainment__LeftWrist, Entrainment__RightWrist, HoldWeight__LeftWrist, HoldWeight__RightWrist, LiftHold__LeftWrist, LiftHold__RightWrist, PointFinger__LeftWrist, PointFinger__RightWrist, Relaxed__LeftWrist, Relaxed__RightWrist, RelaxedTask__LeftWrist, RelaxedTask__RightWrist, StretchHold__LeftWrist, StretchHold__RightWrist, TouchIndex__LeftWrist, TouchIndex__RightWrist, TouchNose__LeftWrist, TouchNose__RightWrist"
007,24,"__columns__, __recording_keys__, CrossArms__LeftWrist, CrossArms__RightWrist, DrinkGlas__LeftWrist, DrinkGlas__RightWrist, Entrainment__LeftWrist, Entrainment__RightWrist, HoldWeight__LeftWrist, HoldWeight__RightWrist, LiftHold__LeftWrist, LiftHold__RightWrist, PointFinger__LeftWrist, PointFinger__RightWrist, Relaxed__LeftWrist, Relaxed__RightWrist, RelaxedTask__LeftWrist, RelaxedTask__RightWrist, StretchHold__LeftWrist, StretchHold__RightWrist, TouchIndex__LeftWrist, TouchIndex__RightWrist, TouchNose__LeftWrist, TouchNose__RightWrist"
008,24,"__columns__, __recording_keys__, CrossArms__LeftWrist, CrossArms__RightWrist, DrinkGlas__LeftWrist, DrinkGlas__RightWrist, Entrainment__LeftWrist, Entrainment__RightWrist, HoldWeight__LeftWrist, HoldWeight__RightWrist, LiftHold__LeftWrist, LiftHold__RightWrist, PointFinger__LeftWrist, PointFinger__RightWrist, Relaxed__LeftWrist, Relaxed__RightWrist, RelaxedTask__LeftWrist, RelaxedTask__RightWrist, StretchHold__LeftWrist, StretchHold__RightWrist, TouchIndex__LeftWrist, TouchIndex__RightWrist, TouchNose__LeftWrist, TouchNose__RightWrist"
009,24,"__columns__, __recording_keys__, CrossArms__LeftWrist, CrossArms__RightWrist, DrinkGlas__LeftWrist, DrinkGlas__RightWrist, Entrainment__LeftWrist, Entrainment__RightWrist, HoldWeight__LeftWrist, HoldWeight__RightWrist, LiftHold__LeftWrist, LiftHold__RightWrist, PointFinger__LeftWrist, PointFinger__RightWrist, Relaxed__LeftWrist, Relaxed__RightWrist, RelaxedTask__LeftWrist, RelaxedTask__RightWrist, StretchHold__LeftWrist, StretchHold__RightWrist, TouchIndex__LeftWrist, TouchIndex__RightWrist, TouchNose__LeftWrist, TouchNose__RightWrist"
010,24,"__columns__, __recording_keys__, CrossArms__LeftWrist, CrossArms__RightWrist, DrinkGlas__LeftWrist, DrinkGlas__RightWrist, Entrainment__LeftWrist, Entrainment__RightWrist, HoldWeight__LeftWrist, HoldWeight__RightWrist, LiftHold__LeftWrist, LiftHold__RightWrist, PointFinger__LeftWrist, PointFinger__RightWrist, Relaxed__LeftWrist, Relaxed__RightWrist, RelaxedTask__LeftWrist, RelaxedTask__RightWrist, StretchHold__LeftWrist, StretchHold__RightWrist, TouchIndex__LeftWrist, TouchIndex__RightWrist, TouchNose__LeftWrist, TouchNose__RightWrist"
011,24,"__columns__, __recording_keys__, CrossArms__LeftWrist, CrossArms__RightWrist, DrinkGlas__LeftWrist, DrinkGlas__RightWrist, Entrainment__LeftWrist, Entrainment__RightWrist, HoldWeight__LeftWrist, HoldWeight__RightWrist, LiftHold__LeftWrist, LiftHold__RightWrist, PointFinger__LeftWrist, PointFinger__RightWrist, Relaxed__LeftWrist, Relaxed__RightWrist, RelaxedTask__LeftWrist, RelaxedTask__RightWrist, StretchHold__LeftWrist, StretchHold__RightWrist, TouchIndex__LeftWrist, TouchIndex__RightWrist, TouchNose__LeftWrist, TouchNose__RightWrist"
012,24,"__columns__, __recording_keys__, CrossArms__LeftWrist, CrossArms__RightWrist, DrinkGlas__LeftWrist, DrinkGlas__RightWrist, Entrainment__LeftWrist, Entrainment__RightWrist, HoldWeight__LeftWrist, HoldWeight__RightWrist, LiftHold__LeftWrist, LiftHold__RightWrist, PointFinger__LeftWrist, PointFinger__RightWrist, Relaxed__LeftWrist, Relaxed__RightWrist, RelaxedTask__LeftWrist, RelaxedTask__RightWrist, StretchHold__LeftWrist, StretchHold__RightWrist, TouchIndex__LeftWrist, TouchIndex__RightWrist, TouchNose__LeftWrist, TouchNose__RightWrist"
013,24,"__columns__, __recording_keys__, CrossArms__LeftWrist, CrossArms__RightWrist, DrinkGlas__LeftWrist, DrinkGlas__RightWrist, Entrainment__LeftWrist, Entrainment__RightWrist, HoldWeight__LeftWrist, HoldWeight__RightWrist, LiftHold__LeftWrist, LiftHold__RightWrist, PointFinger__LeftWrist, PointFinger__RightWrist, Relaxed__LeftWrist, Relaxed__RightWrist, RelaxedTask__LeftWrist, RelaxedTask__RightWrist, StretchHold__LeftWrist, StretchHold__RightWrist, TouchIndex__LeftWrist, TouchIndex__RightWrist, TouchNose__LeftWrist, TouchNose__RightWrist"
014,24,"__columns__, __recording_keys__, CrossArms__LeftWrist, CrossArms__RightWrist, DrinkGlas__LeftWrist, DrinkGlas__RightWrist, Entrainment__LeftWrist, Entrainment__RightWrist, HoldWeight__LeftWrist, HoldWeight__RightWrist, LiftHold__LeftWrist, LiftHold__RightWrist, PointFinger__LeftWrist, PointFinger__RightWrist, Relaxed__LeftWrist, Relaxed__RightWrist, RelaxedTask__LeftWrist, RelaxedTask__RightWrist, StretchHold__LeftWrist, StretchHold__RightWrist, TouchIndex__LeftWrist, TouchIndex__RightWrist, TouchNose__LeftWrist, TouchNose__RightWrist"
015,24,"__columns__, __recording_keys__, CrossArms__LeftWrist, CrossArms__RightWrist, DrinkGlas__LeftWrist, DrinkGlas__RightWrist, Entrainment__LeftWrist, Entrainment__RightWrist, HoldWeight__LeftWrist, HoldWeight__RightWrist, LiftHold__LeftWrist, LiftHold__RightWrist, PointFinger__LeftWrist, PointFinger__RightWrist, Relaxed__LeftWrist, Relaxed__RightWrist, RelaxedTask__LeftWrist, RelaxedTask__RightWrist, StretchHold__LeftWrist, StretchHold__RightWrist, TouchIndex__LeftWrist, TouchIndex__RightWrist, TouchNose__LeftWrist, TouchNose__RightWrist"
016,24,"__columns__, __recording_keys__, CrossArms__LeftWrist, CrossArms__RightWrist, DrinkGlas__LeftWrist, DrinkGlas__RightWrist, Entrainment__LeftWrist, Entrainment__RightWrist, HoldWeight__LeftWrist, HoldWeight__RightWrist, LiftHold__LeftWrist, LiftHold__RightWrist, PointFinger__LeftWrist, PointFinger__RightWrist, Relaxed__LeftWrist, Relaxed__RightWrist, RelaxedTask__LeftWrist, RelaxedTask__RightWrist, StretchHold__LeftWrist, StretchHold__RightWrist, TouchIndex__LeftWrist, TouchIndex__RightWrist, TouchNose__LeftWrist, TouchNose__RightWrist"
017,24,"__columns__, __recording_keys__, CrossArms__LeftWrist, CrossArms__RightWrist, DrinkGlas__LeftWrist, DrinkGlas__RightWrist, Entrainment__LeftWrist, Entrainment__RightWrist, HoldWeight__LeftWrist, HoldWeight__RightWrist, LiftHold__LeftWrist, LiftHold__RightWrist, PointFinger__LeftWrist, PointFinger__RightWrist, Relaxed__LeftWrist, Relaxed__RightWrist, RelaxedTask__LeftWrist, RelaxedTask__RightWrist, StretchHold__LeftWrist, StretchHold__RightWrist, TouchIndex__LeftWrist, TouchIndex__RightWrist, TouchNose__LeftWrist, TouchNose__RightWrist"
018,24,"__columns__, __recording_keys__, CrossArms__LeftWrist, CrossArms__RightWrist, DrinkGlas__LeftWrist, DrinkGlas__RightWrist, Entrainment__LeftWrist, Entrainment__RightWrist, HoldWeight__LeftWrist, HoldWeight__RightWrist, LiftHold__LeftWrist, LiftHold__RightWrist, PointFinger__LeftWrist, PointFinger__RightWrist, Relaxed__LeftWrist, Relaxed__RightWrist, RelaxedTask__LeftWrist, RelaxedTask__RightWrist, StretchHold__LeftWrist, StretchHold__RightWrist, TouchIndex__LeftWrist, TouchIndex__RightWrist, TouchNose__LeftWrist, TouchNose__RightWrist"
019,24,"__columns__, __recording_keys__, CrossArms__LeftWrist, CrossArms__RightWrist, DrinkGlas__LeftWrist, DrinkGlas__RightWrist, Entrainment__LeftWrist, Entrainment__RightWrist, HoldWeight__LeftWrist, HoldWeight__RightWrist, LiftHold__LeftWrist, LiftHold__RightWrist, PointFinger__LeftWrist, PointFinger__RightWrist, Relaxed__LeftWrist, Relaxed__RightWrist, RelaxedTask__LeftWrist, RelaxedTask__RightWrist, StretchHold__LeftWrist, StretchHold__RightWrist, TouchIndex__LeftWrist, TouchIndex__RightWrist, TouchNose__LeftWrist, TouchNose__RightWrist"
020,24,"__columns__, __recording_keys__, CrossArms__LeftWrist, CrossArms__RightWrist, DrinkGlas__LeftWrist, DrinkGlas__RightWrist, Entrainment__LeftWrist, Entrainment__RightWrist, HoldWeight__LeftWrist, HoldWeight__RightWrist, LiftHold__LeftWrist, LiftHold__RightWrist, PointFinger__LeftWrist, PointFinger__RightWrist, Relaxed__LeftWrist, Relaxed__RightWrist, RelaxedTask__LeftWrist, RelaxedTask__RightWrist, StretchHold__LeftWrist, StretchHold__RightWrist, TouchIndex__LeftWrist, TouchIndex__RightWrist, TouchNose__LeftWrist, TouchNose__RightWrist"
021,24,"__columns__, __recording_keys__, CrossArms__LeftWrist, CrossArms__RightWrist, DrinkGlas__LeftWrist, DrinkGlas__RightWrist, Entrainment__LeftWrist, Entrainment__RightWrist, HoldWeight__LeftWrist, HoldWeight__RightWrist, LiftHold__LeftWrist, LiftHold__RightWrist, PointFinger__LeftWrist, PointFinger__RightWrist, Relaxed__LeftWrist, Relaxed__RightWrist, RelaxedTask__LeftWrist, RelaxedTask__RightWrist, StretchHold__LeftWrist, StretchHold__RightWrist, TouchIndex__LeftWrist, TouchIndex__RightWrist, TouchNose__LeftWrist, TouchNose__RightWrist"
022,24,"__columns__, __recording_keys__, CrossArms__LeftWrist, CrossArms__RightWrist, DrinkGlas__LeftWrist, DrinkGlas__RightWrist, Entrainment__LeftWrist, Entrainment__RightWrist, HoldWeight__LeftWrist, HoldWeight__RightWrist, LiftHold__LeftWrist, LiftHold__RightWrist, PointFinger__LeftWrist, PointFinger__RightWrist, Relaxed__LeftWrist, Relaxed__RightWrist, RelaxedTask__LeftWrist, RelaxedTask__RightWrist, StretchHold__LeftWrist, StretchHold__RightWrist, TouchIndex__LeftWrist, TouchIndex__RightWrist, TouchNose__LeftWrist, TouchNose__RightWrist"
023,24,"__columns__, __recording_keys__, CrossArms__LeftWrist, CrossArms__RightWrist, DrinkGlas__LeftWrist, DrinkGlas__RightWrist, Entrainment__LeftWrist, Entrainment__RightWrist, HoldWeight__LeftWrist, HoldWeight__RightWrist, LiftHold__LeftWrist, LiftHold__RightWrist, PointFinger__LeftWrist, PointFinger__RightWrist, Relaxed__LeftWrist, Relaxed__RightWrist, RelaxedTask__LeftWrist, RelaxedTask__RightWrist, StretchHold__LeftWrist, StretchHold__RightWrist, TouchIndex__LeftWrist, TouchIndex__RightWrist, TouchNose__LeftWrist, TouchNose__RightWrist"
024,24,"__columns__, __recording_keys__, CrossArms__LeftWrist, CrossArms__RightWrist, DrinkGlas__LeftWrist, DrinkGlas__RightWrist, Entrainment__LeftWrist, Entrainment__RightWrist, HoldWeight__LeftWrist, HoldWeight__RightWrist, LiftHold__LeftWrist, LiftHold__RightWrist, PointFinger__LeftWrist, PointFinger__RightWrist, Relaxed__LeftWrist, Relaxed__RightWrist, RelaxedTask__LeftWrist, RelaxedTask__RightWrist, StretchHold__LeftWrist, StretchHold__RightWrist, TouchIndex__LeftWrist, TouchIndex__RightWrist, TouchNose__LeftWrist, TouchNose__RightWrist"
025,24,"__columns__, __recording_keys__, CrossArms__LeftWrist, CrossArms__RightWrist, DrinkGlas__LeftWrist, DrinkGlas__RightWrist, Entrainment__LeftWrist, Entrainment__RightWrist, HoldWeight__LeftWrist, HoldWeight__RightWrist, LiftHold__LeftWrist, LiftHold__RightWrist, PointFinger__LeftWrist, PointFinger__RightWrist, Relaxed__LeftWrist, Relaxed__RightWrist, RelaxedTask__LeftWrist, RelaxedTask__RightWrist, StretchHold__LeftWrist, StretchHold__RightWrist, TouchIndex__LeftWrist, TouchIndex__RightWrist, TouchNose__LeftWrist, TouchNose__RightWrist"
026,24,"__columns__, __recording_keys__, CrossArms__LeftWrist, CrossArms__RightWrist, DrinkGlas__LeftWrist, DrinkGlas__RightWrist, Entrainment__LeftWrist, Entrainment__RightWrist, HoldWeight__LeftWrist, HoldWeight__RightWrist, LiftHold__LeftWrist, LiftHold__RightWrist, PointFinger__LeftWrist, PointFinger__RightWrist, Relaxed__LeftWrist, Relaxed__RightWrist, RelaxedTask__LeftWrist, RelaxedTask__RightWrist, StretchHold__LeftWrist, StretchHold__RightWrist, TouchIndex__LeftWrist, TouchIndex__RightWrist, TouchNose__LeftWrist, TouchNose__RightWrist"
027,24,"__columns__, __recording_keys__, CrossArms__LeftWrist, CrossArms__RightWrist, DrinkGlas__LeftWrist, DrinkGlas__RightWrist, Entrainment__LeftWrist, Entrainment__RightWrist, HoldWeight__LeftWrist, HoldWeight__RightWrist, LiftHold__LeftWrist, LiftHold__RightWrist, PointFinger__LeftWrist, PointFinger__RightWrist, Relaxed__LeftWrist, Relaxed__RightWrist, RelaxedTask__LeftWrist, RelaxedTask__RightWrist, StretchHold__LeftWrist, StretchHold__RightWrist, TouchIndex__LeftWrist, TouchIndex__RightWrist, TouchNose__LeftWrist, TouchNose__RightWrist"
028,24,"__columns__, __recording_keys__, CrossArms__LeftWrist, CrossArms__RightWrist, DrinkGlas__LeftWrist, DrinkGlas__RightWrist, Entrainment__LeftWrist, Entrainment__RightWrist, HoldWeight__LeftWrist, HoldWeight__RightWrist, LiftHold__LeftWrist, LiftHold__RightWrist, PointFinger__LeftWrist, PointFinger__RightWrist, Relaxed__LeftWrist, Relaxed__RightWrist, RelaxedTask__LeftWrist, RelaxedTask__RightWrist, StretchHold__LeftWrist, StretchHold__RightWrist, TouchIndex__LeftWrist, TouchIndex__RightWrist, TouchNose__LeftWrist, TouchNose__RightWrist"
029,24,"__columns__, __recording_keys__, CrossArms__LeftWrist, CrossArms__RightWrist, DrinkGlas__LeftWrist, DrinkGlas__RightWrist, Entrainment__LeftWrist, Entrainment__RightWrist, HoldWeight__LeftWrist, HoldWeight__RightWrist, LiftHold__LeftWrist, LiftHold__RightWrist, PointFinger__LeftWrist, PointFinger__RightWrist, Relaxed__LeftWrist, Relaxed__RightWrist, RelaxedTask__LeftWrist, RelaxedTask__RightWrist, StretchHold__LeftWrist, StretchHold__RightWrist, TouchIndex__LeftWrist, TouchIndex__RightWrist, TouchNose__LeftWrist, TouchNose__RightWrist"
030,24,"__columns__, __recording_keys__, CrossArms__LeftWrist, CrossArms__RightWrist, DrinkGlas__LeftWrist, DrinkGlas__RightWrist, Entrainment__LeftWrist, Entrainment__RightWrist, HoldWeight__LeftWrist, HoldWeight__RightWrist, LiftHold__LeftWrist, LiftHold__RightWrist, PointFinger__LeftWrist, PointFinger__RightWrist, Relaxed__LeftWrist, Relaxed__RightWrist, RelaxedTask__LeftWrist, RelaxedTask__RightWrist, StretchHold__LeftWrist, StretchHold__RightWrist, TouchIndex__LeftWrist, TouchIndex__RightWrist, TouchNose__LeftWrist, TouchNose__RightWrist"
031,24,"__columns__, __recording_keys__, CrossArms__LeftWrist, CrossArms__RightWrist, DrinkGlas__LeftWrist, DrinkGlas__RightWrist, Entrainment__LeftWrist, Entrainment__RightWrist, HoldWeight__LeftWrist, HoldWeight__RightWrist, LiftHold__LeftWrist, LiftHold__RightWrist, PointFinger__LeftWrist, PointFinger__RightWrist, Relaxed__LeftWrist, Relaxed__RightWrist, RelaxedTask__LeftWrist, RelaxedTask__RightWrist, StretchHold__LeftWrist, StretchHold__RightWrist, TouchIndex__LeftWrist, TouchIndex__RightWrist, TouchNose__LeftWrist, TouchNose__RightWrist"
032,24,"__columns__, __recording_keys__, CrossArms__LeftWrist, CrossArms__RightWrist, DrinkGlas__LeftWrist, DrinkGlas__RightWrist, Entrainment__LeftWrist, Entrainment__RightWrist, HoldWeight__LeftWrist, HoldWeight__RightWrist, LiftHold__LeftWrist, LiftHold__RightWrist, PointFinger__LeftWrist, PointFinger__RightWrist, Relaxed__LeftWrist, Relaxed__RightWrist, RelaxedTask__LeftWrist, RelaxedTask__RightWrist, StretchHold__LeftWrist, StretchHold__RightWrist, TouchIndex__LeftWrist, TouchIndex__RightWrist, TouchNose__LeftWrist, TouchNose__RightWrist"
033,24,"__columns__, __recording_keys__, CrossArms__LeftWrist, CrossArms__RightWrist, DrinkGlas__LeftWrist, DrinkGlas__RightWrist, Entrainment__LeftWrist, Entrainment__RightWrist, HoldWeight__LeftWrist, HoldWeight__RightWrist, LiftHold__LeftWrist, LiftHold__RightWrist, PointFinger__LeftWrist, PointFinger__RightWrist, Relaxed__LeftWrist, Relaxed__RightWrist, RelaxedTask__LeftWrist, RelaxedTask__RightWrist, StretchHold__LeftWrist, StretchHold__RightWrist, TouchIndex__LeftWrist, TouchIndex__RightWrist, TouchNose__LeftWrist, TouchNose__RightWrist"
034,24,"__columns__, __recording_keys__, CrossArms__LeftWrist, CrossArms__RightWrist, DrinkGlas__LeftWrist, DrinkGlas__RightWrist, Entrainment__LeftWrist, Entrainment__RightWrist, HoldWeight__LeftWrist, HoldWeight__RightWrist, LiftHold__LeftWrist, LiftHold__RightWrist, PointFinger__LeftWrist, PointFinger__RightWrist, Relaxed__LeftWrist, Relaxed__RightWrist, RelaxedTask__LeftWrist, RelaxedTask__RightWrist, StretchHold__LeftWrist, StretchHold__RightWrist, TouchIndex__LeftWrist, TouchIndex__RightWrist, TouchNose__LeftWrist, TouchNose__RightWrist"
035,24,"__columns__, __recording_keys__, CrossArms__LeftWrist, CrossArms__RightWrist, DrinkGlas__LeftWrist, DrinkGlas__RightWrist, Entrainment__LeftWrist, Entrainment__RightWrist, HoldWeight__LeftWrist, HoldWeight__RightWrist, LiftHold__LeftWrist, LiftHold__RightWrist, PointFinger__LeftWrist, PointFinger__RightWrist, Relaxed__LeftWrist, Relaxed__RightWrist, RelaxedTask__LeftWrist, RelaxedTask__RightWrist, StretchHold__LeftWrist, StretchHold__RightWrist, TouchIndex__LeftWrist, TouchIndex__RightWrist, TouchNose__LeftWrist, TouchNose__RightWrist"
036,24,"__columns__, __recording_keys__, CrossArms__LeftWrist, CrossArms__RightWrist, DrinkGlas__LeftWrist, DrinkGlas__RightWrist, Entrainment__LeftWrist, Entrainment__RightWrist, HoldWeight__LeftWrist, HoldWeight__RightWrist, LiftHold__LeftWrist, LiftHold__RightWrist, PointFinger__LeftWrist, PointFinger__RightWrist, Relaxed__LeftWrist, Relaxed__RightWrist, RelaxedTask__LeftWrist, RelaxedTask__RightWrist, StretchHold__LeftWrist, StretchHold__RightWrist, TouchIndex__LeftWrist, TouchIndex__RightWrist, TouchNose__LeftWrist, TouchNose__RightWrist"
037,24,"__columns__, __recording_keys__, CrossArms__LeftWrist, CrossArms__RightWrist, DrinkGlas__LeftWrist, DrinkGlas__RightWrist, Entrainment__LeftWrist, Entrainment__RightWrist, HoldWeight__LeftWrist, HoldWeight__RightWrist, LiftHold__LeftWrist, LiftHold__RightWrist, PointFinger__LeftWrist, PointFinger__RightWrist, Relaxed__LeftWrist, Relaxed__RightWrist, RelaxedTask__LeftWrist, RelaxedTask__RightWrist, StretchHold__LeftWrist, StretchHold__RightWrist, TouchIndex__LeftWrist, TouchIndex__RightWrist, TouchNose__LeftWrist, TouchNose__RightWrist"
038,24,"__columns__, __recording_keys__, CrossArms__LeftWrist, CrossArms__RightWrist, DrinkGlas__LeftWrist, DrinkGlas__RightWrist, Entrainment__LeftWrist, Entrainment__RightWrist, HoldWeight__LeftWrist, HoldWeight__RightWrist, LiftHold__LeftWrist, LiftHold__RightWrist, PointFinger__LeftWrist, PointFinger__RightWrist, Relaxed__LeftWrist, Relaxed__RightWrist, RelaxedTask__LeftWrist, RelaxedTask__RightWrist, StretchHold__LeftWrist, StretchHold__RightWrist, TouchIndex__LeftWrist, TouchIndex__RightWrist, TouchNose__LeftWrist, TouchNose__RightWrist"
039,24,"__columns__, __recording_keys__, CrossArms__LeftWrist, CrossArms__RightWrist, DrinkGlas__LeftWrist, DrinkGlas__RightWrist, Entrainment__LeftWrist, Entrainment__RightWrist, HoldWeight__LeftWrist, HoldWeight__RightWrist, LiftHold__LeftWrist, LiftHold__RightWrist, PointFinger__LeftWrist, PointFinger__RightWrist, Relaxed__LeftWrist, Relaxed__RightWrist, RelaxedTask__LeftWrist, RelaxedTask__RightWrist, StretchHold__LeftWrist, StretchHold__RightWrist, TouchIndex__LeftWrist, TouchIndex__RightWrist, TouchNose__LeftWrist, TouchNose__RightWrist"
040,24,"__columns__, __recording_keys__, CrossArms__LeftWrist, CrossArms__RightWrist, DrinkGlas__LeftWrist, DrinkGlas__RightWrist, Entrainment__LeftWrist, Entrainment__RightWrist, HoldWeight__LeftWrist, HoldWeight__RightWrist, LiftHold__LeftWrist, LiftHold__RightWrist, PointFinger__LeftWrist, PointFinger__RightWrist, Relaxed__LeftWrist, Relaxed__RightWrist, RelaxedTask__LeftWrist, RelaxedTask__RightWrist, StretchHold__LeftWrist, StretchHold__RightWrist, TouchIndex__LeftWrist, TouchIndex__RightWrist, TouchNose__LeftWrist, TouchNose__RightWrist"
041,24,"__columns__, __recording_keys__, CrossArms__LeftWrist, CrossArms__RightWrist, DrinkGlas__LeftWrist, DrinkGlas__RightWrist, Entrainment__LeftWrist, Entrainment__RightWrist, HoldWeight__LeftWrist, HoldWeight__RightWrist, LiftHold__LeftWrist, LiftHold__RightWrist, PointFinger__LeftWrist, PointFinger__RightWrist, Relaxed__LeftWrist, Relaxed__RightWrist, RelaxedTask__LeftWrist, RelaxedTask__RightWrist, StretchHold__LeftWrist, StretchHold__RightWrist, TouchIndex__LeftWrist, TouchIndex__RightWrist, TouchNose__LeftWrist, TouchNose__RightWrist"
042,24,"__columns__, __recording_keys__, CrossArms__LeftWrist, CrossArms__RightWrist, DrinkGlas__LeftWrist, DrinkGlas__RightWrist, Entrainment__LeftWrist, Entrainment__RightWrist, HoldWeight__LeftWrist, HoldWeight__RightWrist, LiftHold__LeftWrist, LiftHold__RightWrist, PointFinger__LeftWrist, PointFinger__RightWrist, Relaxed__LeftWrist, Relaxed__RightWrist, RelaxedTask__LeftWrist, RelaxedTask__RightWrist, StretchHold__LeftWrist, StretchHold__RightWrist, TouchIndex__LeftWrist, TouchIndex__RightWrist, TouchNose__LeftWrist, TouchNose__RightWrist"
043,24,"__columns__, __recording_keys__, CrossArms__LeftWrist, CrossArms__RightWrist, DrinkGlas__LeftWrist, DrinkGlas__RightWrist, Entrainment__LeftWrist, Entrainment__RightWrist, HoldWeight__LeftWrist, HoldWeight__RightWrist, LiftHold__LeftWrist, LiftHold__RightWrist, PointFinger__LeftWrist, PointFinger__RightWrist, Relaxed__LeftWrist, Relaxed__RightWrist, RelaxedTask__LeftWrist, RelaxedTask__RightWrist, StretchHold__LeftWrist, StretchHold__RightWrist, TouchIndex__LeftWrist, TouchIndex__RightWrist, TouchNose__LeftWrist, TouchNose__RightWrist"
044,24,"__columns__, __recording_keys__, CrossArms__LeftWrist, CrossArms__RightWrist, DrinkGlas__LeftWrist, DrinkGlas__RightWrist, Entrainment__LeftWrist, Entrainment__RightWrist, HoldWeight__LeftWrist, HoldWeight__RightWrist, LiftHold__LeftWrist, LiftHold__RightWrist, PointFinger__LeftWrist, PointFinger__RightWrist, Relaxed__LeftWrist, Relaxed__RightWrist, RelaxedTask__LeftWrist, RelaxedTask__RightWrist, StretchHold__LeftWrist, StretchHold__RightWrist, TouchIndex__LeftWrist, TouchIndex__RightWrist, TouchNose__LeftWrist, TouchNose__RightWrist"
045,24,"__columns__, __recording_keys__, CrossArms__LeftWrist, CrossArms__RightWrist, DrinkGlas__LeftWrist, DrinkGlas__RightWrist, Entrainment__LeftWrist, Entrainment__RightWrist, HoldWeight__LeftWrist, HoldWeight__RightWrist, LiftHold__LeftWrist, LiftHold__RightWrist, PointFinger__LeftWrist, PointFinger__RightWrist, Relaxed__LeftWrist, Relaxed__RightWrist, RelaxedTask__LeftWrist, RelaxedTask__RightWrist, StretchHold__LeftWrist, StretchHold__RightWrist, TouchIndex__LeftWrist, TouchIndex__RightWrist, TouchNose__LeftWrist, TouchNose__RightWrist"
046,24,"__columns__, __recording_keys__, CrossArms__LeftWrist, CrossArms__RightWrist, DrinkGlas__LeftWrist, DrinkGlas__RightWrist, Entrainment__LeftWrist, Entrainment__RightWrist, HoldWeight__LeftWrist, HoldWeight__RightWrist, LiftHold__LeftWrist, LiftHold__RightWrist, PointFinger__LeftWrist, PointFinger__RightWrist, Relaxed__LeftWrist, Relaxed__RightWrist, RelaxedTask__LeftWrist, RelaxedTask__RightWrist, StretchHold__LeftWrist, StretchHold__RightWrist, TouchIndex__LeftWrist, TouchIndex__RightWrist, TouchNose__LeftWrist, TouchNose__RightWrist"
047,24,"__columns__, __recording_keys__, CrossArms__LeftWrist, CrossArms__RightWrist, DrinkGlas__LeftWrist, DrinkGlas__RightWrist, Entrainment__LeftWrist, Entrainment__RightWrist, HoldWeight__LeftWrist, HoldWeight__RightWrist, LiftHold__LeftWrist, LiftHold__RightWrist, PointFinger__LeftWrist, PointFinger__RightWrist, Relaxed__LeftWrist, Relaxed__RightWrist, RelaxedTask__LeftWrist, RelaxedTask__RightWrist, StretchHold__LeftWrist, StretchHold__RightWrist, TouchIndex__LeftWrist, TouchIndex__RightWrist, TouchNose__LeftWrist, TouchNose__RightWrist"
048,24,"__columns__, __recording_keys__, CrossArms__LeftWrist, CrossArms__RightWrist, DrinkGlas__LeftWrist, DrinkGlas__RightWrist, Entrainment__LeftWrist, Entrainment__RightWrist, HoldWeight__LeftWrist, HoldWeight__RightWrist, LiftHold__LeftWrist, LiftHold__RightWrist, PointFinger__LeftWrist, PointFinger__RightWrist, Relaxed__LeftWrist, Relaxed__RightWrist, RelaxedTask__LeftWrist, RelaxedTask__RightWrist, StretchHold__LeftWrist, StretchHold__RightWrist, TouchIndex__LeftWrist, TouchIndex__RightWrist, TouchNose__LeftWrist, TouchNose__RightWrist"
049,24,"__columns__, __recording_keys__, CrossArms__LeftWrist, CrossArms__RightWrist, DrinkGlas__LeftWrist, DrinkGlas__RightWrist, Entrainment__LeftWrist, Entrainment__RightWrist, HoldWeight__LeftWrist, HoldWeight__RightWrist, LiftHold__LeftWrist, LiftHold__RightWrist, PointFinger__LeftWrist, PointFinger__RightWrist, Relaxed__LeftWrist, Relaxed__RightWrist, RelaxedTask__LeftWrist, RelaxedTask__RightWrist, StretchHold__LeftWrist, StretchHold__RightWrist, TouchIndex__LeftWrist, TouchIndex__RightWrist, TouchNose__LeftWrist, TouchNose__RightWrist"
050,24,"__columns__, __recording_keys__, CrossArms__LeftWrist, CrossArms__RightWrist, DrinkGlas__LeftWrist, DrinkGlas__RightWrist, Entrainment__LeftWrist, Entrainment__RightWrist, HoldWeight__LeftWrist, HoldWeight__RightWrist, LiftHold__LeftWrist, LiftHold__RightWrist, PointFinger__LeftWrist, PointFinger__RightWrist, Relaxed__LeftWrist, Relaxed__RightWrist, RelaxedTask__LeftWrist, RelaxedTask__RightWrist, StretchHold__LeftWrist, StretchHold__RightWrist, TouchIndex__LeftWrist, TouchIndex__RightWrist, TouchNose__LeftWrist, TouchNose__RightWrist"
051,24,"__columns__, __recording_keys__, CrossArms__LeftWrist, CrossArms__RightWrist, DrinkGlas__LeftWrist, DrinkGlas__RightWrist, Entrainment__LeftWrist, Entrainment__RightWrist, HoldWeight__LeftWrist, HoldWeight__RightWrist, LiftHold__LeftWrist, LiftHold__RightWrist, PointFinger__LeftWrist, PointFinger__RightWrist, Relaxed__LeftWrist, Relaxed__RightWrist, RelaxedTask__LeftWrist, RelaxedTask__RightWrist, StretchHold__LeftWrist, StretchHold__RightWrist, TouchIndex__LeftWrist, TouchIndex__RightWrist, TouchNose__LeftWrist, TouchNose__RightWrist"
052,24,"__columns__, __recording_keys__, CrossArms__LeftWrist, CrossArms__RightWrist, DrinkGlas__LeftWrist, DrinkGlas__RightWrist, Entrainment__LeftWrist, Entrainment__RightWrist, HoldWeight__LeftWrist, HoldWeight__RightWrist, LiftHold__LeftWrist, LiftHold__RightWrist, PointFinger__LeftWrist, PointFinger__RightWrist, Relaxed__LeftWrist, Relaxed__RightWrist, RelaxedTask__LeftWrist, RelaxedTask__RightWrist, StretchHold__LeftWrist, StretchHold__RightWrist, TouchIndex__LeftWrist, TouchIndex__RightWrist, TouchNose__LeftWrist, TouchNose__RightWrist"
053,24,"__columns__, __recording_keys__, CrossArms__LeftWrist, CrossArms__RightWrist, DrinkGlas__LeftWrist, DrinkGlas__RightWrist, Entrainment__LeftWrist, Entrainment__RightWrist, HoldWeight__LeftWrist, HoldWeight__RightWrist, LiftHold__LeftWrist, LiftHold__RightWrist, PointFinger__LeftWrist, PointFinger__RightWrist, Relaxed__LeftWrist, Relaxed__RightWrist, RelaxedTask__LeftWrist, RelaxedTask__RightWrist, StretchHold__LeftWrist, StretchHold__RightWrist, TouchIndex__LeftWrist, TouchIndex__RightWrist, TouchNose__LeftWrist, TouchNose__RightWrist"
054,24,"__columns__, __recording_keys__, CrossArms__LeftWrist, CrossArms__RightWrist, DrinkGlas__LeftWrist, DrinkGlas__RightWrist, Entrainment__LeftWrist, Entrainment__RightWrist, HoldWeight__LeftWrist, HoldWeight__RightWrist, LiftHold__LeftWrist, LiftHold__RightWrist, PointFinger__LeftWrist, PointFinger__RightWrist, Relaxed__LeftWrist, Relaxed__RightWrist, RelaxedTask__LeftWrist, RelaxedTask__RightWrist, StretchHold__LeftWrist, StretchHold__RightWrist, TouchIndex__LeftWrist, TouchIndex__RightWrist, TouchNose__LeftWrist, TouchNose__RightWrist"
055,24,"__columns__, __recording_keys__, CrossArms__LeftWrist, CrossArms__RightWrist, DrinkGlas__LeftWrist, DrinkGlas__RightWrist, Entrainment__LeftWrist, Entrainment__RightWrist, HoldWeight__LeftWrist, HoldWeight__RightWrist, LiftHold__LeftWrist, LiftHold__RightWrist, PointFinger__LeftWrist, PointFinger__RightWrist, Relaxed__LeftWrist, Relaxed__RightWrist, RelaxedTask__LeftWrist, RelaxedTask__RightWrist, StretchHold__LeftWrist, StretchHold__RightWrist, TouchIndex__LeftWrist, TouchIndex__RightWrist, TouchNose__LeftWrist, TouchNose__RightWrist"
056,24,"__columns__, __recording_keys__, CrossArms__LeftWrist, CrossArms__RightWrist, DrinkGlas__LeftWrist, DrinkGlas__RightWrist, Entrainment__LeftWrist, Entrainment__RightWrist, HoldWeight__LeftWrist, HoldWeight__RightWrist, LiftHold__LeftWrist, LiftHold__RightWrist, PointFinger__LeftWrist, PointFinger__RightWrist, Relaxed__LeftWrist, Relaxed__RightWrist, RelaxedTask__LeftWrist, RelaxedTask__RightWrist, StretchHold__LeftWrist, StretchHold__RightWrist, TouchIndex__LeftWrist, TouchIndex__RightWrist, TouchNose__LeftWrist, TouchNose__RightWrist"
057,24,"__columns__, __recording_keys__, CrossArms__LeftWrist, CrossArms__RightWrist, DrinkGlas__LeftWrist, DrinkGlas__RightWrist, Entrainment__LeftWrist, Entrainment__RightWrist, HoldWeight__LeftWrist, HoldWeight__RightWrist, LiftHold__LeftWrist, LiftHold__RightWrist, PointFinger__LeftWrist, PointFinger__RightWrist, Relaxed__LeftWrist, Relaxed__RightWrist, RelaxedTask__LeftWrist, RelaxedTask__RightWrist, StretchHold__LeftWrist, StretchHold__RightWrist, TouchIndex__LeftWrist, TouchIndex__RightWrist, TouchNose__LeftWrist, TouchNose__RightWrist"
058,24,"__columns__, __recording_keys__, CrossArms__LeftWrist, CrossArms__RightWrist, DrinkGlas__LeftWrist, DrinkGlas__RightWrist, Entrainment__LeftWrist, Entrainment__RightWrist, HoldWeight__LeftWrist, HoldWeight__RightWrist, LiftHold__LeftWrist, LiftHold__RightWrist, PointFinger__LeftWrist, PointFinger__RightWrist, Relaxed__LeftWrist, Relaxed__RightWrist, RelaxedTask__LeftWrist, RelaxedTask__RightWrist, StretchHold__LeftWrist, StretchHold__RightWrist, TouchIndex__LeftWrist, TouchIndex__RightWrist, TouchNose__LeftWrist, TouchNose__RightWrist"
059,24,"__columns__, __recording_keys__, CrossArms__LeftWrist, CrossArms__RightWrist, DrinkGlas__LeftWrist, DrinkGlas__RightWrist, Entrainment__LeftWrist, Entrainment__RightWrist, HoldWeight__LeftWrist, HoldWeight__RightWrist, LiftHold__LeftWrist, LiftHold__RightWrist, PointFinger__LeftWrist, PointFinger__RightWrist, Relaxed__LeftWrist, Relaxed__RightWrist, RelaxedTask__LeftWrist, RelaxedTask__RightWrist, StretchHold__LeftWrist, StretchHold__RightWrist, TouchIndex__LeftWrist, TouchIndex__RightWrist, TouchNose__LeftWrist, TouchNose__RightWrist"
060,24,"__columns__, __recording_keys__, CrossArms__LeftWrist, CrossArms__RightWrist, DrinkGlas__LeftWrist, DrinkGlas__RightWrist, Entrainment__LeftWrist, Entrainment__RightWrist, HoldWeight__LeftWrist, HoldWeight__RightWrist, LiftHold__LeftWrist, LiftHold__RightWrist, PointFinger__LeftWrist, PointFinger__RightWrist, Relaxed__LeftWrist, Relaxed__RightWrist, RelaxedTask__LeftWrist, RelaxedTask__RightWrist, StretchHold__LeftWrist, StretchHold__RightWrist, TouchIndex__LeftWrist, TouchIndex__RightWrist, TouchNose__LeftWrist, TouchNose__RightWrist"
061,24,"__columns__, __recording_keys__, CrossArms__LeftWrist, CrossArms__RightWrist, DrinkGlas__LeftWrist, DrinkGlas__RightWrist, Entrainment__LeftWrist, Entrainment__RightWrist, HoldWeight__LeftWrist, HoldWeight__RightWrist, LiftHold__LeftWrist, LiftHold__RightWrist, PointFinger__LeftWrist, PointFinger__RightWrist, Relaxed__LeftWrist, Relaxed__RightWrist, RelaxedTask__LeftWrist, RelaxedTask__RightWrist, StretchHold__LeftWrist, StretchHold__RightWrist, TouchIndex__LeftWrist, TouchIndex__RightWrist, TouchNose__LeftWrist, TouchNose__RightWrist"
062,24,"__columns__, __recording_keys__, CrossArms__LeftWrist, CrossArms__RightWrist, DrinkGlas__LeftWrist, DrinkGlas__RightWrist, Entrainment__LeftWrist, Entrainment__RightWrist, HoldWeight__LeftWrist, HoldWeight__RightWrist, LiftHold__LeftWrist, LiftHold__RightWrist, PointFinger__LeftWrist, PointFinger__RightWrist, Relaxed__LeftWrist, Relaxed__RightWrist, RelaxedTask__LeftWrist, RelaxedTask__RightWrist, StretchHold__LeftWrist, StretchHold__RightWrist, TouchIndex__LeftWrist, TouchIndex__RightWrist, TouchNose__LeftWrist, TouchNose__RightWrist"
063,24,"__columns__, __recording_keys__, CrossArms__LeftWrist, CrossArms__RightWrist, DrinkGlas__LeftWrist, DrinkGlas__RightWrist, Entrainment__LeftWrist, Entrainment__RightWrist, HoldWeight__LeftWrist, HoldWeight__RightWrist, LiftHold__LeftWrist, LiftHold__RightWrist, PointFinger__LeftWrist, PointFinger__RightWrist, Relaxed__LeftWrist, Relaxed__RightWrist, RelaxedTask__LeftWrist, RelaxedTask__RightWrist, StretchHold__LeftWrist, StretchHold__RightWrist, TouchIndex__LeftWrist, TouchIndex__RightWrist, TouchNose__LeftWrist, TouchNose__RightWrist"
064,24,"__columns__, __recording_keys__, CrossArms__LeftWrist, CrossArms__RightWrist, DrinkGlas__LeftWrist, DrinkGlas__RightWrist, Entrainment__LeftWrist, Entrainment__RightWrist, HoldWeight__LeftWrist, HoldWeight__RightWrist, LiftHold__LeftWrist, LiftHold__RightWrist, PointFinger__LeftWrist, PointFinger__RightWrist, Relaxed__LeftWrist, Relaxed__RightWrist, RelaxedTask__LeftWrist, RelaxedTask__RightWrist, StretchHold__LeftWrist, StretchHold__RightWrist, TouchIndex__LeftWrist, TouchIndex__RightWrist, TouchNose__LeftWrist, TouchNose__RightWrist"
065,24,"__columns__, __recording_keys__, CrossArms__LeftWrist, CrossArms__RightWrist, DrinkGlas__LeftWrist, DrinkGlas__RightWrist, Entrainment__LeftWrist, Entrainment__RightWrist, HoldWeight__LeftWrist, HoldWeight__RightWrist, LiftHold__LeftWrist, LiftHold__RightWrist, PointFinger__LeftWrist, PointFinger__RightWrist, Relaxed__LeftWrist, Relaxed__RightWrist, RelaxedTask__LeftWrist, RelaxedTask__RightWrist, StretchHold__LeftWrist, StretchHold__RightWrist, TouchIndex__LeftWrist, TouchIndex__RightWrist, TouchNose__LeftWrist, TouchNose__RightWrist"
066,24,"__columns__, __recording_keys__, CrossArms__LeftWrist, CrossArms__RightWrist, DrinkGlas__LeftWrist, DrinkGlas__RightWrist, Entrainment__LeftWrist, Entrainment__RightWrist, HoldWeight__LeftWrist, HoldWeight__RightWrist, LiftHold__LeftWrist, LiftHold__RightWrist, PointFinger__LeftWrist, PointFinger__RightWrist, Relaxed__LeftWrist, Relaxed__RightWrist, RelaxedTask__LeftWrist, RelaxedTask__RightWrist, StretchHold__LeftWrist, StretchHold__RightWrist, TouchIndex__LeftWrist, TouchIndex__RightWrist, TouchNose__LeftWrist, TouchNose__RightWrist"
067,24,"__columns__, __recording_keys__, CrossArms__LeftWrist, CrossArms__RightWrist, DrinkGlas__LeftWrist, DrinkGlas__RightWrist, Entrainment__LeftWrist, Entrainment__RightWrist, HoldWeight__LeftWrist, HoldWeight__RightWrist, LiftHold__LeftWrist, LiftHold__RightWrist, PointFinger__LeftWrist, PointFinger__RightWrist, Relaxed__LeftWrist, Relaxed__RightWrist, RelaxedTask__LeftWrist, RelaxedTask__RightWrist, StretchHold__LeftWrist, StretchHold__RightWrist, TouchIndex__LeftWrist, TouchIndex__RightWrist, TouchNose__LeftWrist, TouchNose__RightWrist"
068,24,"__columns__, __recording_keys__, CrossArms__LeftWrist, CrossArms__RightWrist, DrinkGlas__LeftWrist, DrinkGlas__RightWrist, Entrainment__LeftWrist, Entrainment__RightWrist, HoldWeight__LeftWrist, HoldWeight__RightWrist, LiftHold__LeftWrist, LiftHold__RightWrist, PointFinger__LeftWrist, PointFinger__RightWrist, Relaxed__LeftWrist, Relaxed__RightWrist, RelaxedTask__LeftWrist, RelaxedTask__RightWrist, StretchHold__LeftWrist, StretchHold__RightWrist, TouchIndex__LeftWrist, TouchIndex__RightWrist, TouchNose__LeftWrist, TouchNose__RightWrist"
069,24,"__columns__, __recording_keys__, CrossArms__LeftWrist, CrossArms__RightWrist, DrinkGlas__LeftWrist, DrinkGlas__RightWrist, Entrainment__LeftWrist, Entrainment__RightWrist, HoldWeight__LeftWrist, HoldWeight__RightWrist, LiftHold__LeftWrist, LiftHold__RightWrist, PointFinger__LeftWrist, PointFinger__RightWrist, Relaxed__LeftWrist, Relaxed__RightWrist, RelaxedTask__LeftWrist, RelaxedTask__RightWrist, StretchHold__LeftWrist, StretchHold__RightWrist, TouchIndex__LeftWrist, TouchIndex__RightWrist, TouchNose__LeftWrist, TouchNose__RightWrist"
070,24,"__columns__, __recording_keys__, CrossArms__LeftWrist, CrossArms__RightWrist, DrinkGlas__LeftWrist, DrinkGlas__RightWrist, Entrainment__LeftWrist, Entrainment__RightWrist, HoldWeight__LeftWrist, HoldWeight__RightWrist, LiftHold__LeftWrist, LiftHold__RightWrist, PointFinger__LeftWrist, PointFinger__RightWrist, Relaxed__LeftWrist, Relaxed__RightWrist, RelaxedTask__LeftWrist, RelaxedTask__RightWrist, StretchHold__LeftWrist, StretchHold__RightWrist, TouchIndex__LeftWrist, TouchIndex__RightWrist, TouchNose__LeftWrist, TouchNose__RightWrist"
071,24,"__columns__, __recording_keys__, CrossArms__LeftWrist, CrossArms__RightWrist, DrinkGlas__LeftWrist, DrinkGlas__RightWrist, Entrainment__LeftWrist, Entrainment__RightWrist, HoldWeight__LeftWrist, HoldWeight__RightWrist, LiftHold__LeftWrist, LiftHold__RightWrist, PointFinger__LeftWrist, PointFinger__RightWrist, Relaxed__LeftWrist, Relaxed__RightWrist, RelaxedTask__LeftWrist, RelaxedTask__RightWrist, StretchHold__LeftWrist, StretchHold__RightWrist, TouchIndex__LeftWrist, TouchIndex__RightWrist, TouchNose__LeftWrist, TouchNose__RightWrist"
072,24,"__columns__, __recording_keys__, CrossArms__LeftWrist, CrossArms__RightWrist, DrinkGlas__LeftWrist, DrinkGlas__RightWrist, Entrainment__LeftWrist, Entrainment__RightWrist, HoldWeight__LeftWrist, HoldWeight__RightWrist, LiftHold__LeftWrist, LiftHold__RightWrist, PointFinger__LeftWrist, PointFinger__RightWrist, Relaxed__LeftWrist, Relaxed__RightWrist, RelaxedTask__LeftWrist, RelaxedTask__RightWrist, StretchHold__LeftWrist, StretchHold__RightWrist, TouchIndex__LeftWrist, TouchIndex__RightWrist, TouchNose__LeftWrist, TouchNose__RightWrist"
073,24,"__columns__, __recording_keys__, CrossArms__LeftWrist, CrossArms__RightWrist, DrinkGlas__LeftWrist, DrinkGlas__RightWrist, Entrainment__LeftWrist, Entrainment__RightWrist, HoldWeight__LeftWrist, HoldWeight__RightWrist, LiftHold__LeftWrist, LiftHold__RightWrist, PointFinger__LeftWrist, PointFinger__RightWrist, Relaxed__LeftWrist, Relaxed__RightWrist, RelaxedTask__LeftWrist, RelaxedTask__RightWrist, StretchHold__LeftWrist, StretchHold__RightWrist, TouchIndex__LeftWrist, TouchIndex__RightWrist, TouchNose__LeftWrist, TouchNose__RightWrist"
074,24,"__columns__, __recording_keys__, CrossArms__LeftWrist, CrossArms__RightWrist, DrinkGlas__LeftWrist, DrinkGlas__RightWrist, Entrainment__LeftWrist, Entrainment__RightWrist, HoldWeight__LeftWrist, HoldWeight__RightWrist, LiftHold__LeftWrist, LiftHold__RightWrist, PointFinger__LeftWrist, PointFinger__RightWrist, Relaxed__LeftWrist, Relaxed__RightWrist, RelaxedTask__LeftWrist, RelaxedTask__RightWrist, StretchHold__LeftWrist, StretchHold__RightWrist, TouchIndex__LeftWrist, TouchIndex__RightWrist, TouchNose__LeftWrist, TouchNose__RightWrist"
075,24,"__columns__, __recording_keys__, CrossArms__LeftWrist, CrossArms__RightWrist, DrinkGlas__LeftWrist, DrinkGlas__RightWrist, Entrainment__LeftWrist, Entrainment__RightWrist, HoldWeight__LeftWrist, HoldWeight__RightWrist, LiftHold__LeftWrist, LiftHold__RightWrist, PointFinger__LeftWrist, PointFinger__RightWrist, Relaxed__LeftWrist, Relaxed__RightWrist, RelaxedTask__LeftWrist, RelaxedTask__RightWrist, StretchHold__LeftWrist, StretchHold__RightWrist, TouchIndex__LeftWrist, TouchIndex__RightWrist, TouchNose__LeftWrist, TouchNose__RightWrist"
076,24,"__columns__, __recording_keys__, CrossArms__LeftWrist, CrossArms__RightWrist, DrinkGlas__LeftWrist, DrinkGlas__RightWrist, Entrainment__LeftWrist, Entrainment__RightWrist, HoldWeight__LeftWrist, HoldWeight__RightWrist, LiftHold__LeftWrist, LiftHold__RightWrist, PointFinger__LeftWrist, PointFinger__RightWrist, Relaxed__LeftWrist, Relaxed__RightWrist, RelaxedTask__LeftWrist, RelaxedTask__RightWrist, StretchHold__LeftWrist, StretchHold__RightWrist, TouchIndex__LeftWrist, TouchIndex__RightWrist, TouchNose__LeftWrist, TouchNose__RightWrist"
077,24,"__columns__, __recording_keys__, CrossArms__LeftWrist, CrossArms__RightWrist, DrinkGlas__LeftWrist, DrinkGlas__RightWrist, Entrainment__LeftWrist, Entrainment__RightWrist, HoldWeight__LeftWrist, HoldWeight__RightWrist, LiftHold__LeftWrist, LiftHold__RightWrist, PointFinger__LeftWrist, PointFinger__RightWrist, Relaxed__LeftWrist, Relaxed__RightWrist, RelaxedTask__LeftWrist, RelaxedTask__RightWrist, StretchHold__LeftWrist, StretchHold__RightWrist, TouchIndex__LeftWrist, TouchIndex__RightWrist, TouchNose__LeftWrist, TouchNose__RightWrist"
078,24,"__columns__, __recording_keys__, CrossArms__LeftWrist, CrossArms__RightWrist, DrinkGlas__LeftWrist, DrinkGlas__RightWrist, Entrainment__LeftWrist, Entrainment__RightWrist, HoldWeight__LeftWrist, HoldWeight__RightWrist, LiftHold__LeftWrist, LiftHold__RightWrist, PointFinger__LeftWrist, PointFinger__RightWrist, Relaxed__LeftWrist, Relaxed__RightWrist, RelaxedTask__LeftWrist, RelaxedTask__RightWrist, StretchHold__LeftWrist, StretchHold__RightWrist, TouchIndex__LeftWrist, TouchIndex__RightWrist, TouchNose__LeftWrist, TouchNose__RightWrist"
079,24,"__columns__, __recording_keys__, CrossArms__LeftWrist, CrossArms__RightWrist, DrinkGlas__LeftWrist, DrinkGlas__RightWrist, Entrainment__LeftWrist, Entrainment__RightWrist, HoldWeight__LeftWrist, HoldWeight__RightWrist, LiftHold__LeftWrist, LiftHold__RightWrist, PointFinger__LeftWrist, PointFinger__RightWrist, Relaxed__LeftWrist, Relaxed__RightWrist, RelaxedTask__LeftWrist, RelaxedTask__RightWrist, StretchHold__LeftWrist, StretchHold__RightWrist, TouchIndex__LeftWrist, TouchIndex__RightWrist, TouchNose__LeftWrist, TouchNose__RightWrist"
080,24,"__columns__, __recording_keys__, CrossArms__LeftWrist, CrossArms__RightWrist, DrinkGlas__LeftWrist, DrinkGlas__RightWrist, Entrainment__LeftWrist, Entrainment__RightWrist, HoldWeight__LeftWrist, HoldWeight__RightWrist, LiftHold__LeftWrist, LiftHold__RightWrist, PointFinger__LeftWrist, PointFinger__RightWrist, Relaxed__LeftWrist, Relaxed__RightWrist, RelaxedTask__LeftWrist, RelaxedTask__RightWrist, StretchHold__LeftWrist, StretchHold__RightWrist, TouchIndex__LeftWrist, TouchIndex__RightWrist, TouchNose__LeftWrist, TouchNose__RightWrist"
081,24,"__columns__, __recording_keys__, CrossArms__LeftWrist, CrossArms__RightWrist, DrinkGlas__LeftWrist, DrinkGlas__RightWrist, Entrainment__LeftWrist, Entrainment__RightWrist, HoldWeight__LeftWrist, HoldWeight__RightWrist, LiftHold__LeftWrist, LiftHold__RightWrist, PointFinger__LeftWrist, PointFinger__RightWrist, Relaxed__LeftWrist, Relaxed__RightWrist, RelaxedTask__LeftWrist, RelaxedTask__RightWrist, StretchHold__LeftWrist, StretchHold__RightWrist, TouchIndex__LeftWrist, TouchIndex__RightWrist, TouchNose__LeftWrist, TouchNose__RightWrist"
082,24,"__columns__, __recording_keys__, CrossArms__LeftWrist, CrossArms__RightWrist, DrinkGlas__LeftWrist, DrinkGlas__RightWrist, Entrainment__LeftWrist, Entrainment__RightWrist, HoldWeight__LeftWrist, HoldWeight__RightWrist, LiftHold__LeftWrist, LiftHold__RightWrist, PointFinger__LeftWrist, PointFinger__RightWrist, Relaxed__LeftWrist, Relaxed__RightWrist, RelaxedTask__LeftWrist, RelaxedTask__RightWrist, StretchHold__LeftWrist, StretchHold__RightWrist, TouchIndex__LeftWrist, TouchIndex__RightWrist, TouchNose__LeftWrist, TouchNose__RightWrist"
083,24,"__columns__, __recording_keys__, CrossArms__LeftWrist, CrossArms__RightWrist, DrinkGlas__LeftWrist, DrinkGlas__RightWrist, Entrainment__LeftWrist, Entrainment__RightWrist, HoldWeight__LeftWrist, HoldWeight__RightWrist, LiftHold__LeftWrist, LiftHold__RightWrist, PointFinger__LeftWrist, PointFinger__RightWrist, Relaxed__LeftWrist, Relaxed__RightWrist, RelaxedTask__LeftWrist, RelaxedTask__RightWrist, StretchHold__LeftWrist, StretchHold__RightWrist, TouchIndex__LeftWrist, TouchIndex__RightWrist, TouchNose__LeftWrist, TouchNose__RightWrist"
084,24,"__columns__, __recording_keys__, CrossArms__LeftWrist, CrossArms__RightWrist, DrinkGlas__LeftWrist, DrinkGlas__RightWrist, Entrainment__LeftWrist, Entrainment__RightWrist, HoldWeight__LeftWrist, HoldWeight__RightWrist, LiftHold__LeftWrist, LiftHold__RightWrist, PointFinger__LeftWrist, PointFinger__RightWrist, Relaxed__LeftWrist, Relaxed__RightWrist, RelaxedTask__LeftWrist, RelaxedTask__RightWrist, StretchHold__LeftWrist, StretchHold__RightWrist, TouchIndex__LeftWrist, TouchIndex__RightWrist, TouchNose__LeftWrist, TouchNose__RightWrist"
085,24,"__columns__, __recording_keys__, CrossArms__LeftWrist, CrossArms__RightWrist, DrinkGlas__LeftWrist, DrinkGlas__RightWrist, Entrainment__LeftWrist, Entrainment__RightWrist, HoldWeight__LeftWrist, HoldWeight__RightWrist, LiftHold__LeftWrist, LiftHold__RightWrist, PointFinger__LeftWrist, PointFinger__RightWrist, Relaxed__LeftWrist, Relaxed__RightWrist, RelaxedTask__LeftWrist, RelaxedTask__RightWrist, StretchHold__LeftWrist, StretchHold__RightWrist, TouchIndex__LeftWrist, TouchIndex__RightWrist, TouchNose__LeftWrist, TouchNose__RightWrist"
086,24,"__columns__, __recording_keys__, CrossArms__LeftWrist, CrossArms__RightWrist, DrinkGlas__LeftWrist, DrinkGlas__RightWrist, Entrainment__LeftWrist, Entrainment__RightWrist, HoldWeight__LeftWrist, HoldWeight__RightWrist, LiftHold__LeftWrist, LiftHold__RightWrist, PointFinger__LeftWrist, PointFinger__RightWrist, Relaxed__LeftWrist, Relaxed__RightWrist, RelaxedTask__LeftWrist, RelaxedTask__RightWrist, StretchHold__LeftWrist, StretchHold__RightWrist, TouchIndex__LeftWrist, TouchIndex__RightWrist, TouchNose__LeftWrist, TouchNose__RightWrist"
087,24,"__columns__, __recording_keys__, CrossArms__LeftWrist, CrossArms__RightWrist, DrinkGlas__LeftWrist, DrinkGlas__RightWrist, Entrainment__LeftWrist, Entrainment__RightWrist, HoldWeight__LeftWrist, HoldWeight__RightWrist, LiftHold__LeftWrist, LiftHold__RightWrist, PointFinger__LeftWrist, PointFinger__RightWrist, Relaxed__LeftWrist, Relaxed__RightWrist, RelaxedTask__LeftWrist, RelaxedTask__RightWrist, StretchHold__LeftWrist, StretchHold__RightWrist, TouchIndex__LeftWrist, TouchIndex__RightWrist, TouchNose__LeftWrist, TouchNose__RightWrist"
088,24,"__columns__, __recording_keys__, CrossArms__LeftWrist, CrossArms__RightWrist, DrinkGlas__LeftWrist, DrinkGlas__RightWrist, Entrainment__LeftWrist, Entrainment__RightWrist, HoldWeight__LeftWrist, HoldWeight__RightWrist, LiftHold__LeftWrist, LiftHold__RightWrist, PointFinger__LeftWrist, PointFinger__RightWrist, Relaxed__LeftWrist, Relaxed__RightWrist, RelaxedTask__LeftWrist, RelaxedTask__RightWrist, StretchHold__LeftWrist, StretchHold__RightWrist, TouchIndex__LeftWrist, TouchIndex__RightWrist, TouchNose__LeftWrist, TouchNose__RightWrist"
089,24,"__columns__, __recording_keys__, CrossArms__LeftWrist, CrossArms__RightWrist, DrinkGlas__LeftWrist, DrinkGlas__RightWrist, Entrainment__LeftWrist, Entrainment__RightWrist, HoldWeight__LeftWrist, HoldWeight__RightWrist, LiftHold__LeftWrist, LiftHold__RightWrist, PointFinger__LeftWrist, PointFinger__RightWrist, Relaxed__LeftWrist, Relaxed__RightWrist, RelaxedTask__LeftWrist, RelaxedTask__RightWrist, StretchHold__LeftWrist, StretchHold__RightWrist, TouchIndex__LeftWrist, TouchIndex__RightWrist, TouchNose__LeftWrist, TouchNose__RightWrist"
090,24,"__columns__, __recording_keys__, CrossArms__LeftWrist, CrossArms__RightWrist, DrinkGlas__LeftWrist, DrinkGlas__RightWrist, Entrainment__LeftWrist, Entrainment__RightWrist, HoldWeight__LeftWrist, HoldWeight__RightWrist, LiftHold__LeftWrist, LiftHold__RightWrist, PointFinger__LeftWrist, PointFinger__RightWrist, Relaxed__LeftWrist, Relaxed__RightWrist, RelaxedTask__LeftWrist, RelaxedTask__RightWrist, StretchHold__LeftWrist, StretchHold__RightWrist, TouchIndex__LeftWrist, TouchIndex__RightWrist, TouchNose__LeftWrist, TouchNose__RightWrist"
091,24,"__columns__, __recording_keys__, CrossArms__LeftWrist, CrossArms__RightWrist, DrinkGlas__LeftWrist, DrinkGlas__RightWrist, Entrainment__LeftWrist, Entrainment__RightWrist, HoldWeight__LeftWrist, HoldWeight__RightWrist, LiftHold__LeftWrist, LiftHold__RightWrist, PointFinger__LeftWrist, PointFinger__RightWrist, Relaxed__LeftWrist, Relaxed__RightWrist, RelaxedTask__LeftWrist, RelaxedTask__RightWrist, StretchHold__LeftWrist, StretchHold__RightWrist, TouchIndex__LeftWrist, TouchIndex__RightWrist, TouchNose__LeftWrist, TouchNose__RightWrist"
092,24,"__columns__, __recording_keys__, CrossArms__LeftWrist, CrossArms__RightWrist, DrinkGlas__LeftWrist, DrinkGlas__RightWrist, Entrainment__LeftWrist, Entrainment__RightWrist, HoldWeight__LeftWrist, HoldWeight__RightWrist, LiftHold__LeftWrist, LiftHold__RightWrist, PointFinger__LeftWrist, PointFinger__RightWrist, Relaxed__LeftWrist, Relaxed__RightWrist, RelaxedTask__LeftWrist, RelaxedTask__RightWrist, StretchHold__LeftWrist, StretchHold__RightWrist, TouchIndex__LeftWrist, TouchIndex__RightWrist, TouchNose__LeftWrist, TouchNose__RightWrist"
093,24,"__columns__, __recording_keys__, CrossArms__LeftWrist, CrossArms__RightWrist, DrinkGlas__LeftWrist, DrinkGlas__RightWrist, Entrainment__LeftWrist, Entrainment__RightWrist, HoldWeight__LeftWrist, HoldWeight__RightWrist, LiftHold__LeftWrist, LiftHold__RightWrist, PointFinger__LeftWrist, PointFinger__RightWrist, Relaxed__LeftWrist, Relaxed__RightWrist, RelaxedTask__LeftWrist, RelaxedTask__RightWrist, StretchHold__LeftWrist, StretchHold__RightWrist, TouchIndex__LeftWrist, TouchIndex__RightWrist, TouchNose__LeftWrist, TouchNose__RightWrist"
094,24,"__columns__, __recording_keys__, CrossArms__LeftWrist, CrossArms__RightWrist, DrinkGlas__LeftWrist, DrinkGlas__RightWrist, Entrainment__LeftWrist, Entrainment__RightWrist, HoldWeight__LeftWrist, HoldWeight__RightWrist, LiftHold__LeftWrist, LiftHold__RightWrist, PointFinger__LeftWrist, PointFinger__RightWrist, Relaxed__LeftWrist, Relaxed__RightWrist, RelaxedTask__LeftWrist, RelaxedTask__RightWrist, StretchHold__LeftWrist, StretchHold__RightWrist, TouchIndex__LeftWrist, TouchIndex__RightWrist, TouchNose__LeftWrist, TouchNose__RightWrist"
095,24,"__columns__, __recording_keys__, CrossArms__LeftWrist, CrossArms__RightWrist, DrinkGlas__LeftWrist, DrinkGlas__RightWrist, Entrainment__LeftWrist, Entrainment__RightWrist, HoldWeight__LeftWrist, HoldWeight__RightWrist, LiftHold__LeftWrist, LiftHold__RightWrist, PointFinger__LeftWrist, PointFinger__RightWrist, Relaxed__LeftWrist, Relaxed__RightWrist, RelaxedTask__LeftWrist, RelaxedTask__RightWrist, StretchHold__LeftWrist, StretchHold__RightWrist, TouchIndex__LeftWrist, TouchIndex__RightWrist, TouchNose__LeftWrist, TouchNose__RightWrist"
096,24,"__columns__, __recording_keys__, CrossArms__LeftWrist, CrossArms__RightWrist, DrinkGlas__LeftWrist, DrinkGlas__RightWrist, Entrainment__LeftWrist, Entrainment__RightWrist, HoldWeight__LeftWrist, HoldWeight__RightWrist, LiftHold__LeftWrist, LiftHold__RightWrist, PointFinger__LeftWrist, PointFinger__RightWrist, Relaxed__LeftWrist, Relaxed__RightWrist, RelaxedTask__LeftWrist, RelaxedTask__RightWrist, StretchHold__LeftWrist, StretchHold__RightWrist, TouchIndex__LeftWrist, TouchIndex__RightWrist, TouchNose__LeftWrist, TouchNose__RightWrist"
097,24,"__columns__, __recording_keys__, CrossArms__LeftWrist, CrossArms__RightWrist, DrinkGlas__LeftWrist, DrinkGlas__RightWrist, Entrainment__LeftWrist, Entrainment__RightWrist, HoldWeight__LeftWrist, HoldWeight__RightWrist, LiftHold__LeftWrist, LiftHold__RightWrist, PointFinger__LeftWrist, PointFinger__RightWrist, Relaxed__LeftWrist, Relaxed__RightWrist, RelaxedTask__LeftWrist, RelaxedTask__RightWrist, StretchHold__LeftWrist, StretchHold__RightWrist, TouchIndex__LeftWrist, TouchIndex__RightWrist, TouchNose__LeftWrist, TouchNose__RightWrist"
098,24,"__columns__, __recording_keys__, CrossArms__LeftWrist, CrossArms__RightWrist, DrinkGlas__LeftWrist, DrinkGlas__RightWrist, Entrainment__LeftWrist, Entrainment__RightWrist, HoldWeight__LeftWrist, HoldWeight__RightWrist, LiftHold__LeftWrist, LiftHold__RightWrist, PointFinger__LeftWrist, PointFinger__RightWrist, Relaxed__LeftWrist, Relaxed__RightWrist, RelaxedTask__LeftWrist, RelaxedTask__RightWrist, StretchHold__LeftWrist, StretchHold__RightWrist, TouchIndex__LeftWrist, TouchIndex__RightWrist, TouchNose__LeftWrist, TouchNose__RightWrist"
099,24,"__columns__, __recording_keys__, CrossArms__LeftWrist, CrossArms__RightWrist, DrinkGlas__LeftWrist, DrinkGlas__RightWrist, Entrainment__LeftWrist, Entrainment__RightWrist, HoldWeight__LeftWrist, HoldWeight__RightWrist, LiftHold__LeftWrist, LiftHold__RightWrist, PointFinger__LeftWrist, PointFinger__RightWrist, Relaxed__LeftWrist, Relaxed__RightWrist, RelaxedTask__LeftWrist, RelaxedTask__RightWrist, StretchHold__LeftWrist, StretchHold__RightWrist, TouchIndex__LeftWrist, TouchIndex__RightWrist, TouchNose__LeftWrist, TouchNose__RightWrist"
100,24,"__columns__, __recording_keys__, CrossArms__LeftWrist, CrossArms__RightWrist, DrinkGlas__LeftWrist, DrinkGlas__RightWrist, Entrainment__LeftWrist, Entrainment__RightWrist, HoldWeight__LeftWrist, HoldWeight__RightWrist, LiftHold__LeftWrist, LiftHold__RightWrist, PointFinger__LeftWrist, PointFinger__RightWrist, Relaxed__LeftWrist, Relaxed__RightWrist, RelaxedTask__LeftWrist, RelaxedTask__RightWrist, StretchHold__LeftWrist, StretchHold__RightWrist, TouchIndex__LeftWrist, TouchIndex__RightWrist, TouchNose__LeftWrist, TouchNose__RightWrist"
101,24,"__columns__, __recording_keys__, CrossArms__LeftWrist, CrossArms__RightWrist, DrinkGlas__LeftWrist, DrinkGlas__RightWrist, Entrainment__LeftWrist, Entrainment__RightWrist, HoldWeight__LeftWrist, HoldWeight__RightWrist, LiftHold__LeftWrist, LiftHold__RightWrist, PointFinger__LeftWrist, PointFinger__RightWrist, Relaxed__LeftWrist, Relaxed__RightWrist, RelaxedTask__LeftWrist, RelaxedTask__RightWrist, StretchHold__LeftWrist, StretchHold__RightWrist, TouchIndex__LeftWrist, TouchIndex__RightWrist, TouchNose__LeftWrist, TouchNose__RightWrist"
102,24,"__columns__, __recording_keys__, CrossArms__LeftWrist, CrossArms__RightWrist, DrinkGlas__LeftWrist, DrinkGlas__RightWrist, Entrainment__LeftWrist, Entrainment__RightWrist, HoldWeight__LeftWrist, HoldWeight__RightWrist, LiftHold__LeftWrist, LiftHold__RightWrist, PointFinger__LeftWrist, PointFinger__RightWrist, Relaxed__LeftWrist, Relaxed__RightWrist, RelaxedTask__LeftWrist, RelaxedTask__RightWrist, StretchHold__LeftWrist, StretchHold__RightWrist, TouchIndex__LeftWrist, TouchIndex__RightWrist, TouchNose__LeftWrist, TouchNose__RightWrist"
103,24,"__columns__, __recording_keys__, CrossArms__LeftWrist, CrossArms__RightWrist, DrinkGlas__LeftWrist, DrinkGlas__RightWrist, Entrainment__LeftWrist, Entrainment__RightWrist, HoldWeight__LeftWrist, HoldWeight__RightWrist, LiftHold__LeftWrist, LiftHold__RightWrist, PointFinger__LeftWrist, PointFinger__RightWrist, Relaxed__LeftWrist, Relaxed__RightWrist, RelaxedTask__LeftWrist, RelaxedTask__RightWrist, StretchHold__LeftWrist, StretchHold__RightWrist, TouchIndex__LeftWrist, TouchIndex__RightWrist, TouchNose__LeftWrist, TouchNose__RightWrist"
104,24,"__columns__, __recording_keys__, CrossArms__LeftWrist, CrossArms__RightWrist, DrinkGlas__LeftWrist, DrinkGlas__RightWrist, Entrainment__LeftWrist, Entrainment__RightWrist, HoldWeight__LeftWrist, HoldWeight__RightWrist, LiftHold__LeftWrist, LiftHold__RightWrist, PointFinger__LeftWrist, PointFinger__RightWrist, Relaxed__LeftWrist, Relaxed__RightWrist, RelaxedTask__LeftWrist, RelaxedTask__RightWrist, StretchHold__LeftWrist, StretchHold__RightWrist, TouchIndex__LeftWrist, TouchIndex__RightWrist, TouchNose__LeftWrist, TouchNose__RightWrist"
105,24,"__columns__, __recording_keys__, CrossArms__LeftWrist, CrossArms__RightWrist, DrinkGlas__LeftWrist, DrinkGlas__RightWrist, Entrainment__LeftWrist, Entrainment__RightWrist, HoldWeight__LeftWrist, HoldWeight__RightWrist, LiftHold__LeftWrist, LiftHold__RightWrist, PointFinger__LeftWrist, PointFinger__RightWrist, Relaxed__LeftWrist, Relaxed__RightWrist, RelaxedTask__LeftWrist, RelaxedTask__RightWrist, StretchHold__LeftWrist, StretchHold__RightWrist, TouchIndex__LeftWrist, TouchIndex__RightWrist, TouchNose__LeftWrist, TouchNose__RightWrist"
106,24,"__columns__, __recording_keys__, CrossArms__LeftWrist, CrossArms__RightWrist, DrinkGlas__LeftWrist, DrinkGlas__RightWrist, Entrainment__LeftWrist, Entrainment__RightWrist, HoldWeight__LeftWrist, HoldWeight__RightWrist, LiftHold__LeftWrist, LiftHold__RightWrist, PointFinger__LeftWrist, PointFinger__RightWrist, Relaxed__LeftWrist, Relaxed__RightWrist, RelaxedTask__LeftWrist, RelaxedTask__RightWrist, StretchHold__LeftWrist, StretchHold__RightWrist, TouchIndex__LeftWrist, TouchIndex__RightWrist, TouchNose__LeftWrist, TouchNose__RightWrist"
107,24,"__columns__, __recording_keys__, CrossArms__LeftWrist, CrossArms__RightWrist, DrinkGlas__LeftWrist, DrinkGlas__RightWrist, Entrainment__LeftWrist, Entrainment__RightWrist, HoldWeight__LeftWrist, HoldWeight__RightWrist, LiftHold__LeftWrist, LiftHold__RightWrist, PointFinger__LeftWrist, PointFinger__RightWrist, Relaxed__LeftWrist, Relaxed__RightWrist, RelaxedTask__LeftWrist, RelaxedTask__RightWrist, StretchHold__LeftWrist, StretchHold__RightWrist, TouchIndex__LeftWrist, TouchIndex__RightWrist, TouchNose__LeftWrist, TouchNose__RightWrist"
108,24,"__columns__, __recording_keys__, CrossArms__LeftWrist, CrossArms__RightWrist, DrinkGlas__LeftWrist, DrinkGlas__RightWrist, Entrainment__LeftWrist, Entrainment__RightWrist, HoldWeight__LeftWrist, HoldWeight__RightWrist, LiftHold__LeftWrist, LiftHold__RightWrist, PointFinger__LeftWrist, PointFinger__RightWrist, Relaxed__LeftWrist, Relaxed__RightWrist, RelaxedTask__LeftWrist, RelaxedTask__RightWrist, StretchHold__LeftWrist, StretchHold__RightWrist, TouchIndex__LeftWrist, TouchIndex__RightWrist, TouchNose__LeftWrist, TouchNose__RightWrist"
109,24,"__columns__, __recording_keys__, CrossArms__LeftWrist, CrossArms__RightWrist, DrinkGlas__LeftWrist, DrinkGlas__RightWrist, Entrainment__LeftWrist, Entrainment__RightWrist, HoldWeight__LeftWrist, HoldWeight__RightWrist, LiftHold__LeftWrist, LiftHold__RightWrist, PointFinger__LeftWrist, PointFinger__RightWrist, Relaxed__LeftWrist, Relaxed__RightWrist, RelaxedTask__LeftWrist, RelaxedTask__RightWrist, StretchHold__LeftWrist, StretchHold__RightWrist, TouchIndex__LeftWrist, TouchIndex__RightWrist, TouchNose__LeftWrist, TouchNose__RightWrist"
110,24,"__columns__, __recording_keys__, CrossArms__LeftWrist, CrossArms__RightWrist, DrinkGlas__LeftWrist, DrinkGlas__RightWrist, Entrainment__LeftWrist, Entrainment__RightWrist, HoldWeight__LeftWrist, HoldWeight__RightWrist, LiftHold__LeftWrist, LiftHold__RightWrist, PointFinger__LeftWrist, PointFinger__RightWrist, Relaxed__LeftWrist, Relaxed__RightWrist, RelaxedTask__LeftWrist, RelaxedTask__RightWrist, StretchHold__LeftWrist, StretchHold__RightWrist, TouchIndex__LeftWrist, TouchIndex__RightWrist, TouchNose__LeftWrist, TouchNose__RightWrist"
111,24,"__columns__, __recording_keys__, CrossArms__LeftWrist, CrossArms__RightWrist, DrinkGlas__LeftWrist, DrinkGlas__RightWrist, Entrainment__LeftWrist, Entrainment__RightWrist, HoldWeight__LeftWrist, HoldWeight__RightWrist, LiftHold__LeftWrist, LiftHold__RightWrist, PointFinger__LeftWrist, PointFinger__RightWrist, Relaxed__LeftWrist, Relaxed__RightWrist, RelaxedTask__LeftWrist, RelaxedTask__RightWrist, StretchHold__LeftWrist, StretchHold__RightWrist, TouchIndex__LeftWrist, TouchIndex__RightWrist, TouchNose__LeftWrist, TouchNose__RightWrist"
112,24,"__columns__, __recording_keys__, CrossArms__LeftWrist, CrossArms__RightWrist, DrinkGlas__LeftWrist, DrinkGlas__RightWrist, Entrainment__LeftWrist, Entrainment__RightWrist, HoldWeight__LeftWrist, HoldWeight__RightWrist, LiftHold__LeftWrist, LiftHold__RightWrist, PointFinger__LeftWrist, PointFinger__RightWrist, Relaxed__LeftWrist, Relaxed__RightWrist, RelaxedTask__LeftWrist, RelaxedTask__RightWrist, StretchHold__LeftWrist, StretchHold__RightWrist, TouchIndex__LeftWrist, TouchIndex__RightWrist, TouchNose__LeftWrist, TouchNose__RightWrist"
113,24,"__columns__, __recording_keys__, CrossArms__LeftWrist, CrossArms__RightWrist, DrinkGlas__LeftWrist, DrinkGlas__RightWrist, Entrainment__LeftWrist, Entrainment__RightWrist, HoldWeight__LeftWrist, HoldWeight__RightWrist, LiftHold__LeftWrist, LiftHold__RightWrist, PointFinger__LeftWrist, PointFinger__RightWrist, Relaxed__LeftWrist, Relaxed__RightWrist, RelaxedTask__LeftWrist, RelaxedTask__RightWrist, StretchHold__LeftWrist, StretchHold__RightWrist, TouchIndex__LeftWrist, TouchIndex__RightWrist, TouchNose__LeftWrist, TouchNose__RightWrist"
114,24,"__columns__, __recording_keys__, CrossArms__LeftWrist, CrossArms__RightWrist, DrinkGlas__LeftWrist, DrinkGlas__RightWrist, Entrainment__LeftWrist, Entrainment__RightWrist, HoldWeight__LeftWrist, HoldWeight__RightWrist, LiftHold__LeftWrist, LiftHold__RightWrist, PointFinger__LeftWrist, PointFinger__RightWrist, Relaxed__LeftWrist, Relaxed__RightWrist, RelaxedTask__LeftWrist, RelaxedTask__RightWrist, StretchHold__LeftWrist, StretchHold__RightWrist, TouchIndex__LeftWrist, TouchIndex__RightWrist, TouchNose__LeftWrist, TouchNose__RightWrist"
115,24,"__columns__, __recording_keys__, CrossArms__LeftWrist, CrossArms__RightWrist, DrinkGlas__LeftWrist, DrinkGlas__RightWrist, Entrainment__LeftWrist, Entrainment__RightWrist, HoldWeight__LeftWrist, HoldWeight__RightWrist, LiftHold__LeftWrist, LiftHold__RightWrist, PointFinger__LeftWrist, PointFinger__RightWrist, Relaxed__LeftWrist, Relaxed__RightWrist, RelaxedTask__LeftWrist, RelaxedTask__RightWrist, StretchHold__LeftWrist, StretchHold__RightWrist, TouchIndex__LeftWrist, TouchIndex__RightWrist, TouchNose__LeftWrist, TouchNose__RightWrist"
116,24,"__columns__, __recording_keys__, CrossArms__LeftWrist, CrossArms__RightWrist, DrinkGlas__LeftWrist, DrinkGlas__RightWrist, Entrainment__LeftWrist, Entrainment__RightWrist, HoldWeight__LeftWrist, HoldWeight__RightWrist, LiftHold__LeftWrist, LiftHold__RightWrist, PointFinger__LeftWrist, PointFinger__RightWrist, Relaxed__LeftWrist, Relaxed__RightWrist, RelaxedTask__LeftWrist, RelaxedTask__RightWrist, StretchHold__LeftWrist, StretchHold__RightWrist, TouchIndex__LeftWrist, TouchIndex__RightWrist, TouchNose__LeftWrist, TouchNose__RightWrist"
117,24,"__columns__, __recording_keys__, CrossArms__LeftWrist, CrossArms__RightWrist, DrinkGlas__LeftWrist, DrinkGlas__RightWrist, Entrainment__LeftWrist, Entrainment__RightWrist, HoldWeight__LeftWrist, HoldWeight__RightWrist, LiftHold__LeftWrist, LiftHold__RightWrist, PointFinger__LeftWrist, PointFinger__RightWrist, Relaxed__LeftWrist, Relaxed__RightWrist, RelaxedTask__LeftWrist, RelaxedTask__RightWrist, StretchHold__LeftWrist, StretchHold__RightWrist, TouchIndex__LeftWrist, TouchIndex__RightWrist, TouchNose__LeftWrist, TouchNose__RightWrist"
118,24,"__columns__, __recording_keys__, CrossArms__LeftWrist, CrossArms__RightWrist, DrinkGlas__LeftWrist, DrinkGlas__RightWrist, Entrainment__LeftWrist, Entrainment__RightWrist, HoldWeight__LeftWrist, HoldWeight__RightWrist, LiftHold__LeftWrist, LiftHold__RightWrist, PointFinger__LeftWrist, PointFinger__RightWrist, Relaxed__LeftWrist, Relaxed__RightWrist, RelaxedTask__LeftWrist, RelaxedTask__RightWrist, StretchHold__LeftWrist, StretchHold__RightWrist, TouchIndex__LeftWrist, TouchIndex__RightWrist, TouchNose__LeftWrist, TouchNose__RightWrist"
119,24,"__columns__, __recording_keys__, CrossArms__LeftWrist, CrossArms__RightWrist, DrinkGlas__LeftWrist, DrinkGlas__RightWrist, Entrainment__LeftWrist, Entrainment__RightWrist, HoldWeight__LeftWrist, HoldWeight__RightWrist, LiftHold__LeftWrist, LiftHold__RightWrist, PointFinger__LeftWrist, PointFinger__RightWrist, Relaxed__LeftWrist, Relaxed__RightWrist, RelaxedTask__LeftWrist, RelaxedTask__RightWrist, StretchHold__LeftWrist, StretchHold__RightWrist, TouchIndex__LeftWrist, TouchIndex__RightWrist, TouchNose__LeftWrist, TouchNose__RightWrist"
120,24,"__columns__, __recording_keys__, CrossArms__LeftWrist, CrossArms__RightWrist, DrinkGlas__LeftWrist, DrinkGlas__RightWrist, Entrainment__LeftWrist, Entrainment__RightWrist, HoldWeight__LeftWrist, HoldWeight__RightWrist, LiftHold__LeftWrist, LiftHold__RightWrist, PointFinger__LeftWrist, PointFinger__RightWrist, Relaxed__LeftWrist, Relaxed__RightWrist, RelaxedTask__LeftWrist, RelaxedTask__RightWrist, StretchHold__LeftWrist, StretchHold__RightWrist, TouchIndex__LeftWrist, TouchIndex__RightWrist, TouchNose__LeftWrist, TouchNose__RightWrist"
121,24,"__columns__, __recording_keys__, CrossArms__LeftWrist, CrossArms__RightWrist, DrinkGlas__LeftWrist, DrinkGlas__RightWrist, Entrainment__LeftWrist, Entrainment__RightWrist, HoldWeight__LeftWrist, HoldWeight__RightWrist, LiftHold__LeftWrist, LiftHold__RightWrist, PointFinger__LeftWrist, PointFinger__RightWrist, Relaxed__LeftWrist, Relaxed__RightWrist, RelaxedTask__LeftWrist, RelaxedTask__RightWrist, StretchHold__LeftWrist, StretchHold__RightWrist, TouchIndex__LeftWrist, TouchIndex__RightWrist, TouchNose__LeftWrist, TouchNose__RightWrist"
122,24,"__columns__, __recording_keys__, CrossArms__LeftWrist, CrossArms__RightWrist, DrinkGlas__LeftWrist, DrinkGlas__RightWrist, Entrainment__LeftWrist, Entrainment__RightWrist, HoldWeight__LeftWrist, HoldWeight__RightWrist, LiftHold__LeftWrist, LiftHold__RightWrist, PointFinger__LeftWrist, PointFinger__RightWrist, Relaxed__LeftWrist, Relaxed__RightWrist, RelaxedTask__LeftWrist, RelaxedTask__RightWrist, StretchHold__LeftWrist, StretchHold__RightWrist, TouchIndex__LeftWrist, TouchIndex__RightWrist, TouchNose__LeftWrist, TouchNose__RightWrist"
123,24,"__columns__, __recording_keys__, CrossArms__LeftWrist, CrossArms__RightWrist, DrinkGlas__LeftWrist, DrinkGlas__RightWrist, Entrainment__LeftWrist, Entrainment__RightWrist, HoldWeight__LeftWrist, HoldWeight__RightWrist, LiftHold__LeftWrist, LiftHold__RightWrist, PointFinger__LeftWrist, PointFinger__RightWrist, Relaxed__LeftWrist, Relaxed__RightWrist, RelaxedTask__LeftWrist, RelaxedTask__RightWrist, StretchHold__LeftWrist, StretchHold__RightWrist, TouchIndex__LeftWrist, TouchIndex__RightWrist, TouchNose__LeftWrist, TouchNose__RightWrist"
124,24,"__columns__, __recording_keys__, CrossArms__LeftWrist, CrossArms__RightWrist, DrinkGlas__LeftWrist, DrinkGlas__RightWrist, Entrainment__LeftWrist, Entrainment__RightWrist, HoldWeight__LeftWrist, HoldWeight__RightWrist, LiftHold__LeftWrist, LiftHold__RightWrist, PointFinger__LeftWrist, PointFinger__RightWrist, Relaxed__LeftWrist, Relaxed__RightWrist, RelaxedTask__LeftWrist, RelaxedTask__RightWrist, StretchHold__LeftWrist, StretchHold__RightWrist, TouchIndex__LeftWrist, TouchIndex__RightWrist, TouchNose__LeftWrist, TouchNose__RightWrist"
125,24,"__columns__, __recording_keys__, CrossArms__LeftWrist, CrossArms__RightWrist, DrinkGlas__LeftWrist, DrinkGlas__RightWrist, Entrainment__LeftWrist, Entrainment__RightWrist, HoldWeight__LeftWrist, HoldWeight__RightWrist, LiftHold__LeftWrist, LiftHold__RightWrist, PointFinger__LeftWrist, PointFinger__RightWrist, Relaxed__LeftWrist, Relaxed__RightWrist, RelaxedTask__LeftWrist, RelaxedTask__RightWrist, StretchHold__LeftWrist, StretchHold__RightWrist, TouchIndex__LeftWrist, TouchIndex__RightWrist, TouchNose__LeftWrist, TouchNose__RightWrist"
126,24,"__columns__, __recording_keys__, CrossArms__LeftWrist, CrossArms__RightWrist, DrinkGlas__LeftWrist, DrinkGlas__RightWrist, Entrainment__LeftWrist, Entrainment__RightWrist, HoldWeight__LeftWrist, HoldWeight__RightWrist, LiftHold__LeftWrist, LiftHold__RightWrist, PointFinger__LeftWrist, PointFinger__RightWrist, Relaxed__LeftWrist, Relaxed__RightWrist, RelaxedTask__LeftWrist, RelaxedTask__RightWrist, StretchHold__LeftWrist, StretchHold__RightWrist, TouchIndex__LeftWrist, TouchIndex__RightWrist, TouchNose__LeftWrist, TouchNose__RightWrist"
127,24,"__columns__, __recording_keys__, CrossArms__LeftWrist, CrossArms__RightWrist, DrinkGlas__LeftWrist, DrinkGlas__RightWrist, Entrainment__LeftWrist, Entrainment__RightWrist, HoldWeight__LeftWrist, HoldWeight__RightWrist, LiftHold__LeftWrist, LiftHold__RightWrist, PointFinger__LeftWrist, PointFinger__RightWrist, Relaxed__LeftWrist, Relaxed__RightWrist, RelaxedTask__LeftWrist, RelaxedTask__RightWrist, StretchHold__LeftWrist, StretchHold__RightWrist, TouchIndex__LeftWrist, TouchIndex__RightWrist, TouchNose__LeftWrist, TouchNose__RightWrist"
128,24,"__columns__, __recording_keys__, CrossArms__LeftWrist, CrossArms__RightWrist, DrinkGlas__LeftWrist, DrinkGlas__RightWrist, Entrainment__LeftWrist, Entrainment__RightWrist, HoldWeight__LeftWrist, HoldWeight__RightWrist, LiftHold__LeftWrist, LiftHold__RightWrist, PointFinger__LeftWrist, PointFinger__RightWrist, Relaxed__LeftWrist, Relaxed__RightWrist, RelaxedTask__LeftWrist, RelaxedTask__RightWrist, StretchHold__LeftWrist, StretchHold__RightWrist, TouchIndex__LeftWrist, TouchIndex__RightWrist, TouchNose__LeftWrist, TouchNose__RightWrist"
129,24,"__columns__, __recording_keys__, CrossArms__LeftWrist, CrossArms__RightWrist, DrinkGlas__LeftWrist, DrinkGlas__RightWrist, Entrainment__LeftWrist, Entrainment__RightWrist, HoldWeight__LeftWrist, HoldWeight__RightWrist, LiftHold__LeftWrist, LiftHold__RightWrist, PointFinger__LeftWrist, PointFinger__RightWrist, Relaxed__LeftWrist, Relaxed__RightWrist, RelaxedTask__LeftWrist, RelaxedTask__RightWrist, StretchHold__LeftWrist, StretchHold__RightWrist, TouchIndex__LeftWrist, TouchIndex__RightWrist, TouchNose__LeftWrist, TouchNose__RightWrist"
130,24,"__columns__, __recording_keys__, CrossArms__LeftWrist, CrossArms__RightWrist, DrinkGlas__LeftWrist, DrinkGlas__RightWrist, Entrainment__LeftWrist, Entrainment__RightWrist, HoldWeight__LeftWrist, HoldWeight__RightWrist, LiftHold__LeftWrist, LiftHold__RightWrist, PointFinger__LeftWrist, PointFinger__RightWrist, Relaxed__LeftWrist, Relaxed__RightWrist, RelaxedTask__LeftWrist, RelaxedTask__RightWrist, StretchHold__LeftWrist, StretchHold__RightWrist, TouchIndex__LeftWrist, TouchIndex__RightWrist, TouchNose__LeftWrist, TouchNose__RightWrist"
131,24,"__columns__, __recording_keys__, CrossArms__LeftWrist, CrossArms__RightWrist, DrinkGlas__LeftWrist, DrinkGlas__RightWrist, Entrainment__LeftWrist, Entrainment__RightWrist, HoldWeight__LeftWrist, HoldWeight__RightWrist, LiftHold__LeftWrist, LiftHold__RightWrist, PointFinger__LeftWrist, PointFinger__RightWrist, Relaxed__LeftWrist, Relaxed__RightWrist, RelaxedTask__LeftWrist, RelaxedTask__RightWrist, StretchHold__LeftWrist, StretchHold__RightWrist, TouchIndex__LeftWrist, TouchIndex__RightWrist, TouchNose__LeftWrist, TouchNose__RightWrist"
132,24,"__columns__, __recording_keys__, CrossArms__LeftWrist, CrossArms__RightWrist, DrinkGlas__LeftWrist, DrinkGlas__RightWrist, Entrainment__LeftWrist, Entrainment__RightWrist, HoldWeight__LeftWrist, HoldWeight__RightWrist, LiftHold__LeftWrist, LiftHold__RightWrist, PointFinger__LeftWrist, PointFinger__RightWrist, Relaxed__LeftWrist, Relaxed__RightWrist, RelaxedTask__LeftWrist, RelaxedTask__RightWrist, StretchHold__LeftWrist, StretchHold__RightWrist, TouchIndex__LeftWrist, TouchIndex__RightWrist, TouchNose__LeftWrist, TouchNose__RightWrist"
133,24,"__columns__, __recording_keys__, CrossArms__LeftWrist, CrossArms__RightWrist, DrinkGlas__LeftWrist, DrinkGlas__RightWrist, Entrainment__LeftWrist, Entrainment__RightWrist, HoldWeight__LeftWrist, HoldWeight__RightWrist, LiftHold__LeftWrist, LiftHold__RightWrist, PointFinger__LeftWrist, PointFinger__RightWrist, Relaxed__LeftWrist, Relaxed__RightWrist, RelaxedTask__LeftWrist, RelaxedTask__RightWrist, StretchHold__LeftWrist, StretchHold__RightWrist, TouchIndex__LeftWrist, TouchIndex__RightWrist, TouchNose__LeftWrist, TouchNose__RightWrist"
134,24,"__columns__, __recording_keys__, CrossArms__LeftWrist, CrossArms__RightWrist, DrinkGlas__LeftWrist, DrinkGlas__RightWrist, Entrainment__LeftWrist, Entrainment__RightWrist, HoldWeight__LeftWrist, HoldWeight__RightWrist, LiftHold__LeftWrist, LiftHold__RightWrist, PointFinger__LeftWrist, PointFinger__RightWrist, Relaxed__LeftWrist, Relaxed__RightWrist, RelaxedTask__LeftWrist, RelaxedTask__RightWrist, StretchHold__LeftWrist, StretchHold__RightWrist, TouchIndex__LeftWrist, TouchIndex__RightWrist, TouchNose__LeftWrist, TouchNose__RightWrist"
135,24,"__columns__, __recording_keys__, CrossArms__LeftWrist, CrossArms__RightWrist, DrinkGlas__LeftWrist, DrinkGlas__RightWrist, Entrainment__LeftWrist, Entrainment__RightWrist, HoldWeight__LeftWrist, HoldWeight__RightWrist, LiftHold__LeftWrist, LiftHold__RightWrist, PointFinger__LeftWrist, PointFinger__RightWrist, Relaxed__LeftWrist, Relaxed__RightWrist, RelaxedTask__LeftWrist, RelaxedTask__RightWrist, StretchHold__LeftWrist, StretchHold__RightWrist, TouchIndex__LeftWrist, TouchIndex__RightWrist, TouchNose__LeftWrist, TouchNose__RightWrist"
136,24,"__columns__, __recording_keys__, CrossArms__LeftWrist, CrossArms__RightWrist, DrinkGlas__LeftWrist, DrinkGlas__RightWrist, Entrainment__LeftWrist, Entrainment__RightWrist, HoldWeight__LeftWrist, HoldWeight__RightWrist, LiftHold__LeftWrist, LiftHold__RightWrist, PointFinger__LeftWrist, PointFinger__RightWrist, Relaxed__LeftWrist, Relaxed__RightWrist, RelaxedTask__LeftWrist, RelaxedTask__RightWrist, StretchHold__LeftWrist, StretchHold__RightWrist, TouchIndex__LeftWrist, TouchIndex__RightWrist, TouchNose__LeftWrist, TouchNose__RightWrist"
137,24,"__columns__, __recording_keys__, CrossArms__LeftWrist, CrossArms__RightWrist, DrinkGlas__LeftWrist, DrinkGlas__RightWrist, Entrainment__LeftWrist, Entrainment__RightWrist, HoldWeight__LeftWrist, HoldWeight__RightWrist, LiftHold__LeftWrist, LiftHold__RightWrist, PointFinger__LeftWrist, PointFinger__RightWrist, Relaxed__LeftWrist, Relaxed__RightWrist, RelaxedTask__LeftWrist, RelaxedTask__RightWrist, StretchHold__LeftWrist, StretchHold__RightWrist, TouchIndex__LeftWrist, TouchIndex__RightWrist, TouchNose__LeftWrist, TouchNose__RightWrist"
138,24,"__columns__, __recording_keys__, CrossArms__LeftWrist, CrossArms__RightWrist, DrinkGlas__LeftWrist, DrinkGlas__RightWrist, Entrainment__LeftWrist, Entrainment__RightWrist, HoldWeight__LeftWrist, HoldWeight__RightWrist, LiftHold__LeftWrist, LiftHold__RightWrist, PointFinger__LeftWrist, PointFinger__RightWrist, Relaxed__LeftWrist, Relaxed__RightWrist, RelaxedTask__LeftWrist, RelaxedTask__RightWrist, StretchHold__LeftWrist, StretchHold__RightWrist, TouchIndex__LeftWrist, TouchIndex__RightWrist, TouchNose__LeftWrist, TouchNose__RightWrist"
139,24,"__columns__, __recording_keys__, CrossArms__LeftWrist, CrossArms__RightWrist, DrinkGlas__LeftWrist, DrinkGlas__RightWrist, Entrainment__LeftWrist, Entrainment__RightWrist, HoldWeight__LeftWrist, HoldWeight__RightWrist, LiftHold__LeftWrist, LiftHold__RightWrist, PointFinger__LeftWrist, PointFinger__RightWrist, Relaxed__LeftWrist, Relaxed__RightWrist, RelaxedTask__LeftWrist, RelaxedTask__RightWrist, StretchHold__LeftWrist, StretchHold__RightWrist, TouchIndex__LeftWrist, TouchIndex__RightWrist, TouchNose__LeftWrist, TouchNose__RightWrist"
140,24,"__columns__, __recording_keys__, CrossArms__LeftWrist, CrossArms__RightWrist, DrinkGlas__LeftWrist, DrinkGlas__RightWrist, Entrainment__LeftWrist, Entrainment__RightWrist, HoldWeight__LeftWrist, HoldWeight__RightWrist, LiftHold__LeftWrist, LiftHold__RightWrist, PointFinger__LeftWrist, PointFinger__RightWrist, Relaxed__LeftWrist, Relaxed__RightWrist, RelaxedTask__LeftWrist, RelaxedTask__RightWrist, StretchHold__LeftWrist, StretchHold__RightWrist, TouchIndex__LeftWrist, TouchIndex__RightWrist, TouchNose__LeftWrist, TouchNose__RightWrist"
141,24,"__columns__, __recording_keys__, CrossArms__LeftWrist, CrossArms__RightWrist, DrinkGlas__LeftWrist, DrinkGlas__RightWrist, Entrainment__LeftWrist, Entrainment__RightWrist, HoldWeight__LeftWrist, HoldWeight__RightWrist, LiftHold__LeftWrist, LiftHold__RightWrist, PointFinger__LeftWrist, PointFinger__RightWrist, Relaxed__LeftWrist, Relaxed__RightWrist, RelaxedTask__LeftWrist, RelaxedTask__RightWrist, StretchHold__LeftWrist, StretchHold__RightWrist, TouchIndex__LeftWrist, TouchIndex__RightWrist, TouchNose__LeftWrist, TouchNose__RightWrist"
142,24,"__columns__, __recording_keys__, CrossArms__LeftWrist, CrossArms__RightWrist, DrinkGlas__LeftWrist, DrinkGlas__RightWrist, Entrainment__LeftWrist, Entrainment__RightWrist, HoldWeight__LeftWrist, HoldWeight__RightWrist, LiftHold__LeftWrist, LiftHold__RightWrist, PointFinger__LeftWrist, PointFinger__RightWrist, Relaxed__LeftWrist, Relaxed__RightWrist, RelaxedTask__LeftWrist, RelaxedTask__RightWrist, StretchHold__LeftWrist, StretchHold__RightWrist, TouchIndex__LeftWrist, TouchIndex__RightWrist, TouchNose__LeftWrist, TouchNose__RightWrist"
143,24,"__columns__, __recording_keys__, CrossArms__LeftWrist, CrossArms__RightWrist, DrinkGlas__LeftWrist, DrinkGlas__RightWrist, Entrainment__LeftWrist, Entrainment__RightWrist, HoldWeight__LeftWrist, HoldWeight__RightWrist, LiftHold__LeftWrist, LiftHold__RightWrist, PointFinger__LeftWrist, PointFinger__RightWrist, Relaxed__LeftWrist, Relaxed__RightWrist, RelaxedTask__LeftWrist, RelaxedTask__RightWrist, StretchHold__LeftWrist, StretchHold__RightWrist, TouchIndex__LeftWrist, TouchIndex__RightWrist, TouchNose__LeftWrist, TouchNose__RightWrist"
144,24,"__columns__, __recording_keys__, CrossArms__LeftWrist, CrossArms__RightWrist, DrinkGlas__LeftWrist, DrinkGlas__RightWrist, Entrainment__LeftWrist, Entrainment__RightWrist, HoldWeight__LeftWrist, HoldWeight__RightWrist, LiftHold__LeftWrist, LiftHold__RightWrist, PointFinger__LeftWrist, PointFinger__RightWrist, Relaxed__LeftWrist, Relaxed__RightWrist, RelaxedTask__LeftWrist, RelaxedTask__RightWrist, StretchHold__LeftWrist, StretchHold__RightWrist, TouchIndex__LeftWrist, TouchIndex__RightWrist, TouchNose__LeftWrist, TouchNose__RightWrist"
145,24,"__columns__, __recording_keys__, CrossArms__LeftWrist, CrossArms__RightWrist, DrinkGlas__LeftWrist, DrinkGlas__RightWrist, Entrainment__LeftWrist, Entrainment__RightWrist, HoldWeight__LeftWrist, HoldWeight__RightWrist, LiftHold__LeftWrist, LiftHold__RightWrist, PointFinger__LeftWrist, PointFinger__RightWrist, Relaxed__LeftWrist, Relaxed__RightWrist, RelaxedTask__LeftWrist, RelaxedTask__RightWrist, StretchHold__LeftWrist, StretchHold__RightWrist, TouchIndex__LeftWrist, TouchIndex__RightWrist, TouchNose__LeftWrist, TouchNose__RightWrist"
146,24,"__columns__, __recording_keys__, CrossArms__LeftWrist, CrossArms__RightWrist, DrinkGlas__LeftWrist, DrinkGlas__RightWrist, Entrainment__LeftWrist, Entrainment__RightWrist, HoldWeight__LeftWrist, HoldWeight__RightWrist, LiftHold__LeftWrist, LiftHold__RightWrist, PointFinger__LeftWrist, PointFinger__RightWrist, Relaxed__LeftWrist, Relaxed__RightWrist, RelaxedTask__LeftWrist, RelaxedTask__RightWrist, StretchHold__LeftWrist, StretchHold__RightWrist, TouchIndex__LeftWrist, TouchIndex__RightWrist, TouchNose__LeftWrist, TouchNose__RightWrist"
147,24,"__columns__, __recording_keys__, CrossArms__LeftWrist, CrossArms__RightWrist, DrinkGlas__LeftWrist, DrinkGlas__RightWrist, Entrainment__LeftWrist, Entrainment__RightWrist, HoldWeight__LeftWrist, HoldWeight__RightWrist, LiftHold__LeftWrist, LiftHold__RightWrist, PointFinger__LeftWrist, PointFinger__RightWrist, Relaxed__LeftWrist, Relaxed__RightWrist, RelaxedTask__LeftWrist, RelaxedTask__RightWrist, StretchHold__LeftWrist, StretchHold__RightWrist, TouchIndex__LeftWrist, TouchIndex__RightWrist, TouchNose__LeftWrist, TouchNose__RightWrist"
148,24,"__columns__, __recording_keys__, CrossArms__LeftWrist, CrossArms__RightWrist, DrinkGlas__LeftWrist, DrinkGlas__RightWrist, Entrainment__LeftWrist, Entrainment__RightWrist, HoldWeight__LeftWrist, HoldWeight__RightWrist, LiftHold__LeftWrist, LiftHold__RightWrist, PointFinger__LeftWrist, PointFinger__RightWrist, Relaxed__LeftWrist, Relaxed__RightWrist, RelaxedTask__LeftWrist, RelaxedTask__RightWrist, StretchHold__LeftWrist, StretchHold__RightWrist, TouchIndex__LeftWrist, TouchIndex__RightWrist, TouchNose__LeftWrist, TouchNose__RightWrist"
149,24,"__columns__, __recording_keys__, CrossArms__LeftWrist, CrossArms__RightWrist, DrinkGlas__LeftWrist, DrinkGlas__RightWrist, Entrainment__LeftWrist, Entrainment__RightWrist, HoldWeight__LeftWrist, HoldWeight__RightWrist, LiftHold__LeftWrist, LiftHold__RightWrist, PointFinger__LeftWrist, PointFinger__RightWrist, Relaxed__LeftWrist, Relaxed__RightWrist, RelaxedTask__LeftWrist, RelaxedTask__RightWrist, StretchHold__LeftWrist, StretchHold__RightWrist, TouchIndex__LeftWrist, TouchIndex__RightWrist, TouchNose__LeftWrist, TouchNose__RightWrist"
150,24,"__columns__, __recording_keys__, CrossArms__LeftWrist, CrossArms__RightWrist, DrinkGlas__LeftWrist, DrinkGlas__RightWrist, Entrainment__LeftWrist, Entrainment__RightWrist, HoldWeight__LeftWrist, HoldWeight__RightWrist, LiftHold__LeftWrist, LiftHold__RightWrist, PointFinger__LeftWrist, PointFinger__RightWrist, Relaxed__LeftWrist, Relaxed__RightWrist, RelaxedTask__LeftWrist, RelaxedTask__RightWrist, StretchHold__LeftWrist, StretchHold__RightWrist, TouchIndex__LeftWrist, TouchIndex__RightWrist, TouchNose__LeftWrist, TouchNose__RightWrist"
151,24,"__columns__, __recording_keys__, CrossArms__LeftWrist, CrossArms__RightWrist, DrinkGlas__LeftWrist, DrinkGlas__RightWrist, Entrainment__LeftWrist, Entrainment__RightWrist, HoldWeight__LeftWrist, HoldWeight__RightWrist, LiftHold__LeftWrist, LiftHold__RightWrist, PointFinger__LeftWrist, PointFinger__RightWrist, Relaxed__LeftWrist, Relaxed__RightWrist, RelaxedTask__LeftWrist, RelaxedTask__RightWrist, StretchHold__LeftWrist, StretchHold__RightWrist, TouchIndex__LeftWrist, TouchIndex__RightWrist, TouchNose__LeftWrist, TouchNose__RightWrist"
152,24,"__columns__, __recording_keys__, CrossArms__LeftWrist, CrossArms__RightWrist, DrinkGlas__LeftWrist, DrinkGlas__RightWrist, Entrainment__LeftWrist, Entrainment__RightWrist, HoldWeight__LeftWrist, HoldWeight__RightWrist, LiftHold__LeftWrist, LiftHold__RightWrist, PointFinger__LeftWrist, PointFinger__RightWrist, Relaxed__LeftWrist, Relaxed__RightWrist, RelaxedTask__LeftWrist, RelaxedTask__RightWrist, StretchHold__LeftWrist, StretchHold__RightWrist, TouchIndex__LeftWrist, TouchIndex__RightWrist, TouchNose__LeftWrist, TouchNose__RightWrist"
153,24,"__columns__, __recording_keys__, CrossArms__LeftWrist, CrossArms__RightWrist, DrinkGlas__LeftWrist, DrinkGlas__RightWrist, Entrainment__LeftWrist, Entrainment__RightWrist, HoldWeight__LeftWrist, HoldWeight__RightWrist, LiftHold__LeftWrist, LiftHold__RightWrist, PointFinger__LeftWrist, PointFinger__RightWrist, Relaxed__LeftWrist, Relaxed__RightWrist, RelaxedTask__LeftWrist, RelaxedTask__RightWrist, StretchHold__LeftWrist, StretchHold__RightWrist, TouchIndex__LeftWrist, TouchIndex__RightWrist, TouchNose__LeftWrist, TouchNose__RightWrist"
154,24,"__columns__, __recording_keys__, CrossArms__LeftWrist, CrossArms__RightWrist, DrinkGlas__LeftWrist, DrinkGlas__RightWrist, Entrainment__LeftWrist, Entrainment__RightWrist, HoldWeight__LeftWrist, HoldWeight__RightWrist, LiftHold__LeftWrist, LiftHold__RightWrist, PointFinger__LeftWrist, PointFinger__RightWrist, Relaxed__LeftWrist, Relaxed__RightWrist, RelaxedTask__LeftWrist, RelaxedTask__RightWrist, StretchHold__LeftWrist, StretchHold__RightWrist, TouchIndex__LeftWrist, TouchIndex__RightWrist, TouchNose__LeftWrist, TouchNose__RightWrist"
155,24,"__columns__, __recording_keys__, CrossArms__LeftWrist, CrossArms__RightWrist, DrinkGlas__LeftWrist, DrinkGlas__RightWrist, Entrainment__LeftWrist, Entrainment__RightWrist, HoldWeight__LeftWrist, HoldWeight__RightWrist, LiftHold__LeftWrist, LiftHold__RightWrist, PointFinger__LeftWrist, PointFinger__RightWrist, Relaxed__LeftWrist, Relaxed__RightWrist, RelaxedTask__LeftWrist, RelaxedTask__RightWrist, StretchHold__LeftWrist, StretchHold__RightWrist, TouchIndex__LeftWrist, TouchIndex__RightWrist, TouchNose__LeftWrist, TouchNose__RightWrist"
156,24,"__columns__, __recording_keys__, CrossArms__LeftWrist, CrossArms__RightWrist, DrinkGlas__LeftWrist, DrinkGlas__RightWrist, Entrainment__LeftWrist, Entrainment__RightWrist, HoldWeight__LeftWrist, HoldWeight__RightWrist, LiftHold__LeftWrist, LiftHold__RightWrist, PointFinger__LeftWrist, PointFinger__RightWrist, Relaxed__LeftWrist, Relaxed__RightWrist, RelaxedTask__LeftWrist, RelaxedTask__RightWrist, StretchHold__LeftWrist, StretchHold__RightWrist, TouchIndex__LeftWrist, TouchIndex__RightWrist, TouchNose__LeftWrist, TouchNose__RightWrist"
157,24,"__columns__, __recording_keys__, CrossArms__LeftWrist, CrossArms__RightWrist, DrinkGlas__LeftWrist, DrinkGlas__RightWrist, Entrainment__LeftWrist, Entrainment__RightWrist, HoldWeight__LeftWrist, HoldWeight__RightWrist, LiftHold__LeftWrist, LiftHold__RightWrist, PointFinger__LeftWrist, PointFinger__RightWrist, Relaxed__LeftWrist, Relaxed__RightWrist, RelaxedTask__LeftWrist, RelaxedTask__RightWrist, StretchHold__LeftWrist, StretchHold__RightWrist, TouchIndex__LeftWrist, TouchIndex__RightWrist, TouchNose__LeftWrist, TouchNose__RightWrist"
158,24,"__columns__, __recording_keys__, CrossArms__LeftWrist, CrossArms__RightWrist, DrinkGlas__LeftWrist, DrinkGlas__RightWrist, Entrainment__LeftWrist, Entrainment__RightWrist, HoldWeight__LeftWrist, HoldWeight__RightWrist, LiftHold__LeftWrist, LiftHold__RightWrist, PointFinger__LeftWrist, PointFinger__RightWrist, Relaxed__LeftWrist, Relaxed__RightWrist, RelaxedTask__LeftWrist, RelaxedTask__RightWrist, StretchHold__LeftWrist, StretchHold__RightWrist, TouchIndex__LeftWrist, TouchIndex__RightWrist, TouchNose__LeftWrist, TouchNose__RightWrist"
159,24,"__columns__, __recording_keys__, CrossArms__LeftWrist, CrossArms__RightWrist, DrinkGlas__LeftWrist, DrinkGlas__RightWrist, Entrainment__LeftWrist, Entrainment__RightWrist, HoldWeight__LeftWrist, HoldWeight__RightWrist, LiftHold__LeftWrist, LiftHold__RightWrist, PointFinger__LeftWrist, PointFinger__RightWrist, Relaxed__LeftWrist, Relaxed__RightWrist, RelaxedTask__LeftWrist, RelaxedTask__RightWrist, StretchHold__LeftWrist, StretchHold__RightWrist, TouchIndex__LeftWrist, TouchIndex__RightWrist, TouchNose__LeftWrist, TouchNose__RightWrist"
160,24,"__columns__, __recording_keys__, CrossArms__LeftWrist, CrossArms__RightWrist, DrinkGlas__LeftWrist, DrinkGlas__RightWrist, Entrainment__LeftWrist, Entrainment__RightWrist, HoldWeight__LeftWrist, HoldWeight__RightWrist, LiftHold__LeftWrist, LiftHold__RightWrist, PointFinger__LeftWrist, PointFinger__RightWrist, Relaxed__LeftWrist, Relaxed__RightWrist, RelaxedTask__LeftWrist, RelaxedTask__RightWrist, StretchHold__LeftWrist, StretchHold__RightWrist, TouchIndex__LeftWrist, TouchIndex__RightWrist, TouchNose__LeftWrist, TouchNose__RightWrist"
161,24,"__columns__, __recording_keys__, CrossArms__LeftWrist, CrossArms__RightWrist, DrinkGlas__LeftWrist, DrinkGlas__RightWrist, Entrainment__LeftWrist, Entrainment__RightWrist, HoldWeight__LeftWrist, HoldWeight__RightWrist, LiftHold__LeftWrist, LiftHold__RightWrist, PointFinger__LeftWrist, PointFinger__RightWrist, Relaxed__LeftWrist, Relaxed__RightWrist, RelaxedTask__LeftWrist, RelaxedTask__RightWrist, StretchHold__LeftWrist, StretchHold__RightWrist, TouchIndex__LeftWrist, TouchIndex__RightWrist, TouchNose__LeftWrist, TouchNose__RightWrist"
162,24,"__columns__, __recording_keys__, CrossArms__LeftWrist, CrossArms__RightWrist, DrinkGlas__LeftWrist, DrinkGlas__RightWrist, Entrainment__LeftWrist, Entrainment__RightWrist, HoldWeight__LeftWrist, HoldWeight__RightWrist, LiftHold__LeftWrist, LiftHold__RightWrist, PointFinger__LeftWrist, PointFinger__RightWrist, Relaxed__LeftWrist, Relaxed__RightWrist, RelaxedTask__LeftWrist, RelaxedTask__RightWrist, StretchHold__LeftWrist, StretchHold__RightWrist, TouchIndex__LeftWrist, TouchIndex__RightWrist, TouchNose__LeftWrist, TouchNose__RightWrist"
163,24,"__columns__, __recording_keys__, CrossArms__LeftWrist, CrossArms__RightWrist, DrinkGlas__LeftWrist, DrinkGlas__RightWrist, Entrainment__LeftWrist, Entrainment__RightWrist, HoldWeight__LeftWrist, HoldWeight__RightWrist, LiftHold__LeftWrist, LiftHold__RightWrist, PointFinger__LeftWrist, PointFinger__RightWrist, Relaxed__LeftWrist, Relaxed__RightWrist, RelaxedTask__LeftWrist, RelaxedTask__RightWrist, StretchHold__LeftWrist, StretchHold__RightWrist, TouchIndex__LeftWrist, TouchIndex__RightWrist, TouchNose__LeftWrist, TouchNose__RightWrist"
164,24,"__columns__, __recording_keys__, CrossArms__LeftWrist, CrossArms__RightWrist, DrinkGlas__LeftWrist, DrinkGlas__RightWrist, Entrainment__LeftWrist, Entrainment__RightWrist, HoldWeight__LeftWrist, HoldWeight__RightWrist, LiftHold__LeftWrist, LiftHold__RightWrist, PointFinger__LeftWrist, PointFinger__RightWrist, Relaxed__LeftWrist, Relaxed__RightWrist, RelaxedTask__LeftWrist, RelaxedTask__RightWrist, StretchHold__LeftWrist, StretchHold__RightWrist, TouchIndex__LeftWrist, TouchIndex__RightWrist, TouchNose__LeftWrist, TouchNose__RightWrist"
165,24,"__columns__, __recording_keys__, CrossArms__LeftWrist, CrossArms__RightWrist, DrinkGlas__LeftWrist, DrinkGlas__RightWrist, Entrainment__LeftWrist, Entrainment__RightWrist, HoldWeight__LeftWrist, HoldWeight__RightWrist, LiftHold__LeftWrist, LiftHold__RightWrist, PointFinger__LeftWrist, PointFinger__RightWrist, Relaxed__LeftWrist, Relaxed__RightWrist, RelaxedTask__LeftWrist, RelaxedTask__RightWrist, StretchHold__LeftWrist, StretchHold__RightWrist, TouchIndex__LeftWrist, TouchIndex__RightWrist, TouchNose__LeftWrist, TouchNose__RightWrist"
166,24,"__columns__, __recording_keys__, CrossArms__LeftWrist, CrossArms__RightWrist, DrinkGlas__LeftWrist, DrinkGlas__RightWrist, Entrainment__LeftWrist, Entrainment__RightWrist, HoldWeight__LeftWrist, HoldWeight__RightWrist, LiftHold__LeftWrist, LiftHold__RightWrist, PointFinger__LeftWrist, PointFinger__RightWrist, Relaxed__LeftWrist, Relaxed__RightWrist, RelaxedTask__LeftWrist, RelaxedTask__RightWrist, StretchHold__LeftWrist, StretchHold__RightWrist, TouchIndex__LeftWrist, TouchIndex__RightWrist, TouchNose__LeftWrist, TouchNose__RightWrist"
167,24,"__columns__, __recording_keys__, CrossArms__LeftWrist, CrossArms__RightWrist, DrinkGlas__LeftWrist, DrinkGlas__RightWrist, Entrainment__LeftWrist, Entrainment__RightWrist, HoldWeight__LeftWrist, HoldWeight__RightWrist, LiftHold__LeftWrist, LiftHold__RightWrist, PointFinger__LeftWrist, PointFinger__RightWrist, Relaxed__LeftWrist, Relaxed__RightWrist, RelaxedTask__LeftWrist, RelaxedTask__RightWrist, StretchHold__LeftWrist, StretchHold__RightWrist, TouchIndex__LeftWrist, TouchIndex__RightWrist, TouchNose__LeftWrist, TouchNose__RightWrist"
168,24,"__columns__, __recording_keys__, CrossArms__LeftWrist, CrossArms__RightWrist, DrinkGlas__LeftWrist, DrinkGlas__RightWrist, Entrainment__LeftWrist, Entrainment__RightWrist, HoldWeight__LeftWrist, HoldWeight__RightWrist, LiftHold__LeftWrist, LiftHold__RightWrist, PointFinger__LeftWrist, PointFinger__RightWrist, Relaxed__LeftWrist, Relaxed__RightWrist, RelaxedTask__LeftWrist, RelaxedTask__RightWrist, StretchHold__LeftWrist, StretchHold__RightWrist, TouchIndex__LeftWrist, TouchIndex__RightWrist, TouchNose__LeftWrist, TouchNose__RightWrist"
169,24,"__columns__, __recording_keys__, CrossArms__LeftWrist, CrossArms__RightWrist, DrinkGlas__LeftWrist, DrinkGlas__RightWrist, Entrainment__LeftWrist, Entrainment__RightWrist, HoldWeight__LeftWrist, HoldWeight__RightWrist, LiftHold__LeftWrist, LiftHold__RightWrist, PointFinger__LeftWrist, PointFinger__RightWrist, Relaxed__LeftWrist, Relaxed__RightWrist, RelaxedTask__LeftWrist, RelaxedTask__RightWrist, StretchHold__LeftWrist, StretchHold__RightWrist, TouchIndex__LeftWrist, TouchIndex__RightWrist, TouchNose__LeftWrist, TouchNose__RightWrist"
170,24,"__columns__, __recording_keys__, CrossArms__LeftWrist, CrossArms__RightWrist, DrinkGlas__LeftWrist, DrinkGlas__RightWrist, Entrainment__LeftWrist, Entrainment__RightWrist, HoldWeight__LeftWrist, HoldWeight__RightWrist, LiftHold__LeftWrist, LiftHold__RightWrist, PointFinger__LeftWrist, PointFinger__RightWrist, Relaxed__LeftWrist, Relaxed__RightWrist, RelaxedTask__LeftWrist, RelaxedTask__RightWrist, StretchHold__LeftWrist, StretchHold__RightWrist, TouchIndex__LeftWrist, TouchIndex__RightWrist, TouchNose__LeftWrist, TouchNose__RightWrist"
171,24,"__columns__, __recording_keys__, CrossArms__LeftWrist, CrossArms__RightWrist, DrinkGlas__LeftWrist, DrinkGlas__RightWrist, Entrainment__LeftWrist, Entrainment__RightWrist, HoldWeight__LeftWrist, HoldWeight__RightWrist, LiftHold__LeftWrist, LiftHold__RightWrist, PointFinger__LeftWrist, PointFinger__RightWrist, Relaxed__LeftWrist, Relaxed__RightWrist, RelaxedTask__LeftWrist, RelaxedTask__RightWrist, StretchHold__LeftWrist, StretchHold__RightWrist, TouchIndex__LeftWrist, TouchIndex__RightWrist, TouchNose__LeftWrist, TouchNose__RightWrist"
172,24,"__columns__, __recording_keys__, CrossArms__LeftWrist, CrossArms__RightWrist, DrinkGlas__LeftWrist, DrinkGlas__RightWrist, Entrainment__LeftWrist, Entrainment__RightWrist, HoldWeight__LeftWrist, HoldWeight__RightWrist, LiftHold__LeftWrist, LiftHold__RightWrist, PointFinger__LeftWrist, PointFinger__RightWrist, Relaxed__LeftWrist, Relaxed__RightWrist, RelaxedTask__LeftWrist, RelaxedTask__RightWrist, StretchHold__LeftWrist, StretchHold__RightWrist, TouchIndex__LeftWrist, TouchIndex__RightWrist, TouchNose__LeftWrist, TouchNose__RightWrist"
173,24,"__columns__, __recording_keys__, CrossArms__LeftWrist, CrossArms__RightWrist, DrinkGlas__LeftWrist, DrinkGlas__RightWrist, Entrainment__LeftWrist, Entrainment__RightWrist, HoldWeight__LeftWrist, HoldWeight__RightWrist, LiftHold__LeftWrist, LiftHold__RightWrist, PointFinger__LeftWrist, PointFinger__RightWrist, Relaxed__LeftWrist, Relaxed__RightWrist, RelaxedTask__LeftWrist, RelaxedTask__RightWrist, StretchHold__LeftWrist, StretchHold__RightWrist, TouchIndex__LeftWrist, TouchIndex__RightWrist, TouchNose__LeftWrist, TouchNose__RightWrist"
174,24,"__columns__, __recording_keys__, CrossArms__LeftWrist, CrossArms__RightWrist, DrinkGlas__LeftWrist, DrinkGlas__RightWrist, Entrainment__LeftWrist, Entrainment__RightWrist, HoldWeight__LeftWrist, HoldWeight__RightWrist, LiftHold__LeftWrist, LiftHold__RightWrist, PointFinger__LeftWrist, PointFinger__RightWrist, Relaxed__LeftWrist, Relaxed__RightWrist, RelaxedTask__LeftWrist, RelaxedTask__RightWrist, StretchHold__LeftWrist, StretchHold__RightWrist, TouchIndex__LeftWrist, TouchIndex__RightWrist, TouchNose__LeftWrist, TouchNose__RightWrist"
175,24,"__columns__, __recording_keys__, CrossArms__LeftWrist, CrossArms__RightWrist, DrinkGlas__LeftWrist, DrinkGlas__RightWrist, Entrainment__LeftWrist, Entrainment__RightWrist, HoldWeight__LeftWrist, HoldWeight__RightWrist, LiftHold__LeftWrist, LiftHold__RightWrist, PointFinger__LeftWrist, PointFinger__RightWrist, Relaxed__LeftWrist, Relaxed__RightWrist, RelaxedTask__LeftWrist, RelaxedTask__RightWrist, StretchHold__LeftWrist, StretchHold__RightWrist, TouchIndex__LeftWrist, TouchIndex__RightWrist, TouchNose__LeftWrist, TouchNose__RightWrist"
176,24,"__columns__, __recording_keys__, CrossArms__LeftWrist, CrossArms__RightWrist, DrinkGlas__LeftWrist, DrinkGlas__RightWrist, Entrainment__LeftWrist, Entrainment__RightWrist, HoldWeight__LeftWrist, HoldWeight__RightWrist, LiftHold__LeftWrist, LiftHold__RightWrist, PointFinger__LeftWrist, PointFinger__RightWrist, Relaxed__LeftWrist, Relaxed__RightWrist, RelaxedTask__LeftWrist, RelaxedTask__RightWrist, StretchHold__LeftWrist, StretchHold__RightWrist, TouchIndex__LeftWrist, TouchIndex__RightWrist, TouchNose__LeftWrist, TouchNose__RightWrist"
177,24,"__columns__, __recording_keys__, CrossArms__LeftWrist, CrossArms__RightWrist, DrinkGlas__LeftWrist, DrinkGlas__RightWrist, Entrainment__LeftWrist, Entrainment__RightWrist, HoldWeight__LeftWrist, HoldWeight__RightWrist, LiftHold__LeftWrist, LiftHold__RightWrist, PointFinger__LeftWrist, PointFinger__RightWrist, Relaxed__LeftWrist, Relaxed__RightWrist, RelaxedTask__LeftWrist, RelaxedTask__RightWrist, StretchHold__LeftWrist, StretchHold__RightWrist, TouchIndex__LeftWrist, TouchIndex__RightWrist, TouchNose__LeftWrist, TouchNose__RightWrist"
178,24,"__columns__, __recording_keys__, CrossArms__LeftWrist, CrossArms__RightWrist, DrinkGlas__LeftWrist, DrinkGlas__RightWrist, Entrainment__LeftWrist, Entrainment__RightWrist, HoldWeight__LeftWrist, HoldWeight__RightWrist, LiftHold__LeftWrist, LiftHold__RightWrist, PointFinger__LeftWrist, PointFinger__RightWrist, Relaxed__LeftWrist, Relaxed__RightWrist, RelaxedTask__LeftWrist, RelaxedTask__RightWrist, StretchHold__LeftWrist, StretchHold__RightWrist, TouchIndex__LeftWrist, TouchIndex__RightWrist, TouchNose__LeftWrist, TouchNose__RightWrist"
179,24,"__columns__, __recording_keys__, CrossArms__LeftWrist, CrossArms__RightWrist, DrinkGlas__LeftWrist, DrinkGlas__RightWrist, Entrainment__LeftWrist, Entrainment__RightWrist, HoldWeight__LeftWrist, HoldWeight__RightWrist, LiftHold__LeftWrist, LiftHold__RightWrist, PointFinger__LeftWrist, PointFinger__RightWrist, Relaxed__LeftWrist, Relaxed__RightWrist, RelaxedTask__LeftWrist, RelaxedTask__RightWrist, StretchHold__LeftWrist, StretchHold__RightWrist, TouchIndex__LeftWrist, TouchIndex__RightWrist, TouchNose__LeftWrist, TouchNose__RightWrist"
180,24,"__columns__, __recording_keys__, CrossArms__LeftWrist, CrossArms__RightWrist, DrinkGlas__LeftWrist, DrinkGlas__RightWrist, Entrainment__LeftWrist, Entrainment__RightWrist, HoldWeight__LeftWrist, HoldWeight__RightWrist, LiftHold__LeftWrist, LiftHold__RightWrist, PointFinger__LeftWrist, PointFinger__RightWrist, Relaxed__LeftWrist, Relaxed__RightWrist, RelaxedTask__LeftWrist, RelaxedTask__RightWrist, StretchHold__LeftWrist, StretchHold__RightWrist, TouchIndex__LeftWrist, TouchIndex__RightWrist, TouchNose__LeftWrist, TouchNose__RightWrist"
181,24,"__columns__, __recording_keys__, CrossArms__LeftWrist, CrossArms__RightWrist, DrinkGlas__LeftWrist, DrinkGlas__RightWrist, Entrainment__LeftWrist, Entrainment__RightWrist, HoldWeight__LeftWrist, HoldWeight__RightWrist, LiftHold__LeftWrist, LiftHold__RightWrist, PointFinger__LeftWrist, PointFinger__RightWrist, Relaxed__LeftWrist, Relaxed__RightWrist, RelaxedTask__LeftWrist, RelaxedTask__RightWrist, StretchHold__LeftWrist, StretchHold__RightWrist, TouchIndex__LeftWrist, TouchIndex__RightWrist, TouchNose__LeftWrist, TouchNose__RightWrist"
182,24,"__columns__, __recording_keys__, CrossArms__LeftWrist, CrossArms__RightWrist, DrinkGlas__LeftWrist, DrinkGlas__RightWrist, Entrainment__LeftWrist, Entrainment__RightWrist, HoldWeight__LeftWrist, HoldWeight__RightWrist, LiftHold__LeftWrist, LiftHold__RightWrist, PointFinger__LeftWrist, PointFinger__RightWrist, Relaxed__LeftWrist, Relaxed__RightWrist, RelaxedTask__LeftWrist, RelaxedTask__RightWrist, StretchHold__LeftWrist, StretchHold__RightWrist, TouchIndex__LeftWrist, TouchIndex__RightWrist, TouchNose__LeftWrist, TouchNose__RightWrist"
183,24,"__columns__, __recording_keys__, CrossArms__LeftWrist, CrossArms__RightWrist, DrinkGlas__LeftWrist, DrinkGlas__RightWrist, Entrainment__LeftWrist, Entrainment__RightWrist, HoldWeight__LeftWrist, HoldWeight__RightWrist, LiftHold__LeftWrist, LiftHold__RightWrist, PointFinger__LeftWrist, PointFinger__RightWrist, Relaxed__LeftWrist, Relaxed__RightWrist, RelaxedTask__LeftWrist, RelaxedTask__RightWrist, StretchHold__LeftWrist, StretchHold__RightWrist, TouchIndex__LeftWrist, TouchIndex__RightWrist, TouchNose__LeftWrist, TouchNose__RightWrist"
184,24,"__columns__, __recording_keys__, CrossArms__LeftWrist, CrossArms__RightWrist, DrinkGlas__LeftWrist, DrinkGlas__RightWrist, Entrainment__LeftWrist, Entrainment__RightWrist, HoldWeight__LeftWrist, HoldWeight__RightWrist, LiftHold__LeftWrist, LiftHold__RightWrist, PointFinger__LeftWrist, PointFinger__RightWrist, Relaxed__LeftWrist, Relaxed__RightWrist, RelaxedTask__LeftWrist, RelaxedTask__RightWrist, StretchHold__LeftWrist, StretchHold__RightWrist, TouchIndex__LeftWrist, TouchIndex__RightWrist, TouchNose__LeftWrist, TouchNose__RightWrist"
185,24,"__columns__, __recording_keys__, CrossArms__LeftWrist, CrossArms__RightWrist, DrinkGlas__LeftWrist, DrinkGlas__RightWrist, Entrainment__LeftWrist, Entrainment__RightWrist, HoldWeight__LeftWrist, HoldWeight__RightWrist, LiftHold__LeftWrist, LiftHold__RightWrist, PointFinger__LeftWrist, PointFinger__RightWrist, Relaxed__LeftWrist, Relaxed__RightWrist, RelaxedTask__LeftWrist, RelaxedTask__RightWrist, StretchHold__LeftWrist, StretchHold__RightWrist, TouchIndex__LeftWrist, TouchIndex__RightWrist, TouchNose__LeftWrist, TouchNose__RightWrist"
186,24,"__columns__, __recording_keys__, CrossArms__LeftWrist, CrossArms__RightWrist, DrinkGlas__LeftWrist, DrinkGlas__RightWrist, Entrainment__LeftWrist, Entrainment__RightWrist, HoldWeight__LeftWrist, HoldWeight__RightWrist, LiftHold__LeftWrist, LiftHold__RightWrist, PointFinger__LeftWrist, PointFinger__RightWrist, Relaxed__LeftWrist, Relaxed__RightWrist, RelaxedTask__LeftWrist, RelaxedTask__RightWrist, StretchHold__LeftWrist, StretchHold__RightWrist, TouchIndex__LeftWrist, TouchIndex__RightWrist, TouchNose__LeftWrist, TouchNose__RightWrist"
187,24,"__columns__, __recording_keys__, CrossArms__LeftWrist, CrossArms__RightWrist, DrinkGlas__LeftWrist, DrinkGlas__RightWrist, Entrainment__LeftWrist, Entrainment__RightWrist, HoldWeight__LeftWrist, HoldWeight__RightWrist, LiftHold__LeftWrist, LiftHold__RightWrist, PointFinger__LeftWrist, PointFinger__RightWrist, Relaxed__LeftWrist, Relaxed__RightWrist, RelaxedTask__LeftWrist, RelaxedTask__RightWrist, StretchHold__LeftWrist, StretchHold__RightWrist, TouchIndex__LeftWrist, TouchIndex__RightWrist, TouchNose__LeftWrist, TouchNose__RightWrist"
188,24,"__columns__, __recording_keys__, CrossArms__LeftWrist, CrossArms__RightWrist, DrinkGlas__LeftWrist, DrinkGlas__RightWrist, Entrainment__LeftWrist, Entrainment__RightWrist, HoldWeight__LeftWrist, HoldWeight__RightWrist, LiftHold__LeftWrist, LiftHold__RightWrist, PointFinger__LeftWrist, PointFinger__RightWrist, Relaxed__LeftWrist, Relaxed__RightWrist, RelaxedTask__LeftWrist, RelaxedTask__RightWrist, StretchHold__LeftWrist, StretchHold__RightWrist, TouchIndex__LeftWrist, TouchIndex__RightWrist, TouchNose__LeftWrist, TouchNose__RightWrist"
189,24,"__columns__, __recording_keys__, CrossArms__LeftWrist, CrossArms__RightWrist, DrinkGlas__LeftWrist, DrinkGlas__RightWrist, Entrainment__LeftWrist, Entrainment__RightWrist, HoldWeight__LeftWrist, HoldWeight__RightWrist, LiftHold__LeftWrist, LiftHold__RightWrist, PointFinger__LeftWrist, PointFinger__RightWrist, Relaxed__LeftWrist, Relaxed__RightWrist, RelaxedTask__LeftWrist, RelaxedTask__RightWrist, StretchHold__LeftWrist, StretchHold__RightWrist, TouchIndex__LeftWrist, TouchIndex__RightWrist, TouchNose__LeftWrist, TouchNose__RightWrist"
190,24,"__columns__, __recording_keys__, CrossArms__LeftWrist, CrossArms__RightWrist, DrinkGlas__LeftWrist, DrinkGlas__RightWrist, Entrainment__LeftWrist, Entrainment__RightWrist, HoldWeight__LeftWrist, HoldWeight__RightWrist, LiftHold__LeftWrist, LiftHold__RightWrist, PointFinger__LeftWrist, PointFinger__RightWrist, Relaxed__LeftWrist, Relaxed__RightWrist, RelaxedTask__LeftWrist, RelaxedTask__RightWrist, StretchHold__LeftWrist, StretchHold__RightWrist, TouchIndex__LeftWrist, TouchIndex__RightWrist, TouchNose__LeftWrist, TouchNose__RightWrist"
191,24,"__columns__, __recording_keys__, CrossArms__LeftWrist, CrossArms__RightWrist, DrinkGlas__LeftWrist, DrinkGlas__RightWrist, Entrainment__LeftWrist, Entrainment__RightWrist, HoldWeight__LeftWrist, HoldWeight__RightWrist, LiftHold__LeftWrist, LiftHold__RightWrist, PointFinger__LeftWrist, PointFinger__RightWrist, Relaxed__LeftWrist, Relaxed__RightWrist, RelaxedTask__LeftWrist, RelaxedTask__RightWrist, StretchHold__LeftWrist, StretchHold__RightWrist, TouchIndex__LeftWrist, TouchIndex__RightWrist, TouchNose__LeftWrist, TouchNose__RightWrist"
192,24,"__columns__, __recording_keys__, CrossArms__LeftWrist, CrossArms__RightWrist, DrinkGlas__LeftWrist, DrinkGlas__RightWrist, Entrainment__LeftWrist, Entrainment__RightWrist, HoldWeight__LeftWrist, HoldWeight__RightWrist, LiftHold__LeftWrist, LiftHold__RightWrist, PointFinger__LeftWrist, PointFinger__RightWrist, Relaxed__LeftWrist, Relaxed__RightWrist, RelaxedTask__LeftWrist, RelaxedTask__RightWrist, StretchHold__LeftWrist, StretchHold__RightWrist, TouchIndex__LeftWrist, TouchIndex__RightWrist, TouchNose__LeftWrist, TouchNose__RightWrist"
193,24,"__columns__, __recording_keys__, CrossArms__LeftWrist, CrossArms__RightWrist, DrinkGlas__LeftWrist, DrinkGlas__RightWrist, Entrainment__LeftWrist, Entrainment__RightWrist, HoldWeight__LeftWrist, HoldWeight__RightWrist, LiftHold__LeftWrist, LiftHold__RightWrist, PointFinger__LeftWrist, PointFinger__RightWrist, Relaxed__LeftWrist, Relaxed__RightWrist, RelaxedTask__LeftWrist, RelaxedTask__RightWrist, StretchHold__LeftWrist, StretchHold__RightWrist, TouchIndex__LeftWrist, TouchIndex__RightWrist, TouchNose__LeftWrist, TouchNose__RightWrist"
194,24,"__columns__, __recording_keys__, CrossArms__LeftWrist, CrossArms__RightWrist, DrinkGlas__LeftWrist, DrinkGlas__RightWrist, Entrainment__LeftWrist, Entrainment__RightWrist, HoldWeight__LeftWrist, HoldWeight__RightWrist, LiftHold__LeftWrist, LiftHold__RightWrist, PointFinger__LeftWrist, PointFinger__RightWrist, Relaxed__LeftWrist, Relaxed__RightWrist, RelaxedTask__LeftWrist, RelaxedTask__RightWrist, StretchHold__LeftWrist, StretchHold__RightWrist, TouchIndex__LeftWrist, TouchIndex__RightWrist, TouchNose__LeftWrist, TouchNose__RightWrist"
195,24,"__columns__, __recording_keys__, CrossArms__LeftWrist, CrossArms__RightWrist, DrinkGlas__LeftWrist, DrinkGlas__RightWrist, Entrainment__LeftWrist, Entrainment__RightWrist, HoldWeight__LeftWrist, HoldWeight__RightWrist, LiftHold__LeftWrist, LiftHold__RightWrist, PointFinger__LeftWrist, PointFinger__RightWrist, Relaxed__LeftWrist, Relaxed__RightWrist, RelaxedTask__LeftWrist, RelaxedTask__RightWrist, StretchHold__LeftWrist, StretchHold__RightWrist, TouchIndex__LeftWrist, TouchIndex__RightWrist, TouchNose__LeftWrist, TouchNose__RightWrist"
196,24,"__columns__, __recording_keys__, CrossArms__LeftWrist, CrossArms__RightWrist, DrinkGlas__LeftWrist, DrinkGlas__RightWrist, Entrainment__LeftWrist, Entrainment__RightWrist, HoldWeight__LeftWrist, HoldWeight__RightWrist, LiftHold__LeftWrist, LiftHold__RightWrist, PointFinger__LeftWrist, PointFinger__RightWrist, Relaxed__LeftWrist, Relaxed__RightWrist, RelaxedTask__LeftWrist, RelaxedTask__RightWrist, StretchHold__LeftWrist, StretchHold__RightWrist, TouchIndex__LeftWrist, TouchIndex__RightWrist, TouchNose__LeftWrist, TouchNose__RightWrist"
197,24,"__columns__, __recording_keys__, CrossArms__LeftWrist, CrossArms__RightWrist, DrinkGlas__LeftWrist, DrinkGlas__RightWrist, Entrainment__LeftWrist, Entrainment__RightWrist, HoldWeight__LeftWrist, HoldWeight__RightWrist, LiftHold__LeftWrist, LiftHold__RightWrist, PointFinger__LeftWrist, PointFinger__RightWrist, Relaxed__LeftWrist, Relaxed__RightWrist, RelaxedTask__LeftWrist, RelaxedTask__RightWrist, StretchHold__LeftWrist, StretchHold__RightWrist, TouchIndex__LeftWrist, TouchIndex__RightWrist, TouchNose__LeftWrist, TouchNose__RightWrist"
198,24,"__columns__, __recording_keys__, CrossArms__LeftWrist, CrossArms__RightWrist, DrinkGlas__LeftWrist, DrinkGlas__RightWrist, Entrainment__LeftWrist, Entrainment__RightWrist, HoldWeight__LeftWrist, HoldWeight__RightWrist, LiftHold__LeftWrist, LiftHold__RightWrist, PointFinger__LeftWrist, PointFinger__RightWrist, Relaxed__LeftWrist, Relaxed__RightWrist, RelaxedTask__LeftWrist, RelaxedTask__RightWrist, StretchHold__LeftWrist, StretchHold__RightWrist, TouchIndex__LeftWrist, TouchIndex__RightWrist, TouchNose__LeftWrist, TouchNose__RightWrist"
199,24,"__columns__, __recording_keys__, CrossArms__LeftWrist, CrossArms__RightWrist, DrinkGlas__LeftWrist, DrinkGlas__RightWrist, Entrainment__LeftWrist, Entrainment__RightWrist, HoldWeight__LeftWrist, HoldWeight__RightWrist, LiftHold__LeftWrist, LiftHold__RightWrist, PointFinger__LeftWrist, PointFinger__RightWrist, Relaxed__LeftWrist, Relaxed__RightWrist, RelaxedTask__LeftWrist, RelaxedTask__RightWrist, StretchHold__LeftWrist, StretchHold__RightWrist, TouchIndex__LeftWrist, TouchIndex__RightWrist, TouchNose__LeftWrist, TouchNose__RightWrist"
200,24,"__columns__, __recording_keys__, CrossArms__LeftWrist, CrossArms__RightWrist, DrinkGlas__LeftWrist, DrinkGlas__RightWrist, Entrainment__LeftWrist, Entrainment__RightWrist, HoldWeight__LeftWrist, HoldWeight__RightWrist, LiftHold__LeftWrist, LiftHold__RightWrist, PointFinger__LeftWrist, PointFinger__RightWrist, Relaxed__LeftWrist, Relaxed__RightWrist, RelaxedTask__LeftWrist, RelaxedTask__RightWrist, StretchHold__LeftWrist, StretchHold__RightWrist, TouchIndex__LeftWrist, TouchIndex__RightWrist, TouchNose__LeftWrist, TouchNose__RightWrist"
201,24,"__columns__, __recording_keys__, CrossArms__LeftWrist, CrossArms__RightWrist, DrinkGlas__LeftWrist, DrinkGlas__RightWrist, Entrainment__LeftWrist, Entrainment__RightWrist, HoldWeight__LeftWrist, HoldWeight__RightWrist, LiftHold__LeftWrist, LiftHold__RightWrist, PointFinger__LeftWrist, PointFinger__RightWrist, Relaxed__LeftWrist, Relaxed__RightWrist, RelaxedTask__LeftWrist, RelaxedTask__RightWrist, StretchHold__LeftWrist, StretchHold__RightWrist, TouchIndex__LeftWrist, TouchIndex__RightWrist, TouchNose__LeftWrist, TouchNose__RightWrist"
202,24,"__columns__, __recording_keys__, CrossArms__LeftWrist, CrossArms__RightWrist, DrinkGlas__LeftWrist, DrinkGlas__RightWrist, Entrainment__LeftWrist, Entrainment__RightWrist, HoldWeight__LeftWrist, HoldWeight__RightWrist, LiftHold__LeftWrist, LiftHold__RightWrist, PointFinger__LeftWrist, PointFinger__RightWrist, Relaxed__LeftWrist, Relaxed__RightWrist, RelaxedTask__LeftWrist, RelaxedTask__RightWrist, StretchHold__LeftWrist, StretchHold__RightWrist, TouchIndex__LeftWrist, TouchIndex__RightWrist, TouchNose__LeftWrist, TouchNose__RightWrist"
203,24,"__columns__, __recording_keys__, CrossArms__LeftWrist, CrossArms__RightWrist, DrinkGlas__LeftWrist, DrinkGlas__RightWrist, Entrainment__LeftWrist, Entrainment__RightWrist, HoldWeight__LeftWrist, HoldWeight__RightWrist, LiftHold__LeftWrist, LiftHold__RightWrist, PointFinger__LeftWrist, PointFinger__RightWrist, Relaxed__LeftWrist, Relaxed__RightWrist, RelaxedTask__LeftWrist, RelaxedTask__RightWrist, StretchHold__LeftWrist, StretchHold__RightWrist, TouchIndex__LeftWrist, TouchIndex__RightWrist, TouchNose__LeftWrist, TouchNose__RightWrist"
204,24,"__columns__, __recording_keys__, CrossArms__LeftWrist, CrossArms__RightWrist, DrinkGlas__LeftWrist, DrinkGlas__RightWrist, Entrainment__LeftWrist, Entrainment__RightWrist, HoldWeight__LeftWrist, HoldWeight__RightWrist, LiftHold__LeftWrist, LiftHold__RightWrist, PointFinger__LeftWrist, PointFinger__RightWrist, Relaxed__LeftWrist, Relaxed__RightWrist, RelaxedTask__LeftWrist, RelaxedTask__RightWrist, StretchHold__LeftWrist, StretchHold__RightWrist, TouchIndex__LeftWrist, TouchIndex__RightWrist, TouchNose__LeftWrist, TouchNose__RightWrist"
205,24,"__columns__, __recording_keys__, CrossArms__LeftWrist, CrossArms__RightWrist, DrinkGlas__LeftWrist, DrinkGlas__RightWrist, Entrainment__LeftWrist, Entrainment__RightWrist, HoldWeight__LeftWrist, HoldWeight__RightWrist, LiftHold__LeftWrist, LiftHold__RightWrist, PointFinger__LeftWrist, PointFinger__RightWrist, Relaxed__LeftWrist, Relaxed__RightWrist, RelaxedTask__LeftWrist, RelaxedTask__RightWrist, StretchHold__LeftWrist, StretchHold__RightWrist, TouchIndex__LeftWrist, TouchIndex__RightWrist, TouchNose__LeftWrist, TouchNose__RightWrist"
206,24,"__columns__, __recording_keys__, CrossArms__LeftWrist, CrossArms__RightWrist, DrinkGlas__LeftWrist, DrinkGlas__RightWrist, Entrainment__LeftWrist, Entrainment__RightWrist, HoldWeight__LeftWrist, HoldWeight__RightWrist, LiftHold__LeftWrist, LiftHold__RightWrist, PointFinger__LeftWrist, PointFinger__RightWrist, Relaxed__LeftWrist, Relaxed__RightWrist, RelaxedTask__LeftWrist, RelaxedTask__RightWrist, StretchHold__LeftWrist, StretchHold__RightWrist, TouchIndex__LeftWrist, TouchIndex__RightWrist, TouchNose__LeftWrist, TouchNose__RightWrist"
207,24,"__columns__, __recording_keys__, CrossArms__LeftWrist, CrossArms__RightWrist, DrinkGlas__LeftWrist, DrinkGlas__RightWrist, Entrainment__LeftWrist, Entrainment__RightWrist, HoldWeight__LeftWrist, HoldWeight__RightWrist, LiftHold__LeftWrist, LiftHold__RightWrist, PointFinger__LeftWrist, PointFinger__RightWrist, Relaxed__LeftWrist, Relaxed__RightWrist, RelaxedTask__LeftWrist, RelaxedTask__RightWrist, StretchHold__LeftWrist, StretchHold__RightWrist, TouchIndex__LeftWrist, TouchIndex__RightWrist, TouchNose__LeftWrist, TouchNose__RightWrist"
208,24,"__columns__, __recording_keys__, CrossArms__LeftWrist, CrossArms__RightWrist, DrinkGlas__LeftWrist, DrinkGlas__RightWrist, Entrainment__LeftWrist, Entrainment__RightWrist, HoldWeight__LeftWrist, HoldWeight__RightWrist, LiftHold__LeftWrist, LiftHold__RightWrist, PointFinger__LeftWrist, PointFinger__RightWrist, Relaxed__LeftWrist, Relaxed__RightWrist, RelaxedTask__LeftWrist, RelaxedTask__RightWrist, StretchHold__LeftWrist, StretchHold__RightWrist, TouchIndex__LeftWrist, TouchIndex__RightWrist, TouchNose__LeftWrist, TouchNose__RightWrist"
209,24,"__columns__, __recording_keys__, CrossArms__LeftWrist, CrossArms__RightWrist, DrinkGlas__LeftWrist, DrinkGlas__RightWrist, Entrainment__LeftWrist, Entrainment__RightWrist, HoldWeight__LeftWrist, HoldWeight__RightWrist, LiftHold__LeftWrist, LiftHold__RightWrist, PointFinger__LeftWrist, PointFinger__RightWrist, Relaxed__LeftWrist, Relaxed__RightWrist, RelaxedTask__LeftWrist, RelaxedTask__RightWrist, StretchHold__LeftWrist, StretchHold__RightWrist, TouchIndex__LeftWrist, TouchIndex__RightWrist, TouchNose__LeftWrist, TouchNose__RightWrist"
210,24,"__columns__, __recording_keys__, CrossArms__LeftWrist, CrossArms__RightWrist, DrinkGlas__LeftWrist, DrinkGlas__RightWrist, Entrainment__LeftWrist, Entrainment__RightWrist, HoldWeight__LeftWrist, HoldWeight__RightWrist, LiftHold__LeftWrist, LiftHold__RightWrist, PointFinger__LeftWrist, PointFinger__RightWrist, Relaxed__LeftWrist, Relaxed__RightWrist, RelaxedTask__LeftWrist, RelaxedTask__RightWrist, StretchHold__LeftWrist, StretchHold__RightWrist, TouchIndex__LeftWrist, TouchIndex__RightWrist, TouchNose__LeftWrist, TouchNose__RightWrist"
211,24,"__columns__, __recording_keys__, CrossArms__LeftWrist, CrossArms__RightWrist, DrinkGlas__LeftWrist, DrinkGlas__RightWrist, Entrainment__LeftWrist, Entrainment__RightWrist, HoldWeight__LeftWrist, HoldWeight__RightWrist, LiftHold__LeftWrist, LiftHold__RightWrist, PointFinger__LeftWrist, PointFinger__RightWrist, Relaxed__LeftWrist, Relaxed__RightWrist, RelaxedTask__LeftWrist, RelaxedTask__RightWrist, StretchHold__LeftWrist, StretchHold__RightWrist, TouchIndex__LeftWrist, TouchIndex__RightWrist, TouchNose__LeftWrist, TouchNose__RightWrist"
212,24,"__columns__, __recording_keys__, CrossArms__LeftWrist, CrossArms__RightWrist, DrinkGlas__LeftWrist, DrinkGlas__RightWrist, Entrainment__LeftWrist, Entrainment__RightWrist, HoldWeight__LeftWrist, HoldWeight__RightWrist, LiftHold__LeftWrist, LiftHold__RightWrist, PointFinger__LeftWrist, PointFinger__RightWrist, Relaxed__LeftWrist, Relaxed__RightWrist, RelaxedTask__LeftWrist, RelaxedTask__RightWrist, StretchHold__LeftWrist, StretchHold__RightWrist, TouchIndex__LeftWrist, TouchIndex__RightWrist, TouchNose__LeftWrist, TouchNose__RightWrist"
213,24,"__columns__, __recording_keys__, CrossArms__LeftWrist, CrossArms__RightWrist, DrinkGlas__LeftWrist, DrinkGlas__RightWrist, Entrainment__LeftWrist, Entrainment__RightWrist, HoldWeight__LeftWrist, HoldWeight__RightWrist, LiftHold__LeftWrist, LiftHold__RightWrist, PointFinger__LeftWrist, PointFinger__RightWrist, Relaxed__LeftWrist, Relaxed__RightWrist, RelaxedTask__LeftWrist, RelaxedTask__RightWrist, StretchHold__LeftWrist, StretchHold__RightWrist, TouchIndex__LeftWrist, TouchIndex__RightWrist, TouchNose__LeftWrist, TouchNose__RightWrist"
214,24,"__columns__, __recording_keys__, CrossArms__LeftWrist, CrossArms__RightWrist, DrinkGlas__LeftWrist, DrinkGlas__RightWrist, Entrainment__LeftWrist, Entrainment__RightWrist, HoldWeight__LeftWrist, HoldWeight__RightWrist, LiftHold__LeftWrist, LiftHold__RightWrist, PointFinger__LeftWrist, PointFinger__RightWrist, Relaxed__LeftWrist, Relaxed__RightWrist, RelaxedTask__LeftWrist, RelaxedTask__RightWrist, StretchHold__LeftWrist, StretchHold__RightWrist, TouchIndex__LeftWrist, TouchIndex__RightWrist, TouchNose__LeftWrist, TouchNose__RightWrist"
215,24,"__columns__, __recording_keys__, CrossArms__LeftWrist, CrossArms__RightWrist, DrinkGlas__LeftWrist, DrinkGlas__RightWrist, Entrainment__LeftWrist, Entrainment__RightWrist, HoldWeight__LeftWrist, HoldWeight__RightWrist, LiftHold__LeftWrist, LiftHold__RightWrist, PointFinger__LeftWrist, PointFinger__RightWrist, Relaxed__LeftWrist, Relaxed__RightWrist, RelaxedTask__LeftWrist, RelaxedTask__RightWrist, StretchHold__LeftWrist, StretchHold__RightWrist, TouchIndex__LeftWrist, TouchIndex__RightWrist, TouchNose__LeftWrist, TouchNose__RightWrist"
216,24,"__columns__, __recording_keys__, CrossArms__LeftWrist, CrossArms__RightWrist, DrinkGlas__LeftWrist, DrinkGlas__RightWrist, Entrainment__LeftWrist, Entrainment__RightWrist, HoldWeight__LeftWrist, HoldWeight__RightWrist, LiftHold__LeftWrist, LiftHold__RightWrist, PointFinger__LeftWrist, PointFinger__RightWrist, Relaxed__LeftWrist, Relaxed__RightWrist, RelaxedTask__LeftWrist, RelaxedTask__RightWrist, StretchHold__LeftWrist, StretchHold__RightWrist, TouchIndex__LeftWrist, TouchIndex__RightWrist, TouchNose__LeftWrist, TouchNose__RightWrist"
217,24,"__columns__, __recording_keys__, CrossArms__LeftWrist, CrossArms__RightWrist, DrinkGlas__LeftWrist, DrinkGlas__RightWrist, Entrainment__LeftWrist, Entrainment__RightWrist, HoldWeight__LeftWrist, HoldWeight__RightWrist, LiftHold__LeftWrist, LiftHold__RightWrist, PointFinger__LeftWrist, PointFinger__RightWrist, Relaxed__LeftWrist, Relaxed__RightWrist, RelaxedTask__LeftWrist, RelaxedTask__RightWrist, StretchHold__LeftWrist, StretchHold__RightWrist, TouchIndex__LeftWrist, TouchIndex__RightWrist, TouchNose__LeftWrist, TouchNose__RightWrist"
218,24,"__columns__, __recording_keys__, CrossArms__LeftWrist, CrossArms__RightWrist, DrinkGlas__LeftWrist, DrinkGlas__RightWrist, Entrainment__LeftWrist, Entrainment__RightWrist, HoldWeight__LeftWrist, HoldWeight__RightWrist, LiftHold__LeftWrist, LiftHold__RightWrist, PointFinger__LeftWrist, PointFinger__RightWrist, Relaxed__LeftWrist, Relaxed__RightWrist, RelaxedTask__LeftWrist, RelaxedTask__RightWrist, StretchHold__LeftWrist, StretchHold__RightWrist, TouchIndex__LeftWrist, TouchIndex__RightWrist, TouchNose__LeftWrist, TouchNose__RightWrist"
219,24,"__columns__, __recording_keys__, CrossArms__LeftWrist, CrossArms__RightWrist, DrinkGlas__LeftWrist, DrinkGlas__RightWrist, Entrainment__LeftWrist, Entrainment__RightWrist, HoldWeight__LeftWrist, HoldWeight__RightWrist, LiftHold__LeftWrist, LiftHold__RightWrist, PointFinger__LeftWrist, PointFinger__RightWrist, Relaxed__LeftWrist, Relaxed__RightWrist, RelaxedTask__LeftWrist, RelaxedTask__RightWrist, StretchHold__LeftWrist, StretchHold__RightWrist, TouchIndex__LeftWrist, TouchIndex__RightWrist, TouchNose__LeftWrist, TouchNose__RightWrist"
220,24,"__columns__, __recording_keys__, CrossArms__LeftWrist, CrossArms__RightWrist, DrinkGlas__LeftWrist, DrinkGlas__RightWrist, Entrainment__LeftWrist, Entrainment__RightWrist, HoldWeight__LeftWrist, HoldWeight__RightWrist, LiftHold__LeftWrist, LiftHold__RightWrist, PointFinger__LeftWrist, PointFinger__RightWrist, Relaxed__LeftWrist, Relaxed__RightWrist, RelaxedTask__LeftWrist, RelaxedTask__RightWrist, StretchHold__LeftWrist, StretchHold__RightWrist, TouchIndex__LeftWrist, TouchIndex__RightWrist, TouchNose__LeftWrist, TouchNose__RightWrist"
221,24,"__columns__, __recording_keys__, CrossArms__LeftWrist, CrossArms__RightWrist, DrinkGlas__LeftWrist, DrinkGlas__RightWrist, Entrainment__LeftWrist, Entrainment__RightWrist, HoldWeight__LeftWrist, HoldWeight__RightWrist, LiftHold__LeftWrist, LiftHold__RightWrist, PointFinger__LeftWrist, PointFinger__RightWrist, Relaxed__LeftWrist, Relaxed__RightWrist, RelaxedTask__LeftWrist, RelaxedTask__RightWrist, StretchHold__LeftWrist, StretchHold__RightWrist, TouchIndex__LeftWrist, TouchIndex__RightWrist, TouchNose__LeftWrist, TouchNose__RightWrist"
222,24,"__columns__, __recording_keys__, CrossArms__LeftWrist, CrossArms__RightWrist, DrinkGlas__LeftWrist, DrinkGlas__RightWrist, Entrainment__LeftWrist, Entrainment__RightWrist, HoldWeight__LeftWrist, HoldWeight__RightWrist, LiftHold__LeftWrist, LiftHold__RightWrist, PointFinger__LeftWrist, PointFinger__RightWrist, Relaxed__LeftWrist, Relaxed__RightWrist, RelaxedTask__LeftWrist, RelaxedTask__RightWrist, StretchHold__LeftWrist, StretchHold__RightWrist, TouchIndex__LeftWrist, TouchIndex__RightWrist, TouchNose__LeftWrist, TouchNose__RightWrist"
223,24,"__columns__, __recording_keys__, CrossArms__LeftWrist, CrossArms__RightWrist, DrinkGlas__LeftWrist, DrinkGlas__RightWrist, Entrainment__LeftWrist, Entrainment__RightWrist, HoldWeight__LeftWrist, HoldWeight__RightWrist, LiftHold__LeftWrist, LiftHold__RightWrist, PointFinger__LeftWrist, PointFinger__RightWrist, Relaxed__LeftWrist, Relaxed__RightWrist, RelaxedTask__LeftWrist, RelaxedTask__RightWrist, StretchHold__LeftWrist, StretchHold__RightWrist, TouchIndex__LeftWrist, TouchIndex__RightWrist, TouchNose__LeftWrist, TouchNose__RightWrist"
224,24,"__columns__, __recording_keys__, CrossArms__LeftWrist, CrossArms__RightWrist, DrinkGlas__LeftWrist, DrinkGlas__RightWrist, Entrainment__LeftWrist, Entrainment__RightWrist, HoldWeight__LeftWrist, HoldWeight__RightWrist, LiftHold__LeftWrist, LiftHold__RightWrist, PointFinger__LeftWrist, PointFinger__RightWrist, Relaxed__LeftWrist, Relaxed__RightWrist, RelaxedTask__LeftWrist, RelaxedTask__RightWrist, StretchHold__LeftWrist, StretchHold__RightWrist, TouchIndex__LeftWrist, TouchIndex__RightWrist, TouchNose__LeftWrist, TouchNose__RightWrist"
225,24,"__columns__, __recording_keys__, CrossArms__LeftWrist, CrossArms__RightWrist, DrinkGlas__LeftWrist, DrinkGlas__RightWrist, Entrainment__LeftWrist, Entrainment__RightWrist, HoldWeight__LeftWrist, HoldWeight__RightWrist, LiftHold__LeftWrist, LiftHold__RightWrist, PointFinger__LeftWrist, PointFinger__RightWrist, Relaxed__LeftWrist, Relaxed__RightWrist, RelaxedTask__LeftWrist, RelaxedTask__RightWrist, StretchHold__LeftWrist, StretchHold__RightWrist, TouchIndex__LeftWrist, TouchIndex__RightWrist, TouchNose__LeftWrist, TouchNose__RightWrist"
226,24,"__columns__, __recording_keys__, CrossArms__LeftWrist, CrossArms__RightWrist, DrinkGlas__LeftWrist, DrinkGlas__RightWrist, Entrainment__LeftWrist, Entrainment__RightWrist, HoldWeight__LeftWrist, HoldWeight__RightWrist, LiftHold__LeftWrist, LiftHold__RightWrist, PointFinger__LeftWrist, PointFinger__RightWrist, Relaxed__LeftWrist, Relaxed__RightWrist, RelaxedTask__LeftWrist, RelaxedTask__RightWrist, StretchHold__LeftWrist, StretchHold__RightWrist, TouchIndex__LeftWrist, TouchIndex__RightWrist, TouchNose__LeftWrist, TouchNose__RightWrist"
227,24,"__columns__, __recording_keys__, CrossArms__LeftWrist, CrossArms__RightWrist, DrinkGlas__LeftWrist, DrinkGlas__RightWrist, Entrainment__LeftWrist, Entrainment__RightWrist, HoldWeight__LeftWrist, HoldWeight__RightWrist, LiftHold__LeftWrist, LiftHold__RightWrist, PointFinger__LeftWrist, PointFinger__RightWrist, Relaxed__LeftWrist, Relaxed__RightWrist, RelaxedTask__LeftWrist, RelaxedTask__RightWrist, StretchHold__LeftWrist, StretchHold__RightWrist, TouchIndex__LeftWrist, TouchIndex__RightWrist, TouchNose__LeftWrist, TouchNose__RightWrist"
228,24,"__columns__, __recording_keys__, CrossArms__LeftWrist, CrossArms__RightWrist, DrinkGlas__LeftWrist, DrinkGlas__RightWrist, Entrainment__LeftWrist, Entrainment__RightWrist, HoldWeight__LeftWrist, HoldWeight__RightWrist, LiftHold__LeftWrist, LiftHold__RightWrist, PointFinger__LeftWrist, PointFinger__RightWrist, Relaxed__LeftWrist, Relaxed__RightWrist, RelaxedTask__LeftWrist, RelaxedTask__RightWrist, StretchHold__LeftWrist, StretchHold__RightWrist, TouchIndex__LeftWrist, TouchIndex__RightWrist, TouchNose__LeftWrist, TouchNose__RightWrist"
229,24,"__columns__, __recording_keys__, CrossArms__LeftWrist, CrossArms__RightWrist, DrinkGlas__LeftWrist, DrinkGlas__RightWrist, Entrainment__LeftWrist, Entrainment__RightWrist, HoldWeight__LeftWrist, HoldWeight__RightWrist, LiftHold__LeftWrist, LiftHold__RightWrist, PointFinger__LeftWrist, PointFinger__RightWrist, Relaxed__LeftWrist, Relaxed__RightWrist, RelaxedTask__LeftWrist, RelaxedTask__RightWrist, StretchHold__LeftWrist, StretchHold__RightWrist, TouchIndex__LeftWrist, TouchIndex__RightWrist, TouchNose__LeftWrist, TouchNose__RightWrist"
230,24,"__columns__, __recording_keys__, CrossArms__LeftWrist, CrossArms__RightWrist, DrinkGlas__LeftWrist, DrinkGlas__RightWrist, Entrainment__LeftWrist, Entrainment__RightWrist, HoldWeight__LeftWrist, HoldWeight__RightWrist, LiftHold__LeftWrist, LiftHold__RightWrist, PointFinger__LeftWrist, PointFinger__RightWrist, Relaxed__LeftWrist, Relaxed__RightWrist, RelaxedTask__LeftWrist, RelaxedTask__RightWrist, StretchHold__LeftWrist, StretchHold__RightWrist, TouchIndex__LeftWrist, TouchIndex__RightWrist, TouchNose__LeftWrist, TouchNose__RightWrist"
231,24,"__columns__, __recording_keys__, CrossArms__LeftWrist, CrossArms__RightWrist, DrinkGlas__LeftWrist, DrinkGlas__RightWrist, Entrainment__LeftWrist, Entrainment__RightWrist, HoldWeight__LeftWrist, HoldWeight__RightWrist, LiftHold__LeftWrist, LiftHold__RightWrist, PointFinger__LeftWrist, PointFinger__RightWrist, Relaxed__LeftWrist, Relaxed__RightWrist, RelaxedTask__LeftWrist, RelaxedTask__RightWrist, StretchHold__LeftWrist, StretchHold__RightWrist, TouchIndex__LeftWrist, TouchIndex__RightWrist, TouchNose__LeftWrist, TouchNose__RightWrist"
232,24,"__columns__, __recording_keys__, CrossArms__LeftWrist, CrossArms__RightWrist, DrinkGlas__LeftWrist, DrinkGlas__RightWrist, Entrainment__LeftWrist, Entrainment__RightWrist, HoldWeight__LeftWrist, HoldWeight__RightWrist, LiftHold__LeftWrist, LiftHold__RightWrist, PointFinger__LeftWrist, PointFinger__RightWrist, Relaxed__LeftWrist, Relaxed__RightWrist, RelaxedTask__LeftWrist, RelaxedTask__RightWrist, StretchHold__LeftWrist, StretchHold__RightWrist, TouchIndex__LeftWrist, TouchIndex__RightWrist, TouchNose__LeftWrist, TouchNose__RightWrist"
233,24,"__columns__, __recording_keys__, CrossArms__LeftWrist, CrossArms__RightWrist, DrinkGlas__LeftWrist, DrinkGlas__RightWrist, Entrainment__LeftWrist, Entrainment__RightWrist, HoldWeight__LeftWrist, HoldWeight__RightWrist, LiftHold__LeftWrist, LiftHold__RightWrist, PointFinger__LeftWrist, PointFinger__RightWrist, Relaxed__LeftWrist, Relaxed__RightWrist, RelaxedTask__LeftWrist, RelaxedTask__RightWrist, StretchHold__LeftWrist, StretchHold__RightWrist, TouchIndex__LeftWrist, TouchIndex__RightWrist, TouchNose__LeftWrist, TouchNose__RightWrist"
234,24,"__columns__, __recording_keys__, CrossArms__LeftWrist, CrossArms__RightWrist, DrinkGlas__LeftWrist, DrinkGlas__RightWrist, Entrainment__LeftWrist, Entrainment__RightWrist, HoldWeight__LeftWrist, HoldWeight__RightWrist, LiftHold__LeftWrist, LiftHold__RightWrist, PointFinger__LeftWrist, PointFinger__RightWrist, Relaxed__LeftWrist, Relaxed__RightWrist, RelaxedTask__LeftWrist, RelaxedTask__RightWrist, StretchHold__LeftWrist, StretchHold__RightWrist, TouchIndex__LeftWrist, TouchIndex__RightWrist, TouchNose__LeftWrist, TouchNose__RightWrist"
235,24,"__columns__, __recording_keys__, CrossArms__LeftWrist, CrossArms__RightWrist, DrinkGlas__LeftWrist, DrinkGlas__RightWrist, Entrainment__LeftWrist, Entrainment__RightWrist, HoldWeight__LeftWrist, HoldWeight__RightWrist, LiftHold__LeftWrist, LiftHold__RightWrist, PointFinger__LeftWrist, PointFinger__RightWrist, Relaxed__LeftWrist, Relaxed__RightWrist, RelaxedTask__LeftWrist, RelaxedTask__RightWrist, StretchHold__LeftWrist, StretchHold__RightWrist, TouchIndex__LeftWrist, TouchIndex__RightWrist, TouchNose__LeftWrist, TouchNose__RightWrist"
236,24,"__columns__, __recording_keys__, CrossArms__LeftWrist, CrossArms__RightWrist, DrinkGlas__LeftWrist, DrinkGlas__RightWrist, Entrainment__LeftWrist, Entrainment__RightWrist, HoldWeight__LeftWrist, HoldWeight__RightWrist, LiftHold__LeftWrist, LiftHold__RightWrist, PointFinger__LeftWrist, PointFinger__RightWrist, Relaxed__LeftWrist, Relaxed__RightWrist, RelaxedTask__LeftWrist, RelaxedTask__RightWrist, StretchHold__LeftWrist, StretchHold__RightWrist, TouchIndex__LeftWrist, TouchIndex__RightWrist, TouchNose__LeftWrist, TouchNose__RightWrist"
237,24,"__columns__, __recording_keys__, CrossArms__LeftWrist, CrossArms__RightWrist, DrinkGlas__LeftWrist, DrinkGlas__RightWrist, Entrainment__LeftWrist, Entrainment__RightWrist, HoldWeight__LeftWrist, HoldWeight__RightWrist, LiftHold__LeftWrist, LiftHold__RightWrist, PointFinger__LeftWrist, PointFinger__RightWrist, Relaxed__LeftWrist, Relaxed__RightWrist, RelaxedTask__LeftWrist, RelaxedTask__RightWrist, StretchHold__LeftWrist, StretchHold__RightWrist, TouchIndex__LeftWrist, TouchIndex__RightWrist, TouchNose__LeftWrist, TouchNose__RightWrist"
238,24,"__columns__, __recording_keys__, CrossArms__LeftWrist, CrossArms__RightWrist, DrinkGlas__LeftWrist, DrinkGlas__RightWrist, Entrainment__LeftWrist, Entrainment__RightWrist, HoldWeight__LeftWrist, HoldWeight__RightWrist, LiftHold__LeftWrist, LiftHold__RightWrist, PointFinger__LeftWrist, PointFinger__RightWrist, Relaxed__LeftWrist, Relaxed__RightWrist, RelaxedTask__LeftWrist, RelaxedTask__RightWrist, StretchHold__LeftWrist, StretchHold__RightWrist, TouchIndex__LeftWrist, TouchIndex__RightWrist, TouchNose__LeftWrist, TouchNose__RightWrist"
239,24,"__columns__, __recording_keys__, CrossArms__LeftWrist, CrossArms__RightWrist, DrinkGlas__LeftWrist, DrinkGlas__RightWrist, Entrainment__LeftWrist, Entrainment__RightWrist, HoldWeight__LeftWrist, HoldWeight__RightWrist, LiftHold__LeftWrist, LiftHold__RightWrist, PointFinger__LeftWrist, PointFinger__RightWrist, Relaxed__LeftWrist, Relaxed__RightWrist, RelaxedTask__LeftWrist, RelaxedTask__RightWrist, StretchHold__LeftWrist, StretchHold__RightWrist, TouchIndex__LeftWrist, TouchIndex__RightWrist, TouchNose__LeftWrist, TouchNose__RightWrist"
240,24,"__columns__, __recording_keys__, CrossArms__LeftWrist, CrossArms__RightWrist, DrinkGlas__LeftWrist, DrinkGlas__RightWrist, Entrainment__LeftWrist, Entrainment__RightWrist, HoldWeight__LeftWrist, HoldWeight__RightWrist, LiftHold__LeftWrist, LiftHold__RightWrist, PointFinger__LeftWrist, PointFinger__RightWrist, Relaxed__LeftWrist, Relaxed__RightWrist, RelaxedTask__LeftWrist, RelaxedTask__RightWrist, StretchHold__LeftWrist, StretchHold__RightWrist, TouchIndex__LeftWrist, TouchIndex__RightWrist, TouchNose__LeftWrist, TouchNose__RightWrist"
241,24,"__columns__, __recording_keys__, CrossArms__LeftWrist, CrossArms__RightWrist, DrinkGlas__LeftWrist, DrinkGlas__RightWrist, Entrainment__LeftWrist, Entrainment__RightWrist, HoldWeight__LeftWrist, HoldWeight__RightWrist, LiftHold__LeftWrist, LiftHold__RightWrist, PointFinger__LeftWrist, PointFinger__RightWrist, Relaxed__LeftWrist, Relaxed__RightWrist, RelaxedTask__LeftWrist, RelaxedTask__RightWrist, StretchHold__LeftWrist, StretchHold__RightWrist, TouchIndex__LeftWrist, TouchIndex__RightWrist, TouchNose__LeftWrist, TouchNose__RightWrist"
242,24,"__columns__, __recording_keys__, CrossArms__LeftWrist, CrossArms__RightWrist, DrinkGlas__LeftWrist, DrinkGlas__RightWrist, Entrainment__LeftWrist, Entrainment__RightWrist, HoldWeight__LeftWrist, HoldWeight__RightWrist, LiftHold__LeftWrist, LiftHold__RightWrist, PointFinger__LeftWrist, PointFinger__RightWrist, Relaxed__LeftWrist, Relaxed__RightWrist, RelaxedTask__LeftWrist, RelaxedTask__RightWrist, StretchHold__LeftWrist, StretchHold__RightWrist, TouchIndex__LeftWrist, TouchIndex__RightWrist, TouchNose__LeftWrist, TouchNose__RightWrist"
243,24,"__columns__, __recording_keys__, CrossArms__LeftWrist, CrossArms__RightWrist, DrinkGlas__LeftWrist, DrinkGlas__RightWrist, Entrainment__LeftWrist, Entrainment__RightWrist, HoldWeight__LeftWrist, HoldWeight__RightWrist, LiftHold__LeftWrist, LiftHold__RightWrist, PointFinger__LeftWrist, PointFinger__RightWrist, Relaxed__LeftWrist, Relaxed__RightWrist, RelaxedTask__LeftWrist, RelaxedTask__RightWrist, StretchHold__LeftWrist, StretchHold__RightWrist, TouchIndex__LeftWrist, TouchIndex__RightWrist, TouchNose__LeftWrist, TouchNose__RightWrist"
244,24,"__columns__, __recording_keys__, CrossArms__LeftWrist, CrossArms__RightWrist, DrinkGlas__LeftWrist, DrinkGlas__RightWrist, Entrainment__LeftWrist, Entrainment__RightWrist, HoldWeight__LeftWrist, HoldWeight__RightWrist, LiftHold__LeftWrist, LiftHold__RightWrist, PointFinger__LeftWrist, PointFinger__RightWrist, Relaxed__LeftWrist, Relaxed__RightWrist, RelaxedTask__LeftWrist, RelaxedTask__RightWrist, StretchHold__LeftWrist, StretchHold__RightWrist, TouchIndex__LeftWrist, TouchIndex__RightWrist, TouchNose__LeftWrist, TouchNose__RightWrist"
245,24,"__columns__, __recording_keys__, CrossArms__LeftWrist, CrossArms__RightWrist, DrinkGlas__LeftWrist, DrinkGlas__RightWrist, Entrainment__LeftWrist, Entrainment__RightWrist, HoldWeight__LeftWrist, HoldWeight__RightWrist, LiftHold__LeftWrist, LiftHold__RightWrist, PointFinger__LeftWrist, PointFinger__RightWrist, Relaxed__LeftWrist, Relaxed__RightWrist, RelaxedTask__LeftWrist, RelaxedTask__RightWrist, StretchHold__LeftWrist, StretchHold__RightWrist, TouchIndex__LeftWrist, TouchIndex__RightWrist, TouchNose__LeftWrist, TouchNose__RightWrist"
246,24,"__columns__, __recording_keys__, CrossArms__LeftWrist, CrossArms__RightWrist, DrinkGlas__LeftWrist, DrinkGlas__RightWrist, Entrainment__LeftWrist, Entrainment__RightWrist, HoldWeight__LeftWrist, HoldWeight__RightWrist, LiftHold__LeftWrist, LiftHold__RightWrist, PointFinger__LeftWrist, PointFinger__RightWrist, Relaxed__LeftWrist, Relaxed__RightWrist, RelaxedTask__LeftWrist, RelaxedTask__RightWrist, StretchHold__LeftWrist, StretchHold__RightWrist, TouchIndex__LeftWrist, TouchIndex__RightWrist, TouchNose__LeftWrist, TouchNose__RightWrist"
247,24,"__columns__, __recording_keys__, CrossArms__LeftWrist, CrossArms__RightWrist, DrinkGlas__LeftWrist, DrinkGlas__RightWrist, Entrainment__LeftWrist, Entrainment__RightWrist, HoldWeight__LeftWrist, HoldWeight__RightWrist, LiftHold__LeftWrist, LiftHold__RightWrist, PointFinger__LeftWrist, PointFinger__RightWrist, Relaxed__LeftWrist, Relaxed__RightWrist, RelaxedTask__LeftWrist, RelaxedTask__RightWrist, StretchHold__LeftWrist, StretchHold__RightWrist, TouchIndex__LeftWrist, TouchIndex__RightWrist, TouchNose__LeftWrist, TouchNose__RightWrist"
248,24,"__columns__, __recording_keys__, CrossArms__LeftWrist, CrossArms__RightWrist, DrinkGlas__LeftWrist, DrinkGlas__RightWrist, Entrainment__LeftWrist, Entrainment__RightWrist, HoldWeight__LeftWrist, HoldWeight__RightWrist, LiftHold__LeftWrist, LiftHold__RightWrist, PointFinger__LeftWrist, PointFinger__RightWrist, Relaxed__LeftWrist, Relaxed__RightWrist, RelaxedTask__LeftWrist, RelaxedTask__RightWrist, StretchHold__LeftWrist, StretchHold__RightWrist, TouchIndex__LeftWrist, TouchIndex__RightWrist, TouchNose__LeftWrist, TouchNose__RightWrist"
249,24,"__columns__, __recording_keys__, CrossArms__LeftWrist, CrossArms__RightWrist, DrinkGlas__LeftWrist, DrinkGlas__RightWrist, Entrainment__LeftWrist, Entrainment__RightWrist, HoldWeight__LeftWrist, HoldWeight__RightWrist, LiftHold__LeftWrist, LiftHold__RightWrist, PointFinger__LeftWrist, PointFinger__RightWrist, Relaxed__LeftWrist, Relaxed__RightWrist, RelaxedTask__LeftWrist, RelaxedTask__RightWrist, StretchHold__LeftWrist, StretchHold__RightWrist, TouchIndex__LeftWrist, TouchIndex__RightWrist, TouchNose__LeftWrist, TouchNose__RightWrist"
250,24,"__columns__, __recording_keys__, CrossArms__LeftWrist, CrossArms__RightWrist, DrinkGlas__LeftWrist, DrinkGlas__RightWrist, Entrainment__LeftWrist, Entrainment__RightWrist, HoldWeight__LeftWrist, HoldWeight__RightWrist, LiftHold__LeftWrist, LiftHold__RightWrist, PointFinger__LeftWrist, PointFinger__RightWrist, Relaxed__LeftWrist, Relaxed__RightWrist, RelaxedTask__LeftWrist, RelaxedTask__RightWrist, StretchHold__LeftWrist, StretchHold__RightWrist, TouchIndex__LeftWrist, TouchIndex__RightWrist, TouchNose__LeftWrist, TouchNose__RightWrist"
251,24,"__columns__, __recording_keys__, CrossArms__LeftWrist, CrossArms__RightWrist, DrinkGlas__LeftWrist, DrinkGlas__RightWrist, Entrainment__LeftWrist, Entrainment__RightWrist, HoldWeight__LeftWrist, HoldWeight__RightWrist, LiftHold__LeftWrist, LiftHold__RightWrist, PointFinger__LeftWrist, PointFinger__RightWrist, Relaxed__LeftWrist, Relaxed__RightWrist, RelaxedTask__LeftWrist, RelaxedTask__RightWrist, StretchHold__LeftWrist, StretchHold__RightWrist, TouchIndex__LeftWrist, TouchIndex__RightWrist, TouchNose__LeftWrist, TouchNose__RightWrist"
252,24,"__columns__, __recording_keys__, CrossArms__LeftWrist, CrossArms__RightWrist, DrinkGlas__LeftWrist, DrinkGlas__RightWrist, Entrainment__LeftWrist, Entrainment__RightWrist, HoldWeight__LeftWrist, HoldWeight__RightWrist, LiftHold__LeftWrist, LiftHold__RightWrist, PointFinger__LeftWrist, PointFinger__RightWrist, Relaxed__LeftWrist, Relaxed__RightWrist, RelaxedTask__LeftWrist, RelaxedTask__RightWrist, StretchHold__LeftWrist, StretchHold__RightWrist, TouchIndex__LeftWrist, TouchIndex__RightWrist, TouchNose__LeftWrist, TouchNose__RightWrist"
253,24,"__columns__, __recording_keys__, CrossArms__LeftWrist, CrossArms__RightWrist, DrinkGlas__LeftWrist, DrinkGlas__RightWrist, Entrainment__LeftWrist, Entrainment__RightWrist, HoldWeight__LeftWrist, HoldWeight__RightWrist, LiftHold__LeftWrist, LiftHold__RightWrist, PointFinger__LeftWrist, PointFinger__RightWrist, Relaxed__LeftWrist, Relaxed__RightWrist, RelaxedTask__LeftWrist, RelaxedTask__RightWrist, StretchHold__LeftWrist, StretchHold__RightWrist, TouchIndex__LeftWrist, TouchIndex__RightWrist, TouchNose__LeftWrist, TouchNose__RightWrist"
254,24,"__columns__, __recording_keys__, CrossArms__LeftWrist, CrossArms__RightWrist, DrinkGlas__LeftWrist, DrinkGlas__RightWrist, Entrainment__LeftWrist, Entrainment__RightWrist, HoldWeight__LeftWrist, HoldWeight__RightWrist, LiftHold__LeftWrist, LiftHold__RightWrist, PointFinger__LeftWrist, PointFinger__RightWrist, Relaxed__LeftWrist, Relaxed__RightWrist, RelaxedTask__LeftWrist, RelaxedTask__RightWrist, StretchHold__LeftWrist, StretchHold__RightWrist, TouchIndex__LeftWrist, TouchIndex__RightWrist, TouchNose__LeftWrist, TouchNose__RightWrist"
255,24,"__columns__, __recording_keys__, CrossArms__LeftWrist, CrossArms__RightWrist, DrinkGlas__LeftWrist, DrinkGlas__RightWrist, Entrainment__LeftWrist, Entrainment__RightWrist, HoldWeight__LeftWrist, HoldWeight__RightWrist, LiftHold__LeftWrist, LiftHold__RightWrist, PointFinger__LeftWrist, PointFinger__RightWrist, Relaxed__LeftWrist, Relaxed__RightWrist, RelaxedTask__LeftWrist, RelaxedTask__RightWrist, StretchHold__LeftWrist, StretchHold__RightWrist, TouchIndex__LeftWrist, TouchIndex__RightWrist, TouchNose__LeftWrist, TouchNose__RightWrist"
256,24,"__columns__, __recording_keys__, CrossArms__LeftWrist, CrossArms__RightWrist, DrinkGlas__LeftWrist, DrinkGlas__RightWrist, Entrainment__LeftWrist, Entrainment__RightWrist, HoldWeight__LeftWrist, HoldWeight__RightWrist, LiftHold__LeftWrist, LiftHold__RightWrist, PointFinger__LeftWrist, PointFinger__RightWrist, Relaxed__LeftWrist, Relaxed__RightWrist, RelaxedTask__LeftWrist, RelaxedTask__RightWrist, StretchHold__LeftWrist, StretchHold__RightWrist, TouchIndex__LeftWrist, TouchIndex__RightWrist, TouchNose__LeftWrist, TouchNose__RightWrist"
257,24,"__columns__, __recording_keys__, CrossArms__LeftWrist, CrossArms__RightWrist, DrinkGlas__LeftWrist, DrinkGlas__RightWrist, Entrainment__LeftWrist, Entrainment__RightWrist, HoldWeight__LeftWrist, HoldWeight__RightWrist, LiftHold__LeftWrist, LiftHold__RightWrist, PointFinger__LeftWrist, PointFinger__RightWrist, Relaxed__LeftWrist, Relaxed__RightWrist, RelaxedTask__LeftWrist, RelaxedTask__RightWrist, StretchHold__LeftWrist, StretchHold__RightWrist, TouchIndex__LeftWrist, TouchIndex__RightWrist, TouchNose__LeftWrist, TouchNose__RightWrist"
258,24,"__columns__, __recording_keys__, CrossArms__LeftWrist, CrossArms__RightWrist, DrinkGlas__LeftWrist, DrinkGlas__RightWrist, Entrainment__LeftWrist, Entrainment__RightWrist, HoldWeight__LeftWrist, HoldWeight__RightWrist, LiftHold__LeftWrist, LiftHold__RightWrist, PointFinger__LeftWrist, PointFinger__RightWrist, Relaxed__LeftWrist, Relaxed__RightWrist, RelaxedTask__LeftWrist, RelaxedTask__RightWrist, StretchHold__LeftWrist, StretchHold__RightWrist, TouchIndex__LeftWrist, TouchIndex__RightWrist, TouchNose__LeftWrist, TouchNose__RightWrist"
259,24,"__columns__, __recording_keys__, CrossArms__LeftWrist, CrossArms__RightWrist, DrinkGlas__LeftWrist, DrinkGlas__RightWrist, Entrainment__LeftWrist, Entrainment__RightWrist, HoldWeight__LeftWrist, HoldWeight__RightWrist, LiftHold__LeftWrist, LiftHold__RightWrist, PointFinger__LeftWrist, PointFinger__RightWrist, Relaxed__LeftWrist, Relaxed__RightWrist, RelaxedTask__LeftWrist, RelaxedTask__RightWrist, StretchHold__LeftWrist, StretchHold__RightWrist, TouchIndex__LeftWrist, TouchIndex__RightWrist, TouchNose__LeftWrist, TouchNose__RightWrist"
260,24,"__columns__, __recording_keys__, CrossArms__LeftWrist, CrossArms__RightWrist, DrinkGlas__LeftWrist, DrinkGlas__RightWrist, Entrainment__LeftWrist, Entrainment__RightWrist, HoldWeight__LeftWrist, HoldWeight__RightWrist, LiftHold__LeftWrist, LiftHold__RightWrist, PointFinger__LeftWrist, PointFinger__RightWrist, Relaxed__LeftWrist, Relaxed__RightWrist, RelaxedTask__LeftWrist, RelaxedTask__RightWrist, StretchHold__LeftWrist, StretchHold__RightWrist, TouchIndex__LeftWrist, TouchIndex__RightWrist, TouchNose__LeftWrist, TouchNose__RightWrist"
261,24,"__columns__, __recording_keys__, CrossArms__LeftWrist, CrossArms__RightWrist, DrinkGlas__LeftWrist, DrinkGlas__RightWrist, Entrainment__LeftWrist, Entrainment__RightWrist, HoldWeight__LeftWrist, HoldWeight__RightWrist, LiftHold__LeftWrist, LiftHold__RightWrist, PointFinger__LeftWrist, PointFinger__RightWrist, Relaxed__LeftWrist, Relaxed__RightWrist, RelaxedTask__LeftWrist, RelaxedTask__RightWrist, StretchHold__LeftWrist, StretchHold__RightWrist, TouchIndex__LeftWrist, TouchIndex__RightWrist, TouchNose__LeftWrist, TouchNose__RightWrist"
262,24,"__columns__, __recording_keys__, CrossArms__LeftWrist, CrossArms__RightWrist, DrinkGlas__LeftWrist, DrinkGlas__RightWrist, Entrainment__LeftWrist, Entrainment__RightWrist, HoldWeight__LeftWrist, HoldWeight__RightWrist, LiftHold__LeftWrist, LiftHold__RightWrist, PointFinger__LeftWrist, PointFinger__RightWrist, Relaxed__LeftWrist, Relaxed__RightWrist, RelaxedTask__LeftWrist, RelaxedTask__RightWrist, StretchHold__LeftWrist, StretchHold__RightWrist, TouchIndex__LeftWrist, TouchIndex__RightWrist, TouchNose__LeftWrist, TouchNose__RightWrist"
263,24,"__columns__, __recording_keys__, CrossArms__LeftWrist, CrossArms__RightWrist, DrinkGlas__LeftWrist, DrinkGlas__RightWrist, Entrainment__LeftWrist, Entrainment__RightWrist, HoldWeight__LeftWrist, HoldWeight__RightWrist, LiftHold__LeftWrist, LiftHold__RightWrist, PointFinger__LeftWrist, PointFinger__RightWrist, Relaxed__LeftWrist, Relaxed__RightWrist, RelaxedTask__LeftWrist, RelaxedTask__RightWrist, StretchHold__LeftWrist, StretchHold__RightWrist, TouchIndex__LeftWrist, TouchIndex__RightWrist, TouchNose__LeftWrist, TouchNose__RightWrist"
264,24,"__columns__, __recording_keys__, CrossArms__LeftWrist, CrossArms__RightWrist, DrinkGlas__LeftWrist, DrinkGlas__RightWrist, Entrainment__LeftWrist, Entrainment__RightWrist, HoldWeight__LeftWrist, HoldWeight__RightWrist, LiftHold__LeftWrist, LiftHold__RightWrist, PointFinger__LeftWrist, PointFinger__RightWrist, Relaxed__LeftWrist, Relaxed__RightWrist, RelaxedTask__LeftWrist, RelaxedTask__RightWrist, StretchHold__LeftWrist, StretchHold__RightWrist, TouchIndex__LeftWrist, TouchIndex__RightWrist, TouchNose__LeftWrist, TouchNose__RightWrist"
265,24,"__columns__, __recording_keys__, CrossArms__LeftWrist, CrossArms__RightWrist, DrinkGlas__LeftWrist, DrinkGlas__RightWrist, Entrainment__LeftWrist, Entrainment__RightWrist, HoldWeight__LeftWrist, HoldWeight__RightWrist, LiftHold__LeftWrist, LiftHold__RightWrist, PointFinger__LeftWrist, PointFinger__RightWrist, Relaxed__LeftWrist, Relaxed__RightWrist, RelaxedTask__LeftWrist, RelaxedTask__RightWrist, StretchHold__LeftWrist, StretchHold__RightWrist, TouchIndex__LeftWrist, TouchIndex__RightWrist, TouchNose__LeftWrist, TouchNose__RightWrist"
266,24,"__columns__, __recording_keys__, CrossArms__LeftWrist, CrossArms__RightWrist, DrinkGlas__LeftWrist, DrinkGlas__RightWrist, Entrainment__LeftWrist, Entrainment__RightWrist, HoldWeight__LeftWrist, HoldWeight__RightWrist, LiftHold__LeftWrist, LiftHold__RightWrist, PointFinger__LeftWrist, PointFinger__RightWrist, Relaxed__LeftWrist, Relaxed__RightWrist, RelaxedTask__LeftWrist, RelaxedTask__RightWrist, StretchHold__LeftWrist, StretchHold__RightWrist, TouchIndex__LeftWrist, TouchIndex__RightWrist, TouchNose__LeftWrist, TouchNose__RightWrist"
267,24,"__columns__, __recording_keys__, CrossArms__LeftWrist, CrossArms__RightWrist, DrinkGlas__LeftWrist, DrinkGlas__RightWrist, Entrainment__LeftWrist, Entrainment__RightWrist, HoldWeight__LeftWrist, HoldWeight__RightWrist, LiftHold__LeftWrist, LiftHold__RightWrist, PointFinger__LeftWrist, PointFinger__RightWrist, Relaxed__LeftWrist, Relaxed__RightWrist, RelaxedTask__LeftWrist, RelaxedTask__RightWrist, StretchHold__LeftWrist, StretchHold__RightWrist, TouchIndex__LeftWrist, TouchIndex__RightWrist, TouchNose__LeftWrist, TouchNose__RightWrist"
268,24,"__columns__, __recording_keys__, CrossArms__LeftWrist, CrossArms__RightWrist, DrinkGlas__LeftWrist, DrinkGlas__RightWrist, Entrainment__LeftWrist, Entrainment__RightWrist, HoldWeight__LeftWrist, HoldWeight__RightWrist, LiftHold__LeftWrist, LiftHold__RightWrist, PointFinger__LeftWrist, PointFinger__RightWrist, Relaxed__LeftWrist, Relaxed__RightWrist, RelaxedTask__LeftWrist, RelaxedTask__RightWrist, StretchHold__LeftWrist, StretchHold__RightWrist, TouchIndex__LeftWrist, TouchIndex__RightWrist, TouchNose__LeftWrist, TouchNose__RightWrist"
269,24,"__columns__, __recording_keys__, CrossArms__LeftWrist, CrossArms__RightWrist, DrinkGlas__LeftWrist, DrinkGlas__RightWrist, Entrainment__LeftWrist, Entrainment__RightWrist, HoldWeight__LeftWrist, HoldWeight__RightWrist, LiftHold__LeftWrist, LiftHold__RightWrist, PointFinger__LeftWrist, PointFinger__RightWrist, Relaxed__LeftWrist, Relaxed__RightWrist, RelaxedTask__LeftWrist, RelaxedTask__RightWrist, StretchHold__LeftWrist, StretchHold__RightWrist, TouchIndex__LeftWrist, TouchIndex__RightWrist, TouchNose__LeftWrist, TouchNose__RightWrist"
270,24,"__columns__, __recording_keys__, CrossArms__LeftWrist, CrossArms__RightWrist, DrinkGlas__LeftWrist, DrinkGlas__RightWrist, Entrainment__LeftWrist, Entrainment__RightWrist, HoldWeight__LeftWrist, HoldWeight__RightWrist, LiftHold__LeftWrist, LiftHold__RightWrist, PointFinger__LeftWrist, PointFinger__RightWrist, Relaxed__LeftWrist, Relaxed__RightWrist, RelaxedTask__LeftWrist, RelaxedTask__RightWrist, StretchHold__LeftWrist, StretchHold__RightWrist, TouchIndex__LeftWrist, TouchIndex__RightWrist, TouchNose__LeftWrist, TouchNose__RightWrist"
271,24,"__columns__, __recording_keys__, CrossArms__LeftWrist, CrossArms__RightWrist, DrinkGlas__LeftWrist, DrinkGlas__RightWrist, Entrainment__LeftWrist, Entrainment__RightWrist, HoldWeight__LeftWrist, HoldWeight__RightWrist, LiftHold__LeftWrist, LiftHold__RightWrist, PointFinger__LeftWrist, PointFinger__RightWrist, Relaxed__LeftWrist, Relaxed__RightWrist, RelaxedTask__LeftWrist, RelaxedTask__RightWrist, StretchHold__LeftWrist, StretchHold__RightWrist, TouchIndex__LeftWrist, TouchIndex__RightWrist, TouchNose__LeftWrist, TouchNose__RightWrist"
272,24,"__columns__, __recording_keys__, CrossArms__LeftWrist, CrossArms__RightWrist, DrinkGlas__LeftWrist, DrinkGlas__RightWrist, Entrainment__LeftWrist, Entrainment__RightWrist, HoldWeight__LeftWrist, HoldWeight__RightWrist, LiftHold__LeftWrist, LiftHold__RightWrist, PointFinger__LeftWrist, PointFinger__RightWrist, Relaxed__LeftWrist, Relaxed__RightWrist, RelaxedTask__LeftWrist, RelaxedTask__RightWrist, StretchHold__LeftWrist, StretchHold__RightWrist, TouchIndex__LeftWrist, TouchIndex__RightWrist, TouchNose__LeftWrist, TouchNose__RightWrist"
273,24,"__columns__, __recording_keys__, CrossArms__LeftWrist, CrossArms__RightWrist, DrinkGlas__LeftWrist, DrinkGlas__RightWrist, Entrainment__LeftWrist, Entrainment__RightWrist, HoldWeight__LeftWrist, HoldWeight__RightWrist, LiftHold__LeftWrist, LiftHold__RightWrist, PointFinger__LeftWrist, PointFinger__RightWrist, Relaxed__LeftWrist, Relaxed__RightWrist, RelaxedTask__LeftWrist, RelaxedTask__RightWrist, StretchHold__LeftWrist, StretchHold__RightWrist, TouchIndex__LeftWrist, TouchIndex__RightWrist, TouchNose__LeftWrist, TouchNose__RightWrist"
274,24,"__columns__, __recording_keys__, CrossArms__LeftWrist, CrossArms__RightWrist, DrinkGlas__LeftWrist, DrinkGlas__RightWrist, Entrainment__LeftWrist, Entrainment__RightWrist, HoldWeight__LeftWrist, HoldWeight__RightWrist, LiftHold__LeftWrist, LiftHold__RightWrist, PointFinger__LeftWrist, PointFinger__RightWrist, Relaxed__LeftWrist, Relaxed__RightWrist, RelaxedTask__LeftWrist, RelaxedTask__RightWrist, StretchHold__LeftWrist, StretchHold__RightWrist, TouchIndex__LeftWrist, TouchIndex__RightWrist, TouchNose__LeftWrist, TouchNose__RightWrist"
275,24,"__columns__, __recording_keys__, CrossArms__LeftWrist, CrossArms__RightWrist, DrinkGlas__LeftWrist, DrinkGlas__RightWrist, Entrainment__LeftWrist, Entrainment__RightWrist, HoldWeight__LeftWrist, HoldWeight__RightWrist, LiftHold__LeftWrist, LiftHold__RightWrist, PointFinger__LeftWrist, PointFinger__RightWrist, Relaxed__LeftWrist, Relaxed__RightWrist, RelaxedTask__LeftWrist, RelaxedTask__RightWrist, StretchHold__LeftWrist, StretchHold__RightWrist, TouchIndex__LeftWrist, TouchIndex__RightWrist, TouchNose__LeftWrist, TouchNose__RightWrist"
276,24,"__columns__, __recording_keys__, CrossArms__LeftWrist, CrossArms__RightWrist, DrinkGlas__LeftWrist, DrinkGlas__RightWrist, Entrainment__LeftWrist, Entrainment__RightWrist, HoldWeight__LeftWrist, HoldWeight__RightWrist, LiftHold__LeftWrist, LiftHold__RightWrist, PointFinger__LeftWrist, PointFinger__RightWrist, Relaxed__LeftWrist, Relaxed__RightWrist, RelaxedTask__LeftWrist, RelaxedTask__RightWrist, StretchHold__LeftWrist, StretchHold__RightWrist, TouchIndex__LeftWrist, TouchIndex__RightWrist, TouchNose__LeftWrist, TouchNose__RightWrist"
277,24,"__columns__, __recording_keys__, CrossArms__LeftWrist, CrossArms__RightWrist, DrinkGlas__LeftWrist, DrinkGlas__RightWrist, Entrainment__LeftWrist, Entrainment__RightWrist, HoldWeight__LeftWrist, HoldWeight__RightWrist, LiftHold__LeftWrist, LiftHold__RightWrist, PointFinger__LeftWrist, PointFinger__RightWrist, Relaxed__LeftWrist, Relaxed__RightWrist, RelaxedTask__LeftWrist, RelaxedTask__RightWrist, StretchHold__LeftWrist, StretchHold__RightWrist, TouchIndex__LeftWrist, TouchIndex__RightWrist, TouchNose__LeftWrist, TouchNose__RightWrist"
278,24,"__columns__, __recording_keys__, CrossArms__LeftWrist, CrossArms__RightWrist, DrinkGlas__LeftWrist, DrinkGlas__RightWrist, Entrainment__LeftWrist, Entrainment__RightWrist, HoldWeight__LeftWrist, HoldWeight__RightWrist, LiftHold__LeftWrist, LiftHold__RightWrist, PointFinger__LeftWrist, PointFinger__RightWrist, Relaxed__LeftWrist, Relaxed__RightWrist, RelaxedTask__LeftWrist, RelaxedTask__RightWrist, StretchHold__LeftWrist, StretchHold__RightWrist, TouchIndex__LeftWrist, TouchIndex__RightWrist, TouchNose__LeftWrist, TouchNose__RightWrist"
279,24,"__columns__, __recording_keys__, CrossArms__LeftWrist, CrossArms__RightWrist, DrinkGlas__LeftWrist, DrinkGlas__RightWrist, Entrainment__LeftWrist, Entrainment__RightWrist, HoldWeight__LeftWrist, HoldWeight__RightWrist, LiftHold__LeftWrist, LiftHold__RightWrist, PointFinger__LeftWrist, PointFinger__RightWrist, Relaxed__LeftWrist, Relaxed__RightWrist, RelaxedTask__LeftWrist, RelaxedTask__RightWrist, StretchHold__LeftWrist, StretchHold__RightWrist, TouchIndex__LeftWrist, TouchIndex__RightWrist, TouchNose__LeftWrist, TouchNose__RightWrist"
280,24,"__columns__, __recording_keys__, CrossArms__LeftWrist, CrossArms__RightWrist, DrinkGlas__LeftWrist, DrinkGlas__RightWrist, Entrainment__LeftWrist, Entrainment__RightWrist, HoldWeight__LeftWrist, HoldWeight__RightWrist, LiftHold__LeftWrist, LiftHold__RightWrist, PointFinger__LeftWrist, PointFinger__RightWrist, Relaxed__LeftWrist, Relaxed__RightWrist, RelaxedTask__LeftWrist, RelaxedTask__RightWrist, StretchHold__LeftWrist, StretchHold__RightWrist, TouchIndex__LeftWrist, TouchIndex__RightWrist, TouchNose__LeftWrist, TouchNose__RightWrist"
281,24,"__columns__, __recording_keys__, CrossArms__LeftWrist, CrossArms__RightWrist, DrinkGlas__LeftWrist, DrinkGlas__RightWrist, Entrainment__LeftWrist, Entrainment__RightWrist, HoldWeight__LeftWrist, HoldWeight__RightWrist, LiftHold__LeftWrist, LiftHold__RightWrist, PointFinger__LeftWrist, PointFinger__RightWrist, Relaxed__LeftWrist, Relaxed__RightWrist, RelaxedTask__LeftWrist, RelaxedTask__RightWrist, StretchHold__LeftWrist, StretchHold__RightWrist, TouchIndex__LeftWrist, TouchIndex__RightWrist, TouchNose__LeftWrist, TouchNose__RightWrist"
282,24,"__columns__, __recording_keys__, CrossArms__LeftWrist, CrossArms__RightWrist, DrinkGlas__LeftWrist, DrinkGlas__RightWrist, Entrainment__LeftWrist, Entrainment__RightWrist, HoldWeight__LeftWrist, HoldWeight__RightWrist, LiftHold__LeftWrist, LiftHold__RightWrist, PointFinger__LeftWrist, PointFinger__RightWrist, Relaxed__LeftWrist, Relaxed__RightWrist, RelaxedTask__LeftWrist, RelaxedTask__RightWrist, StretchHold__LeftWrist, StretchHold__RightWrist, TouchIndex__LeftWrist, TouchIndex__RightWrist, TouchNose__LeftWrist, TouchNose__RightWrist"
283,24,"__columns__, __recording_keys__, CrossArms__LeftWrist, CrossArms__RightWrist, DrinkGlas__LeftWrist, DrinkGlas__RightWrist, Entrainment__LeftWrist, Entrainment__RightWrist, HoldWeight__LeftWrist, HoldWeight__RightWrist, LiftHold__LeftWrist, LiftHold__RightWrist, PointFinger__LeftWrist, PointFinger__RightWrist, Relaxed__LeftWrist, Relaxed__RightWrist, RelaxedTask__LeftWrist, RelaxedTask__RightWrist, StretchHold__LeftWrist, StretchHold__RightWrist, TouchIndex__LeftWrist, TouchIndex__RightWrist, TouchNose__LeftWrist, TouchNose__RightWrist"
284,24,"__columns__, __recording_keys__, CrossArms__LeftWrist, CrossArms__RightWrist, DrinkGlas__LeftWrist, DrinkGlas__RightWrist, Entrainment__LeftWrist, Entrainment__RightWrist, HoldWeight__LeftWrist, HoldWeight__RightWrist, LiftHold__LeftWrist, LiftHold__RightWrist, PointFinger__LeftWrist, PointFinger__RightWrist, Relaxed__LeftWrist, Relaxed__RightWrist, RelaxedTask__LeftWrist, RelaxedTask__RightWrist, StretchHold__LeftWrist, StretchHold__RightWrist, TouchIndex__LeftWrist, TouchIndex__RightWrist, TouchNose__LeftWrist, TouchNose__RightWrist"
285,24,"__columns__, __recording_keys__, CrossArms__LeftWrist, CrossArms__RightWrist, DrinkGlas__LeftWrist, DrinkGlas__RightWrist, Entrainment__LeftWrist, Entrainment__RightWrist, HoldWeight__LeftWrist, HoldWeight__RightWrist, LiftHold__LeftWrist, LiftHold__RightWrist, PointFinger__LeftWrist, PointFinger__RightWrist, Relaxed__LeftWrist, Relaxed__RightWrist, RelaxedTask__LeftWrist, RelaxedTask__RightWrist, StretchHold__LeftWrist, StretchHold__RightWrist, TouchIndex__LeftWrist, TouchIndex__RightWrist, TouchNose__LeftWrist, TouchNose__RightWrist"
286,24,"__columns__, __recording_keys__, CrossArms__LeftWrist, CrossArms__RightWrist, DrinkGlas__LeftWrist, DrinkGlas__RightWrist, Entrainment__LeftWrist, Entrainment__RightWrist, HoldWeight__LeftWrist, HoldWeight__RightWrist, LiftHold__LeftWrist, LiftHold__RightWrist, PointFinger__LeftWrist, PointFinger__RightWrist, Relaxed__LeftWrist, Relaxed__RightWrist, RelaxedTask__LeftWrist, RelaxedTask__RightWrist, StretchHold__LeftWrist, StretchHold__RightWrist, TouchIndex__LeftWrist, TouchIndex__RightWrist, TouchNose__LeftWrist, TouchNose__RightWrist"
287,24,"__columns__, __recording_keys__, CrossArms__LeftWrist, CrossArms__RightWrist, DrinkGlas__LeftWrist, DrinkGlas__RightWrist, Entrainment__LeftWrist, Entrainment__RightWrist, HoldWeight__LeftWrist, HoldWeight__RightWrist, LiftHold__LeftWrist, LiftHold__RightWrist, PointFinger__LeftWrist, PointFinger__RightWrist, Relaxed__LeftWrist, Relaxed__RightWrist, RelaxedTask__LeftWrist, RelaxedTask__RightWrist, StretchHold__LeftWrist, StretchHold__RightWrist, TouchIndex__LeftWrist, TouchIndex__RightWrist, TouchNose__LeftWrist, TouchNose__RightWrist"
288,24,"__columns__, __recording_keys__, CrossArms__LeftWrist, CrossArms__RightWrist, DrinkGlas__LeftWrist, DrinkGlas__RightWrist, Entrainment__LeftWrist, Entrainment__RightWrist, HoldWeight__LeftWrist, HoldWeight__RightWrist, LiftHold__LeftWrist, LiftHold__RightWrist, PointFinger__LeftWrist, PointFinger__RightWrist, Relaxed__LeftWrist, Relaxed__RightWrist, RelaxedTask__LeftWrist, RelaxedTask__RightWrist, StretchHold__LeftWrist, StretchHold__RightWrist, TouchIndex__LeftWrist, TouchIndex__RightWrist, TouchNose__LeftWrist, TouchNose__RightWrist"
289,24,"__columns__, __recording_keys__, CrossArms__LeftWrist, CrossArms__RightWrist, DrinkGlas__LeftWrist, DrinkGlas__RightWrist, Entrainment__LeftWrist, Entrainment__RightWrist, HoldWeight__LeftWrist, HoldWeight__RightWrist, LiftHold__LeftWrist, LiftHold__RightWrist, PointFinger__LeftWrist, PointFinger__RightWrist, Relaxed__LeftWrist, Relaxed__RightWrist, RelaxedTask__LeftWrist, RelaxedTask__RightWrist, StretchHold__LeftWrist, StretchHold__RightWrist, TouchIndex__LeftWrist, TouchIndex__RightWrist, TouchNose__LeftWrist, TouchNose__RightWrist"
290,24,"__columns__, __recording_keys__, CrossArms__LeftWrist, CrossArms__RightWrist, DrinkGlas__LeftWrist, DrinkGlas__RightWrist, Entrainment__LeftWrist, Entrainment__RightWrist, HoldWeight__LeftWrist, HoldWeight__RightWrist, LiftHold__LeftWrist, LiftHold__RightWrist, PointFinger__LeftWrist, PointFinger__RightWrist, Relaxed__LeftWrist, Relaxed__RightWrist, RelaxedTask__LeftWrist, RelaxedTask__RightWrist, StretchHold__LeftWrist, StretchHold__RightWrist, TouchIndex__LeftWrist, TouchIndex__RightWrist, TouchNose__LeftWrist, TouchNose__RightWrist"
291,24,"__columns__, __recording_keys__, CrossArms__LeftWrist, CrossArms__RightWrist, DrinkGlas__LeftWrist, DrinkGlas__RightWrist, Entrainment__LeftWrist, Entrainment__RightWrist, HoldWeight__LeftWrist, HoldWeight__RightWrist, LiftHold__LeftWrist, LiftHold__RightWrist, PointFinger__LeftWrist, PointFinger__RightWrist, Relaxed__LeftWrist, Relaxed__RightWrist, RelaxedTask__LeftWrist, RelaxedTask__RightWrist, StretchHold__LeftWrist, StretchHold__RightWrist, TouchIndex__LeftWrist, TouchIndex__RightWrist, TouchNose__LeftWrist, TouchNose__RightWrist"
292,24,"__columns__, __recording_keys__, CrossArms__LeftWrist, CrossArms__RightWrist, DrinkGlas__LeftWrist, DrinkGlas__RightWrist, Entrainment__LeftWrist, Entrainment__RightWrist, HoldWeight__LeftWrist, HoldWeight__RightWrist, LiftHold__LeftWrist, LiftHold__RightWrist, PointFinger__LeftWrist, PointFinger__RightWrist, Relaxed__LeftWrist, Relaxed__RightWrist, RelaxedTask__LeftWrist, RelaxedTask__RightWrist, StretchHold__LeftWrist, StretchHold__RightWrist, TouchIndex__LeftWrist, TouchIndex__RightWrist, TouchNose__LeftWrist, TouchNose__RightWrist"
293,24,"__columns__, __recording_keys__, CrossArms__LeftWrist, CrossArms__RightWrist, DrinkGlas__LeftWrist, DrinkGlas__RightWrist, Entrainment__LeftWrist, Entrainment__RightWrist, HoldWeight__LeftWrist, HoldWeight__RightWrist, LiftHold__LeftWrist, LiftHold__RightWrist, PointFinger__LeftWrist, PointFinger__RightWrist, Relaxed__LeftWrist, Relaxed__RightWrist, RelaxedTask__LeftWrist, RelaxedTask__RightWrist, StretchHold__LeftWrist, StretchHold__RightWrist, TouchIndex__LeftWrist, TouchIndex__RightWrist, TouchNose__LeftWrist, TouchNose__RightWrist"
294,24,"__columns__, __recording_keys__, CrossArms__LeftWrist, CrossArms__RightWrist, DrinkGlas__LeftWrist, DrinkGlas__RightWrist, Entrainment__LeftWrist, Entrainment__RightWrist, HoldWeight__LeftWrist, HoldWeight__RightWrist, LiftHold__LeftWrist, LiftHold__RightWrist, PointFinger__LeftWrist, PointFinger__RightWrist, Relaxed__LeftWrist, Relaxed__RightWrist, RelaxedTask__LeftWrist, RelaxedTask__RightWrist, StretchHold__LeftWrist, StretchHold__RightWrist, TouchIndex__LeftWrist, TouchIndex__RightWrist, TouchNose__LeftWrist, TouchNose__RightWrist"
295,24,"__columns__, __recording_keys__, CrossArms__LeftWrist, CrossArms__RightWrist, DrinkGlas__LeftWrist, DrinkGlas__RightWrist, Entrainment__LeftWrist, Entrainment__RightWrist, HoldWeight__LeftWrist, HoldWeight__RightWrist, LiftHold__LeftWrist, LiftHold__RightWrist, PointFinger__LeftWrist, PointFinger__RightWrist, Relaxed__LeftWrist, Relaxed__RightWrist, RelaxedTask__LeftWrist, RelaxedTask__RightWrist, StretchHold__LeftWrist, StretchHold__RightWrist, TouchIndex__LeftWrist, TouchIndex__RightWrist, TouchNose__LeftWrist, TouchNose__RightWrist"
296,24,"__columns__, __recording_keys__, CrossArms__LeftWrist, CrossArms__RightWrist, DrinkGlas__LeftWrist, DrinkGlas__RightWrist, Entrainment__LeftWrist, Entrainment__RightWrist, HoldWeight__LeftWrist, HoldWeight__RightWrist, LiftHold__LeftWrist, LiftHold__RightWrist, PointFinger__LeftWrist, PointFinger__RightWrist, Relaxed__LeftWrist, Relaxed__RightWrist, RelaxedTask__LeftWrist, RelaxedTask__RightWrist, StretchHold__LeftWrist, StretchHold__RightWrist, TouchIndex__LeftWrist, TouchIndex__RightWrist, TouchNose__LeftWrist, TouchNose__RightWrist"
297,24,"__columns__, __recording_keys__, CrossArms__LeftWrist, CrossArms__RightWrist, DrinkGlas__LeftWrist, DrinkGlas__RightWrist, Entrainment__LeftWrist, Entrainment__RightWrist, HoldWeight__LeftWrist, HoldWeight__RightWrist, LiftHold__LeftWrist, LiftHold__RightWrist, PointFinger__LeftWrist, PointFinger__RightWrist, Relaxed__LeftWrist, Relaxed__RightWrist, RelaxedTask__LeftWrist, RelaxedTask__RightWrist, StretchHold__LeftWrist, StretchHold__RightWrist, TouchIndex__LeftWrist, TouchIndex__RightWrist, TouchNose__LeftWrist, TouchNose__RightWrist"
298,24,"__columns__, __recording_keys__, CrossArms__LeftWrist, CrossArms__RightWrist, DrinkGlas__LeftWrist, DrinkGlas__RightWrist, Entrainment__LeftWrist, Entrainment__RightWrist, HoldWeight__LeftWrist, HoldWeight__RightWrist, LiftHold__LeftWrist, LiftHold__RightWrist, PointFinger__LeftWrist, PointFinger__RightWrist, Relaxed__LeftWrist, Relaxed__RightWrist, RelaxedTask__LeftWrist, RelaxedTask__RightWrist, StretchHold__LeftWrist, StretchHold__RightWrist, TouchIndex__LeftWrist, TouchIndex__RightWrist, TouchNose__LeftWrist, TouchNose__RightWrist"
299,24,"__columns__, __recording_keys__, CrossArms__LeftWrist, CrossArms__RightWrist, DrinkGlas__LeftWrist, DrinkGlas__RightWrist, Entrainment__LeftWrist, Entrainment__RightWrist, HoldWeight__LeftWrist, HoldWeight__RightWrist, LiftHold__LeftWrist, LiftHold__RightWrist, PointFinger__LeftWrist, PointFinger__RightWrist, Relaxed__LeftWrist, Relaxed__RightWrist, RelaxedTask__LeftWrist, RelaxedTask__RightWrist, StretchHold__LeftWrist, StretchHold__RightWrist, TouchIndex__LeftWrist, TouchIndex__RightWrist, TouchNose__LeftWrist, TouchNose__RightWrist"
300,24,"__columns__, __recording_keys__, CrossArms__LeftWrist, CrossArms__RightWrist, DrinkGlas__LeftWrist, DrinkGlas__RightWrist, Entrainment__LeftWrist, Entrainment__RightWrist, HoldWeight__LeftWrist, HoldWeight__RightWrist, LiftHold__LeftWrist, LiftHold__RightWrist, PointFinger__LeftWrist, PointFinger__RightWrist, Relaxed__LeftWrist, Relaxed__RightWrist, RelaxedTask__LeftWrist, RelaxedTask__RightWrist, StretchHold__LeftWrist, StretchHold__RightWrist, TouchIndex__LeftWrist, TouchIndex__RightWrist, TouchNose__LeftWrist, TouchNose__RightWrist"
301,24,"__columns__, __recording_keys__, CrossArms__LeftWrist, CrossArms__RightWrist, DrinkGlas__LeftWrist, DrinkGlas__RightWrist, Entrainment__LeftWrist, Entrainment__RightWrist, HoldWeight__LeftWrist, HoldWeight__RightWrist, LiftHold__LeftWrist, LiftHold__RightWrist, PointFinger__LeftWrist, PointFinger__RightWrist, Relaxed__LeftWrist, Relaxed__RightWrist, RelaxedTask__LeftWrist, RelaxedTask__RightWrist, StretchHold__LeftWrist, StretchHold__RightWrist, TouchIndex__LeftWrist, TouchIndex__RightWrist, TouchNose__LeftWrist, TouchNose__RightWrist"
302,24,"__columns__, __recording_keys__, CrossArms__LeftWrist, CrossArms__RightWrist, DrinkGlas__LeftWrist, DrinkGlas__RightWrist, Entrainment__LeftWrist, Entrainment__RightWrist, HoldWeight__LeftWrist, HoldWeight__RightWrist, LiftHold__LeftWrist, LiftHold__RightWrist, PointFinger__LeftWrist, PointFinger__RightWrist, Relaxed__LeftWrist, Relaxed__RightWrist, RelaxedTask__LeftWrist, RelaxedTask__RightWrist, StretchHold__LeftWrist, StretchHold__RightWrist, TouchIndex__LeftWrist, TouchIndex__RightWrist, TouchNose__LeftWrist, TouchNose__RightWrist"
303,24,"__columns__, __recording_keys__, CrossArms__LeftWrist, CrossArms__RightWrist, DrinkGlas__LeftWrist, DrinkGlas__RightWrist, Entrainment__LeftWrist, Entrainment__RightWrist, HoldWeight__LeftWrist, HoldWeight__RightWrist, LiftHold__LeftWrist, LiftHold__RightWrist, PointFinger__LeftWrist, PointFinger__RightWrist, Relaxed__LeftWrist, Relaxed__RightWrist, RelaxedTask__LeftWrist, RelaxedTask__RightWrist, StretchHold__LeftWrist, StretchHold__RightWrist, TouchIndex__LeftWrist, TouchIndex__RightWrist, TouchNose__LeftWrist, TouchNose__RightWrist"
304,24,"__columns__, __recording_keys__, CrossArms__LeftWrist, CrossArms__RightWrist, DrinkGlas__LeftWrist, DrinkGlas__RightWrist, Entrainment__LeftWrist, Entrainment__RightWrist, HoldWeight__LeftWrist, HoldWeight__RightWrist, LiftHold__LeftWrist, LiftHold__RightWrist, PointFinger__LeftWrist, PointFinger__RightWrist, Relaxed__LeftWrist, Relaxed__RightWrist, RelaxedTask__LeftWrist, RelaxedTask__RightWrist, StretchHold__LeftWrist, StretchHold__RightWrist, TouchIndex__LeftWrist, TouchIndex__RightWrist, TouchNose__LeftWrist, TouchNose__RightWrist"
305,24,"__columns__, __recording_keys__, CrossArms__LeftWrist, CrossArms__RightWrist, DrinkGlas__LeftWrist, DrinkGlas__RightWrist, Entrainment__LeftWrist, Entrainment__RightWrist, HoldWeight__LeftWrist, HoldWeight__RightWrist, LiftHold__LeftWrist, LiftHold__RightWrist, PointFinger__LeftWrist, PointFinger__RightWrist, Relaxed__LeftWrist, Relaxed__RightWrist, RelaxedTask__LeftWrist, RelaxedTask__RightWrist, StretchHold__LeftWrist, StretchHold__RightWrist, TouchIndex__LeftWrist, TouchIndex__RightWrist, TouchNose__LeftWrist, TouchNose__RightWrist"
306,24,"__columns__, __recording_keys__, CrossArms__LeftWrist, CrossArms__RightWrist, DrinkGlas__LeftWrist, DrinkGlas__RightWrist, Entrainment__LeftWrist, Entrainment__RightWrist, HoldWeight__LeftWrist, HoldWeight__RightWrist, LiftHold__LeftWrist, LiftHold__RightWrist, PointFinger__LeftWrist, PointFinger__RightWrist, Relaxed__LeftWrist, Relaxed__RightWrist, RelaxedTask__LeftWrist, RelaxedTask__RightWrist, StretchHold__LeftWrist, StretchHold__RightWrist, TouchIndex__LeftWrist, TouchIndex__RightWrist, TouchNose__LeftWrist, TouchNose__RightWrist"
307,24,"__columns__, __recording_keys__, CrossArms__LeftWrist, CrossArms__RightWrist, DrinkGlas__LeftWrist, DrinkGlas__RightWrist, Entrainment__LeftWrist, Entrainment__RightWrist, HoldWeight__LeftWrist, HoldWeight__RightWrist, LiftHold__LeftWrist, LiftHold__RightWrist, PointFinger__LeftWrist, PointFinger__RightWrist, Relaxed__LeftWrist, Relaxed__RightWrist, RelaxedTask__LeftWrist, RelaxedTask__RightWrist, StretchHold__LeftWrist, StretchHold__RightWrist, TouchIndex__LeftWrist, TouchIndex__RightWrist, TouchNose__LeftWrist, TouchNose__RightWrist"
308,24,"__columns__, __recording_keys__, CrossArms__LeftWrist, CrossArms__RightWrist, DrinkGlas__LeftWrist, DrinkGlas__RightWrist, Entrainment__LeftWrist, Entrainment__RightWrist, HoldWeight__LeftWrist, HoldWeight__RightWrist, LiftHold__LeftWrist, LiftHold__RightWrist, PointFinger__LeftWrist, PointFinger__RightWrist, Relaxed__LeftWrist, Relaxed__RightWrist, RelaxedTask__LeftWrist, RelaxedTask__RightWrist, StretchHold__LeftWrist, StretchHold__RightWrist, TouchIndex__LeftWrist, TouchIndex__RightWrist, TouchNose__LeftWrist, TouchNose__RightWrist"
309,24,"__columns__, __recording_keys__, CrossArms__LeftWrist, CrossArms__RightWrist, DrinkGlas__LeftWrist, DrinkGlas__RightWrist, Entrainment__LeftWrist, Entrainment__RightWrist, HoldWeight__LeftWrist, HoldWeight__RightWrist, LiftHold__LeftWrist, LiftHold__RightWrist, PointFinger__LeftWrist, PointFinger__RightWrist, Relaxed__LeftWrist, Relaxed__RightWrist, RelaxedTask__LeftWrist, RelaxedTask__RightWrist, StretchHold__LeftWrist, StretchHold__RightWrist, TouchIndex__LeftWrist, TouchIndex__RightWrist, TouchNose__LeftWrist, TouchNose__RightWrist"
310,24,"__columns__, __recording_keys__, CrossArms__LeftWrist, CrossArms__RightWrist, DrinkGlas__LeftWrist, DrinkGlas__RightWrist, Entrainment__LeftWrist, Entrainment__RightWrist, HoldWeight__LeftWrist, HoldWeight__RightWrist, LiftHold__LeftWrist, LiftHold__RightWrist, PointFinger__LeftWrist, PointFinger__RightWrist, Relaxed__LeftWrist, Relaxed__RightWrist, RelaxedTask__LeftWrist, RelaxedTask__RightWrist, StretchHold__LeftWrist, StretchHold__RightWrist, TouchIndex__LeftWrist, TouchIndex__RightWrist, TouchNose__LeftWrist, TouchNose__RightWrist"
311,24,"__columns__, __recording_keys__, CrossArms__LeftWrist, CrossArms__RightWrist, DrinkGlas__LeftWrist, DrinkGlas__RightWrist, Entrainment__LeftWrist, Entrainment__RightWrist, HoldWeight__LeftWrist, HoldWeight__RightWrist, LiftHold__LeftWrist, LiftHold__RightWrist, PointFinger__LeftWrist, PointFinger__RightWrist, Relaxed__LeftWrist, Relaxed__RightWrist, RelaxedTask__LeftWrist, RelaxedTask__RightWrist, StretchHold__LeftWrist, StretchHold__RightWrist, TouchIndex__LeftWrist, TouchIndex__RightWrist, TouchNose__LeftWrist, TouchNose__RightWrist"
312,24,"__columns__, __recording_keys__, CrossArms__LeftWrist, CrossArms__RightWrist, DrinkGlas__LeftWrist, DrinkGlas__RightWrist, Entrainment__LeftWrist, Entrainment__RightWrist, HoldWeight__LeftWrist, HoldWeight__RightWrist, LiftHold__LeftWrist, LiftHold__RightWrist, PointFinger__LeftWrist, PointFinger__RightWrist, Relaxed__LeftWrist, Relaxed__RightWrist, RelaxedTask__LeftWrist, RelaxedTask__RightWrist, StretchHold__LeftWrist, StretchHold__RightWrist, TouchIndex__LeftWrist, TouchIndex__RightWrist, TouchNose__LeftWrist, TouchNose__RightWrist"
313,24,"__columns__, __recording_keys__, CrossArms__LeftWrist, CrossArms__RightWrist, DrinkGlas__LeftWrist, DrinkGlas__RightWrist, Entrainment__LeftWrist, Entrainment__RightWrist, HoldWeight__LeftWrist, HoldWeight__RightWrist, LiftHold__LeftWrist, LiftHold__RightWrist, PointFinger__LeftWrist, PointFinger__RightWrist, Relaxed__LeftWrist, Relaxed__RightWrist, RelaxedTask__LeftWrist, RelaxedTask__RightWrist, StretchHold__LeftWrist, StretchHold__RightWrist, TouchIndex__LeftWrist, TouchIndex__RightWrist, TouchNose__LeftWrist, TouchNose__RightWrist"
314,24,"__columns__, __recording_keys__, CrossArms__LeftWrist, CrossArms__RightWrist, DrinkGlas__LeftWrist, DrinkGlas__RightWrist, Entrainment__LeftWrist, Entrainment__RightWrist, HoldWeight__LeftWrist, HoldWeight__RightWrist, LiftHold__LeftWrist, LiftHold__RightWrist, PointFinger__LeftWrist, PointFinger__RightWrist, Relaxed__LeftWrist, Relaxed__RightWrist, RelaxedTask__LeftWrist, RelaxedTask__RightWrist, StretchHold__LeftWrist, StretchHold__RightWrist, TouchIndex__LeftWrist, TouchIndex__RightWrist, TouchNose__LeftWrist, TouchNose__RightWrist"
315,24,"__columns__, __recording_keys__, CrossArms__LeftWrist, CrossArms__RightWrist, DrinkGlas__LeftWrist, DrinkGlas__RightWrist, Entrainment__LeftWrist, Entrainment__RightWrist, HoldWeight__LeftWrist, HoldWeight__RightWrist, LiftHold__LeftWrist, LiftHold__RightWrist, PointFinger__LeftWrist, PointFinger__RightWrist, Relaxed__LeftWrist, Relaxed__RightWrist, RelaxedTask__LeftWrist, RelaxedTask__RightWrist, StretchHold__LeftWrist, StretchHold__RightWrist, TouchIndex__LeftWrist, TouchIndex__RightWrist, TouchNose__LeftWrist, TouchNose__RightWrist"
316,24,"__columns__, __recording_keys__, CrossArms__LeftWrist, CrossArms__RightWrist, DrinkGlas__LeftWrist, DrinkGlas__RightWrist, Entrainment__LeftWrist, Entrainment__RightWrist, HoldWeight__LeftWrist, HoldWeight__RightWrist, LiftHold__LeftWrist, LiftHold__RightWrist, PointFinger__LeftWrist, PointFinger__RightWrist, Relaxed__LeftWrist, Relaxed__RightWrist, RelaxedTask__LeftWrist, RelaxedTask__RightWrist, StretchHold__LeftWrist, StretchHold__RightWrist, TouchIndex__LeftWrist, TouchIndex__RightWrist, TouchNose__LeftWrist, TouchNose__RightWrist"
317,24,"__columns__, __recording_keys__, CrossArms__LeftWrist, CrossArms__RightWrist, DrinkGlas__LeftWrist, DrinkGlas__RightWrist, Entrainment__LeftWrist, Entrainment__RightWrist, HoldWeight__LeftWrist, HoldWeight__RightWrist, LiftHold__LeftWrist, LiftHold__RightWrist, PointFinger__LeftWrist, PointFinger__RightWrist, Relaxed__LeftWrist, Relaxed__RightWrist, RelaxedTask__LeftWrist, RelaxedTask__RightWrist, StretchHold__LeftWrist, StretchHold__RightWrist, TouchIndex__LeftWrist, TouchIndex__RightWrist, TouchNose__LeftWrist, TouchNose__RightWrist"
318,24,"__columns__, __recording_keys__, CrossArms__LeftWrist, CrossArms__RightWrist, DrinkGlas__LeftWrist, DrinkGlas__RightWrist, Entrainment__LeftWrist, Entrainment__RightWrist, HoldWeight__LeftWrist, HoldWeight__RightWrist, LiftHold__LeftWrist, LiftHold__RightWrist, PointFinger__LeftWrist, PointFinger__RightWrist, Relaxed__LeftWrist, Relaxed__RightWrist, RelaxedTask__LeftWrist, RelaxedTask__RightWrist, StretchHold__LeftWrist, StretchHold__RightWrist, TouchIndex__LeftWrist, TouchIndex__RightWrist, TouchNose__LeftWrist, TouchNose__RightWrist"
319,24,"__columns__, __recording_keys__, CrossArms__LeftWrist, CrossArms__RightWrist, DrinkGlas__LeftWrist, DrinkGlas__RightWrist, Entrainment__LeftWrist, Entrainment__RightWrist, HoldWeight__LeftWrist, HoldWeight__RightWrist, LiftHold__LeftWrist, LiftHold__RightWrist, PointFinger__LeftWrist, PointFinger__RightWrist, Relaxed__LeftWrist, Relaxed__RightWrist, RelaxedTask__LeftWrist, RelaxedTask__RightWrist, StretchHold__LeftWrist, StretchHold__RightWrist, TouchIndex__LeftWrist, TouchIndex__RightWrist, TouchNose__LeftWrist, TouchNose__RightWrist"
320,24,"__columns__, __recording_keys__, CrossArms__LeftWrist, CrossArms__RightWrist, DrinkGlas__LeftWrist, DrinkGlas__RightWrist, Entrainment__LeftWrist, Entrainment__RightWrist, HoldWeight__LeftWrist, HoldWeight__RightWrist, LiftHold__LeftWrist, LiftHold__RightWrist, PointFinger__LeftWrist, PointFinger__RightWrist, Relaxed__LeftWrist, Relaxed__RightWrist, RelaxedTask__LeftWrist, RelaxedTask__RightWrist, StretchHold__LeftWrist, StretchHold__RightWrist, TouchIndex__LeftWrist, TouchIndex__RightWrist, TouchNose__LeftWrist, TouchNose__RightWrist"
321,24,"__columns__, __recording_keys__, CrossArms__LeftWrist, CrossArms__RightWrist, DrinkGlas__LeftWrist, DrinkGlas__RightWrist, Entrainment__LeftWrist, Entrainment__RightWrist, HoldWeight__LeftWrist, HoldWeight__RightWrist, LiftHold__LeftWrist, LiftHold__RightWrist, PointFinger__LeftWrist, PointFinger__RightWrist, Relaxed__LeftWrist, Relaxed__RightWrist, RelaxedTask__LeftWrist, RelaxedTask__RightWrist, StretchHold__LeftWrist, StretchHold__RightWrist, TouchIndex__LeftWrist, TouchIndex__RightWrist, TouchNose__LeftWrist, TouchNose__RightWrist"
322,24,"__columns__, __recording_keys__, CrossArms__LeftWrist, CrossArms__RightWrist, DrinkGlas__LeftWrist, DrinkGlas__RightWrist, Entrainment__LeftWrist, Entrainment__RightWrist, HoldWeight__LeftWrist, HoldWeight__RightWrist, LiftHold__LeftWrist, LiftHold__RightWrist, PointFinger__LeftWrist, PointFinger__RightWrist, Relaxed__LeftWrist, Relaxed__RightWrist, RelaxedTask__LeftWrist, RelaxedTask__RightWrist, StretchHold__LeftWrist, StretchHold__RightWrist, TouchIndex__LeftWrist, TouchIndex__RightWrist, TouchNose__LeftWrist, TouchNose__RightWrist"
323,24,"__columns__, __recording_keys__, CrossArms__LeftWrist, CrossArms__RightWrist, DrinkGlas__LeftWrist, DrinkGlas__RightWrist, Entrainment__LeftWrist, Entrainment__RightWrist, HoldWeight__LeftWrist, HoldWeight__RightWrist, LiftHold__LeftWrist, LiftHold__RightWrist, PointFinger__LeftWrist, PointFinger__RightWrist, Relaxed__LeftWrist, Relaxed__RightWrist, RelaxedTask__LeftWrist, RelaxedTask__RightWrist, StretchHold__LeftWrist, StretchHold__RightWrist, TouchIndex__LeftWrist, TouchIndex__RightWrist, TouchNose__LeftWrist, TouchNose__RightWrist"
324,24,"__columns__, __recording_keys__, CrossArms__LeftWrist, CrossArms__RightWrist, DrinkGlas__LeftWrist, DrinkGlas__RightWrist, Entrainment__LeftWrist, Entrainment__RightWrist, HoldWeight__LeftWrist, HoldWeight__RightWrist, LiftHold__LeftWrist, LiftHold__RightWrist, PointFinger__LeftWrist, PointFinger__RightWrist, Relaxed__LeftWrist, Relaxed__RightWrist, RelaxedTask__LeftWrist, RelaxedTask__RightWrist, StretchHold__LeftWrist, StretchHold__RightWrist, TouchIndex__LeftWrist, TouchIndex__RightWrist, TouchNose__LeftWrist, TouchNose__RightWrist"
325,24,"__columns__, __recording_keys__, CrossArms__LeftWrist, CrossArms__RightWrist, DrinkGlas__LeftWrist, DrinkGlas__RightWrist, Entrainment__LeftWrist, Entrainment__RightWrist, HoldWeight__LeftWrist, HoldWeight__RightWrist, LiftHold__LeftWrist, LiftHold__RightWrist, PointFinger__LeftWrist, PointFinger__RightWrist, Relaxed__LeftWrist, Relaxed__RightWrist, RelaxedTask__LeftWrist, RelaxedTask__RightWrist, StretchHold__LeftWrist, StretchHold__RightWrist, TouchIndex__LeftWrist, TouchIndex__RightWrist, TouchNose__LeftWrist, TouchNose__RightWrist"
326,24,"__columns__, __recording_keys__, CrossArms__LeftWrist, CrossArms__RightWrist, DrinkGlas__LeftWrist, DrinkGlas__RightWrist, Entrainment__LeftWrist, Entrainment__RightWrist, HoldWeight__LeftWrist, HoldWeight__RightWrist, LiftHold__LeftWrist, LiftHold__RightWrist, PointFinger__LeftWrist, PointFinger__RightWrist, Relaxed__LeftWrist, Relaxed__RightWrist, RelaxedTask__LeftWrist, RelaxedTask__RightWrist, StretchHold__LeftWrist, StretchHold__RightWrist, TouchIndex__LeftWrist, TouchIndex__RightWrist, TouchNose__LeftWrist, TouchNose__RightWrist"
327,24,"__columns__, __recording_keys__, CrossArms__LeftWrist, CrossArms__RightWrist, DrinkGlas__LeftWrist, DrinkGlas__RightWrist, Entrainment__LeftWrist, Entrainment__RightWrist, HoldWeight__LeftWrist, HoldWeight__RightWrist, LiftHold__LeftWrist, LiftHold__RightWrist, PointFinger__LeftWrist, PointFinger__RightWrist, Relaxed__LeftWrist, Relaxed__RightWrist, RelaxedTask__LeftWrist, RelaxedTask__RightWrist, StretchHold__LeftWrist, StretchHold__RightWrist, TouchIndex__LeftWrist, TouchIndex__RightWrist, TouchNose__LeftWrist, TouchNose__RightWrist"
328,24,"__columns__, __recording_keys__, CrossArms__LeftWrist, CrossArms__RightWrist, DrinkGlas__LeftWrist, DrinkGlas__RightWrist, Entrainment__LeftWrist, Entrainment__RightWrist, HoldWeight__LeftWrist, HoldWeight__RightWrist, LiftHold__LeftWrist, LiftHold__RightWrist, PointFinger__LeftWrist, PointFinger__RightWrist, Relaxed__LeftWrist, Relaxed__RightWrist, RelaxedTask__LeftWrist, RelaxedTask__RightWrist, StretchHold__LeftWrist, StretchHold__RightWrist, TouchIndex__LeftWrist, TouchIndex__RightWrist, TouchNose__LeftWrist, TouchNose__RightWrist"
329,24,"__columns__, __recording_keys__, CrossArms__LeftWrist, CrossArms__RightWrist, DrinkGlas__LeftWrist, DrinkGlas__RightWrist, Entrainment__LeftWrist, Entrainment__RightWrist, HoldWeight__LeftWrist, HoldWeight__RightWrist, LiftHold__LeftWrist, LiftHold__RightWrist, PointFinger__LeftWrist, PointFinger__RightWrist, Relaxed__LeftWrist, Relaxed__RightWrist, RelaxedTask__LeftWrist, RelaxedTask__RightWrist, StretchHold__LeftWrist, StretchHold__RightWrist, TouchIndex__LeftWrist, TouchIndex__RightWrist, TouchNose__LeftWrist, TouchNose__RightWrist"
330,24,"__columns__, __recording_keys__, CrossArms__LeftWrist, CrossArms__RightWrist, DrinkGlas__LeftWrist, DrinkGlas__RightWrist, Entrainment__LeftWrist, Entrainment__RightWrist, HoldWeight__LeftWrist, HoldWeight__RightWrist, LiftHold__LeftWrist, LiftHold__RightWrist, PointFinger__LeftWrist, PointFinger__RightWrist, Relaxed__LeftWrist, Relaxed__RightWrist, RelaxedTask__LeftWrist, RelaxedTask__RightWrist, StretchHold__LeftWrist, StretchHold__RightWrist, TouchIndex__LeftWrist, TouchIndex__RightWrist, TouchNose__LeftWrist, TouchNose__RightWrist"
331,24,"__columns__, __recording_keys__, CrossArms__LeftWrist, CrossArms__RightWrist, DrinkGlas__LeftWrist, DrinkGlas__RightWrist, Entrainment__LeftWrist, Entrainment__RightWrist, HoldWeight__LeftWrist, HoldWeight__RightWrist, LiftHold__LeftWrist, LiftHold__RightWrist, PointFinger__LeftWrist, PointFinger__RightWrist, Relaxed__LeftWrist, Relaxed__RightWrist, RelaxedTask__LeftWrist, RelaxedTask__RightWrist, StretchHold__LeftWrist, StretchHold__RightWrist, TouchIndex__LeftWrist, TouchIndex__RightWrist, TouchNose__LeftWrist, TouchNose__RightWrist"
332,24,"__columns__, __recording_keys__, CrossArms__LeftWrist, CrossArms__RightWrist, DrinkGlas__LeftWrist, DrinkGlas__RightWrist, Entrainment__LeftWrist, Entrainment__RightWrist, HoldWeight__LeftWrist, HoldWeight__RightWrist, LiftHold__LeftWrist, LiftHold__RightWrist, PointFinger__LeftWrist, PointFinger__RightWrist, Relaxed__LeftWrist, Relaxed__RightWrist, RelaxedTask__LeftWrist, RelaxedTask__RightWrist, StretchHold__LeftWrist, StretchHold__RightWrist, TouchIndex__LeftWrist, TouchIndex__RightWrist, TouchNose__LeftWrist, TouchNose__RightWrist"
333,24,"__columns__, __recording_keys__, CrossArms__LeftWrist, CrossArms__RightWrist, DrinkGlas__LeftWrist, DrinkGlas__RightWrist, Entrainment__LeftWrist, Entrainment__RightWrist, HoldWeight__LeftWrist, HoldWeight__RightWrist, LiftHold__LeftWrist, LiftHold__RightWrist, PointFinger__LeftWrist, PointFinger__RightWrist, Relaxed__LeftWrist, Relaxed__RightWrist, RelaxedTask__LeftWrist, RelaxedTask__RightWrist, StretchHold__LeftWrist, StretchHold__RightWrist, TouchIndex__LeftWrist, TouchIndex__RightWrist, TouchNose__LeftWrist, TouchNose__RightWrist"
334,24,"__columns__, __recording_keys__, CrossArms__LeftWrist, CrossArms__RightWrist, DrinkGlas__LeftWrist, DrinkGlas__RightWrist, Entrainment__LeftWrist, Entrainment__RightWrist, HoldWeight__LeftWrist, HoldWeight__RightWrist, LiftHold__LeftWrist, LiftHold__RightWrist, PointFinger__LeftWrist, PointFinger__RightWrist, Relaxed__LeftWrist, Relaxed__RightWrist, RelaxedTask__LeftWrist, RelaxedTask__RightWrist, StretchHold__LeftWrist, StretchHold__RightWrist, TouchIndex__LeftWrist, TouchIndex__RightWrist, TouchNose__LeftWrist, TouchNose__RightWrist"
335,24,"__columns__, __recording_keys__, CrossArms__LeftWrist, CrossArms__RightWrist, DrinkGlas__LeftWrist, DrinkGlas__RightWrist, Entrainment__LeftWrist, Entrainment__RightWrist, HoldWeight__LeftWrist, HoldWeight__RightWrist, LiftHold__LeftWrist, LiftHold__RightWrist, PointFinger__LeftWrist, PointFinger__RightWrist, Relaxed__LeftWrist, Relaxed__RightWrist, RelaxedTask__LeftWrist, RelaxedTask__RightWrist, StretchHold__LeftWrist, StretchHold__RightWrist, TouchIndex__LeftWrist, TouchIndex__RightWrist, TouchNose__LeftWrist, TouchNose__RightWrist"
336,24,"__columns__, __recording_keys__, CrossArms__LeftWrist, CrossArms__RightWrist, DrinkGlas__LeftWrist, DrinkGlas__RightWrist, Entrainment__LeftWrist, Entrainment__RightWrist, HoldWeight__LeftWrist, HoldWeight__RightWrist, LiftHold__LeftWrist, LiftHold__RightWrist, PointFinger__LeftWrist, PointFinger__RightWrist, Relaxed__LeftWrist, Relaxed__RightWrist, RelaxedTask__LeftWrist, RelaxedTask__RightWrist, StretchHold__LeftWrist, StretchHold__RightWrist, TouchIndex__LeftWrist, TouchIndex__RightWrist, TouchNose__LeftWrist, TouchNose__RightWrist"
337,24,"__columns__, __recording_keys__, CrossArms__LeftWrist, CrossArms__RightWrist, DrinkGlas__LeftWrist, DrinkGlas__RightWrist, Entrainment__LeftWrist, Entrainment__RightWrist, HoldWeight__LeftWrist, HoldWeight__RightWrist, LiftHold__LeftWrist, LiftHold__RightWrist, PointFinger__LeftWrist, PointFinger__RightWrist, Relaxed__LeftWrist, Relaxed__RightWrist, RelaxedTask__LeftWrist, RelaxedTask__RightWrist, StretchHold__LeftWrist, StretchHold__RightWrist, TouchIndex__LeftWrist, TouchIndex__RightWrist, TouchNose__LeftWrist, TouchNose__RightWrist"
338,24,"__columns__, __recording_keys__, CrossArms__LeftWrist, CrossArms__RightWrist, DrinkGlas__LeftWrist, DrinkGlas__RightWrist, Entrainment__LeftWrist, Entrainment__RightWrist, HoldWeight__LeftWrist, HoldWeight__RightWrist, LiftHold__LeftWrist, LiftHold__RightWrist, PointFinger__LeftWrist, PointFinger__RightWrist, Relaxed__LeftWrist, Relaxed__RightWrist, RelaxedTask__LeftWrist, RelaxedTask__RightWrist, StretchHold__LeftWrist, StretchHold__RightWrist, TouchIndex__LeftWrist, TouchIndex__RightWrist, TouchNose__LeftWrist, TouchNose__RightWrist"
339,24,"__columns__, __recording_keys__, CrossArms__LeftWrist, CrossArms__RightWrist, DrinkGlas__LeftWrist, DrinkGlas__RightWrist, Entrainment__LeftWrist, Entrainment__RightWrist, HoldWeight__LeftWrist, HoldWeight__RightWrist, LiftHold__LeftWrist, LiftHold__RightWrist, PointFinger__LeftWrist, PointFinger__RightWrist, Relaxed__LeftWrist, Relaxed__RightWrist, RelaxedTask__LeftWrist, RelaxedTask__RightWrist, StretchHold__LeftWrist, StretchHold__RightWrist, TouchIndex__LeftWrist, TouchIndex__RightWrist, TouchNose__LeftWrist, TouchNose__RightWrist"
340,24,"__columns__, __recording_keys__, CrossArms__LeftWrist, CrossArms__RightWrist, DrinkGlas__LeftWrist, DrinkGlas__RightWrist, Entrainment__LeftWrist, Entrainment__RightWrist, HoldWeight__LeftWrist, HoldWeight__RightWrist, LiftHold__LeftWrist, LiftHold__RightWrist, PointFinger__LeftWrist, PointFinger__RightWrist, Relaxed__LeftWrist, Relaxed__RightWrist, RelaxedTask__LeftWrist, RelaxedTask__RightWrist, StretchHold__LeftWrist, StretchHold__RightWrist, TouchIndex__LeftWrist, TouchIndex__RightWrist, TouchNose__LeftWrist, TouchNose__RightWrist"
341,24,"__columns__, __recording_keys__, CrossArms__LeftWrist, CrossArms__RightWrist, DrinkGlas__LeftWrist, DrinkGlas__RightWrist, Entrainment__LeftWrist, Entrainment__RightWrist, HoldWeight__LeftWrist, HoldWeight__RightWrist, LiftHold__LeftWrist, LiftHold__RightWrist, PointFinger__LeftWrist, PointFinger__RightWrist, Relaxed__LeftWrist, Relaxed__RightWrist, RelaxedTask__LeftWrist, RelaxedTask__RightWrist, StretchHold__LeftWrist, StretchHold__RightWrist, TouchIndex__LeftWrist, TouchIndex__RightWrist, TouchNose__LeftWrist, TouchNose__RightWrist"
342,24,"__columns__, __recording_keys__, CrossArms__LeftWrist, CrossArms__RightWrist, DrinkGlas__LeftWrist, DrinkGlas__RightWrist, Entrainment__LeftWrist, Entrainment__RightWrist, HoldWeight__LeftWrist, HoldWeight__RightWrist, LiftHold__LeftWrist, LiftHold__RightWrist, PointFinger__LeftWrist, PointFinger__RightWrist, Relaxed__LeftWrist, Relaxed__RightWrist, RelaxedTask__LeftWrist, RelaxedTask__RightWrist, StretchHold__LeftWrist, StretchHold__RightWrist, TouchIndex__LeftWrist, TouchIndex__RightWrist, TouchNose__LeftWrist, TouchNose__RightWrist"
343,24,"__columns__, __recording_keys__, CrossArms__LeftWrist, CrossArms__RightWrist, DrinkGlas__LeftWrist, DrinkGlas__RightWrist, Entrainment__LeftWrist, Entrainment__RightWrist, HoldWeight__LeftWrist, HoldWeight__RightWrist, LiftHold__LeftWrist, LiftHold__RightWrist, PointFinger__LeftWrist, PointFinger__RightWrist, Relaxed__LeftWrist, Relaxed__RightWrist, RelaxedTask__LeftWrist, RelaxedTask__RightWrist, StretchHold__LeftWrist, StretchHold__RightWrist, TouchIndex__LeftWrist, TouchIndex__RightWrist, TouchNose__LeftWrist, TouchNose__RightWrist"
344,24,"__columns__, __recording_keys__, CrossArms__LeftWrist, CrossArms__RightWrist, DrinkGlas__LeftWrist, DrinkGlas__RightWrist, Entrainment__LeftWrist, Entrainment__RightWrist, HoldWeight__LeftWrist, HoldWeight__RightWrist, LiftHold__LeftWrist, LiftHold__RightWrist, PointFinger__LeftWrist, PointFinger__RightWrist, Relaxed__LeftWrist, Relaxed__RightWrist, RelaxedTask__LeftWrist, RelaxedTask__RightWrist, StretchHold__LeftWrist, StretchHold__RightWrist, TouchIndex__LeftWrist, TouchIndex__RightWrist, TouchNose__LeftWrist, TouchNose__RightWrist"
345,24,"__columns__, __recording_keys__, CrossArms__LeftWrist, CrossArms__RightWrist, DrinkGlas__LeftWrist, DrinkGlas__RightWrist, Entrainment__LeftWrist, Entrainment__RightWrist, HoldWeight__LeftWrist, HoldWeight__RightWrist, LiftHold__LeftWrist, LiftHold__RightWrist, PointFinger__LeftWrist, PointFinger__RightWrist, Relaxed__LeftWrist, Relaxed__RightWrist, RelaxedTask__LeftWrist, RelaxedTask__RightWrist, StretchHold__LeftWrist, StretchHold__RightWrist, TouchIndex__LeftWrist, TouchIndex__RightWrist, TouchNose__LeftWrist, TouchNose__RightWrist"
346,24,"__columns__, __recording_keys__, CrossArms__LeftWrist, CrossArms__RightWrist, DrinkGlas__LeftWrist, DrinkGlas__RightWrist, Entrainment__LeftWrist, Entrainment__RightWrist, HoldWeight__LeftWrist, HoldWeight__RightWrist, LiftHold__LeftWrist, LiftHold__RightWrist, PointFinger__LeftWrist, PointFinger__RightWrist, Relaxed__LeftWrist, Relaxed__RightWrist, RelaxedTask__LeftWrist, RelaxedTask__RightWrist, StretchHold__LeftWrist, StretchHold__RightWrist, TouchIndex__LeftWrist, TouchIndex__RightWrist, TouchNose__LeftWrist, TouchNose__RightWrist"
347,24,"__columns__, __recording_keys__, CrossArms__LeftWrist, CrossArms__RightWrist, DrinkGlas__LeftWrist, DrinkGlas__RightWrist, Entrainment__LeftWrist, Entrainment__RightWrist, HoldWeight__LeftWrist, HoldWeight__RightWrist, LiftHold__LeftWrist, LiftHold__RightWrist, PointFinger__LeftWrist, PointFinger__RightWrist, Relaxed__LeftWrist, Relaxed__RightWrist, RelaxedTask__LeftWrist, RelaxedTask__RightWrist, StretchHold__LeftWrist, StretchHold__RightWrist, TouchIndex__LeftWrist, TouchIndex__RightWrist, TouchNose__LeftWrist, TouchNose__RightWrist"
348,24,"__columns__, __recording_keys__, CrossArms__LeftWrist, CrossArms__RightWrist, DrinkGlas__LeftWrist, DrinkGlas__RightWrist, Entrainment__LeftWrist, Entrainment__RightWrist, HoldWeight__LeftWrist, HoldWeight__RightWrist, LiftHold__LeftWrist, LiftHold__RightWrist, PointFinger__LeftWrist, PointFinger__RightWrist, Relaxed__LeftWrist, Relaxed__RightWrist, RelaxedTask__LeftWrist, RelaxedTask__RightWrist, StretchHold__LeftWrist, StretchHold__RightWrist, TouchIndex__LeftWrist, TouchIndex__RightWrist, TouchNose__LeftWrist, TouchNose__RightWrist"
349,24,"__columns__, __recording_keys__, CrossArms__LeftWrist, CrossArms__RightWrist, DrinkGlas__LeftWrist, DrinkGlas__RightWrist, Entrainment__LeftWrist, Entrainment__RightWrist, HoldWeight__LeftWrist, HoldWeight__RightWrist, LiftHold__LeftWrist, LiftHold__RightWrist, PointFinger__LeftWrist, PointFinger__RightWrist, Relaxed__LeftWrist, Relaxed__RightWrist, RelaxedTask__LeftWrist, RelaxedTask__RightWrist, StretchHold__LeftWrist, StretchHold__RightWrist, TouchIndex__LeftWrist, TouchIndex__RightWrist, TouchNose__LeftWrist, TouchNose__RightWrist"
350,24,"__columns__, __recording_keys__, CrossArms__LeftWrist, CrossArms__RightWrist, DrinkGlas__LeftWrist, DrinkGlas__RightWrist, Entrainment__LeftWrist, Entrainment__RightWrist, HoldWeight__LeftWrist, HoldWeight__RightWrist, LiftHold__LeftWrist, LiftHold__RightWrist, PointFinger__LeftWrist, PointFinger__RightWrist, Relaxed__LeftWrist, Relaxed__RightWrist, RelaxedTask__LeftWrist, RelaxedTask__RightWrist, StretchHold__LeftWrist, StretchHold__RightWrist, TouchIndex__LeftWrist, TouchIndex__RightWrist, TouchNose__LeftWrist, TouchNose__RightWrist"
351,24,"__columns__, __recording_keys__, CrossArms__LeftWrist, CrossArms__RightWrist, DrinkGlas__LeftWrist, DrinkGlas__RightWrist, Entrainment__LeftWrist, Entrainment__RightWrist, HoldWeight__LeftWrist, HoldWeight__RightWrist, LiftHold__LeftWrist, LiftHold__RightWrist, PointFinger__LeftWrist, PointFinger__RightWrist, Relaxed__LeftWrist, Relaxed__RightWrist, RelaxedTask__LeftWrist, RelaxedTask__RightWrist, StretchHold__LeftWrist, StretchHold__RightWrist, TouchIndex__LeftWrist, TouchIndex__RightWrist, TouchNose__LeftWrist, TouchNose__RightWrist"
352,24,"__columns__, __recording_keys__, CrossArms__LeftWrist, CrossArms__RightWrist, DrinkGlas__LeftWrist, DrinkGlas__RightWrist, Entrainment__LeftWrist, Entrainment__RightWrist, HoldWeight__LeftWrist, HoldWeight__RightWrist, LiftHold__LeftWrist, LiftHold__RightWrist, PointFinger__LeftWrist, PointFinger__RightWrist, Relaxed__LeftWrist, Relaxed__RightWrist, RelaxedTask__LeftWrist, RelaxedTask__RightWrist, StretchHold__LeftWrist, StretchHold__RightWrist, TouchIndex__LeftWrist, TouchIndex__RightWrist, TouchNose__LeftWrist, TouchNose__RightWrist"
353,24,"__columns__, __recording_keys__, CrossArms__LeftWrist, CrossArms__RightWrist, DrinkGlas__LeftWrist, DrinkGlas__RightWrist, Entrainment__LeftWrist, Entrainment__RightWrist, HoldWeight__LeftWrist, HoldWeight__RightWrist, LiftHold__LeftWrist, LiftHold__RightWrist, PointFinger__LeftWrist, PointFinger__RightWrist, Relaxed__LeftWrist, Relaxed__RightWrist, RelaxedTask__LeftWrist, RelaxedTask__RightWrist, StretchHold__LeftWrist, StretchHold__RightWrist, TouchIndex__LeftWrist, TouchIndex__RightWrist, TouchNose__LeftWrist, TouchNose__RightWrist"
354,24,"__columns__, __recording_keys__, CrossArms__LeftWrist, CrossArms__RightWrist, DrinkGlas__LeftWrist, DrinkGlas__RightWrist, Entrainment__LeftWrist, Entrainment__RightWrist, HoldWeight__LeftWrist, HoldWeight__RightWrist, LiftHold__LeftWrist, LiftHold__RightWrist, PointFinger__LeftWrist, PointFinger__RightWrist, Relaxed__LeftWrist, Relaxed__RightWrist, RelaxedTask__LeftWrist, RelaxedTask__RightWrist, StretchHold__LeftWrist, StretchHold__RightWrist, TouchIndex__LeftWrist, TouchIndex__RightWrist, TouchNose__LeftWrist, TouchNose__RightWrist"
355,24,"__columns__, __recording_keys__, CrossArms__LeftWrist, CrossArms__RightWrist, DrinkGlas__LeftWrist, DrinkGlas__RightWrist, Entrainment__LeftWrist, Entrainment__RightWrist, HoldWeight__LeftWrist, HoldWeight__RightWrist, LiftHold__LeftWrist, LiftHold__RightWrist, PointFinger__LeftWrist, PointFinger__RightWrist, Relaxed__LeftWrist, Relaxed__RightWrist, RelaxedTask__LeftWrist, RelaxedTask__RightWrist, StretchHold__LeftWrist, StretchHold__RightWrist, TouchIndex__LeftWrist, TouchIndex__RightWrist, TouchNose__LeftWrist, TouchNose__RightWrist"
356,24,"__columns__, __recording_keys__, CrossArms__LeftWrist, CrossArms__RightWrist, DrinkGlas__LeftWrist, DrinkGlas__RightWrist, Entrainment__LeftWrist, Entrainment__RightWrist, HoldWeight__LeftWrist, HoldWeight__RightWrist, LiftHold__LeftWrist, LiftHold__RightWrist, PointFinger__LeftWrist, PointFinger__RightWrist, Relaxed__LeftWrist, Relaxed__RightWrist, RelaxedTask__LeftWrist, RelaxedTask__RightWrist, StretchHold__LeftWrist, StretchHold__RightWrist, TouchIndex__LeftWrist, TouchIndex__RightWrist, TouchNose__LeftWrist, TouchNose__RightWrist"
357,24,"__columns__, __recording_keys__, CrossArms__LeftWrist, CrossArms__RightWrist, DrinkGlas__LeftWrist, DrinkGlas__RightWrist, Entrainment__LeftWrist, Entrainment__RightWrist, HoldWeight__LeftWrist, HoldWeight__RightWrist, LiftHold__LeftWrist, LiftHold__RightWrist, PointFinger__LeftWrist, PointFinger__RightWrist, Relaxed__LeftWrist, Relaxed__RightWrist, RelaxedTask__LeftWrist, RelaxedTask__RightWrist, StretchHold__LeftWrist, StretchHold__RightWrist, TouchIndex__LeftWrist, TouchIndex__RightWrist, TouchNose__LeftWrist, TouchNose__RightWrist"
358,24,"__columns__, __recording_keys__, CrossArms__LeftWrist, CrossArms__RightWrist, DrinkGlas__LeftWrist, DrinkGlas__RightWrist, Entrainment__LeftWrist, Entrainment__RightWrist, HoldWeight__LeftWrist, HoldWeight__RightWrist, LiftHold__LeftWrist, LiftHold__RightWrist, PointFinger__LeftWrist, PointFinger__RightWrist, Relaxed__LeftWrist, Relaxed__RightWrist, RelaxedTask__LeftWrist, RelaxedTask__RightWrist, StretchHold__LeftWrist, StretchHold__RightWrist, TouchIndex__LeftWrist, TouchIndex__RightWrist, TouchNose__LeftWrist, TouchNose__RightWrist"
359,24,"__columns__, __recording_keys__, CrossArms__LeftWrist, CrossArms__RightWrist, DrinkGlas__LeftWrist, DrinkGlas__RightWrist, Entrainment__LeftWrist, Entrainment__RightWrist, HoldWeight__LeftWrist, HoldWeight__RightWrist, LiftHold__LeftWrist, LiftHold__RightWrist, PointFinger__LeftWrist, PointFinger__RightWrist, Relaxed__LeftWrist, Relaxed__RightWrist, RelaxedTask__LeftWrist, RelaxedTask__RightWrist, StretchHold__LeftWrist, StretchHold__RightWrist, TouchIndex__LeftWrist, TouchIndex__RightWrist, TouchNose__LeftWrist, TouchNose__RightWrist"
360,24,"__columns__, __recording_keys__, CrossArms__LeftWrist, CrossArms__RightWrist, DrinkGlas__LeftWrist, DrinkGlas__RightWrist, Entrainment__LeftWrist, Entrainment__RightWrist, HoldWeight__LeftWrist, HoldWeight__RightWrist, LiftHold__LeftWrist, LiftHold__RightWrist, PointFinger__LeftWrist, PointFinger__RightWrist, Relaxed__LeftWrist, Relaxed__RightWrist, RelaxedTask__LeftWrist, RelaxedTask__RightWrist, StretchHold__LeftWrist, StretchHold__RightWrist, TouchIndex__LeftWrist, TouchIndex__RightWrist, TouchNose__LeftWrist, TouchNose__RightWrist"
361,24,"__columns__, __recording_keys__, CrossArms__LeftWrist, CrossArms__RightWrist, DrinkGlas__LeftWrist, DrinkGlas__RightWrist, Entrainment__LeftWrist, Entrainment__RightWrist, HoldWeight__LeftWrist, HoldWeight__RightWrist, LiftHold__LeftWrist, LiftHold__RightWrist, PointFinger__LeftWrist, PointFinger__RightWrist, Relaxed__LeftWrist, Relaxed__RightWrist, RelaxedTask__LeftWrist, RelaxedTask__RightWrist, StretchHold__LeftWrist, StretchHold__RightWrist, TouchIndex__LeftWrist, TouchIndex__RightWrist, TouchNose__LeftWrist, TouchNose__RightWrist"
362,24,"__columns__, __recording_keys__, CrossArms__LeftWrist, CrossArms__RightWrist, DrinkGlas__LeftWrist, DrinkGlas__RightWrist, Entrainment__LeftWrist, Entrainment__RightWrist, HoldWeight__LeftWrist, HoldWeight__RightWrist, LiftHold__LeftWrist, LiftHold__RightWrist, PointFinger__LeftWrist, PointFinger__RightWrist, Relaxed__LeftWrist, Relaxed__RightWrist, RelaxedTask__LeftWrist, RelaxedTask__RightWrist, StretchHold__LeftWrist, StretchHold__RightWrist, TouchIndex__LeftWrist, TouchIndex__RightWrist, TouchNose__LeftWrist, TouchNose__RightWrist"
363,24,"__columns__, __recording_keys__, CrossArms__LeftWrist, CrossArms__RightWrist, DrinkGlas__LeftWrist, DrinkGlas__RightWrist, Entrainment__LeftWrist, Entrainment__RightWrist, HoldWeight__LeftWrist, HoldWeight__RightWrist, LiftHold__LeftWrist, LiftHold__RightWrist, PointFinger__LeftWrist, PointFinger__RightWrist, Relaxed__LeftWrist, Relaxed__RightWrist, RelaxedTask__LeftWrist, RelaxedTask__RightWrist, StretchHold__LeftWrist, StretchHold__RightWrist, TouchIndex__LeftWrist, TouchIndex__RightWrist, TouchNose__LeftWrist, TouchNose__RightWrist"
364,24,"__columns__, __recording_keys__, CrossArms__LeftWrist, CrossArms__RightWrist, DrinkGlas__LeftWrist, DrinkGlas__RightWrist, Entrainment__LeftWrist, Entrainment__RightWrist, HoldWeight__LeftWrist, HoldWeight__RightWrist, LiftHold__LeftWrist, LiftHold__RightWrist, PointFinger__LeftWrist, PointFinger__RightWrist, Relaxed__LeftWrist, Relaxed__RightWrist, RelaxedTask__LeftWrist, RelaxedTask__RightWrist, StretchHold__LeftWrist, StretchHold__RightWrist, TouchIndex__LeftWrist, TouchIndex__RightWrist, TouchNose__LeftWrist, TouchNose__RightWrist"
365,24,"__columns__, __recording_keys__, CrossArms__LeftWrist, CrossArms__RightWrist, DrinkGlas__LeftWrist, DrinkGlas__RightWrist, Entrainment__LeftWrist, Entrainment__RightWrist, HoldWeight__LeftWrist, HoldWeight__RightWrist, LiftHold__LeftWrist, LiftHold__RightWrist, PointFinger__LeftWrist, PointFinger__RightWrist, Relaxed__LeftWrist, Relaxed__RightWrist, RelaxedTask__LeftWrist, RelaxedTask__RightWrist, StretchHold__LeftWrist, StretchHold__RightWrist, TouchIndex__LeftWrist, TouchIndex__RightWrist, TouchNose__LeftWrist, TouchNose__RightWrist"
366,24,"__columns__, __recording_keys__, CrossArms__LeftWrist, CrossArms__RightWrist, DrinkGlas__LeftWrist, DrinkGlas__RightWrist, Entrainment__LeftWrist, Entrainment__RightWrist, HoldWeight__LeftWrist, HoldWeight__RightWrist, LiftHold__LeftWrist, LiftHold__RightWrist, PointFinger__LeftWrist, PointFinger__RightWrist, Relaxed__LeftWrist, Relaxed__RightWrist, RelaxedTask__LeftWrist, RelaxedTask__RightWrist, StretchHold__LeftWrist, StretchHold__RightWrist, TouchIndex__LeftWrist, TouchIndex__RightWrist, TouchNose__LeftWrist, TouchNose__RightWrist"
367,24,"__columns__, __recording_keys__, CrossArms__LeftWrist, CrossArms__RightWrist, DrinkGlas__LeftWrist, DrinkGlas__RightWrist, Entrainment__LeftWrist, Entrainment__RightWrist, HoldWeight__LeftWrist, HoldWeight__RightWrist, LiftHold__LeftWrist, LiftHold__RightWrist, PointFinger__LeftWrist, PointFinger__RightWrist, Relaxed__LeftWrist, Relaxed__RightWrist, RelaxedTask__LeftWrist, RelaxedTask__RightWrist, StretchHold__LeftWrist, StretchHold__RightWrist, TouchIndex__LeftWrist, TouchIndex__RightWrist, TouchNose__LeftWrist, TouchNose__RightWrist"
368,24,"__columns__, __recording_keys__, CrossArms__LeftWrist, CrossArms__RightWrist, DrinkGlas__LeftWrist, DrinkGlas__RightWrist, Entrainment__LeftWrist, Entrainment__RightWrist, HoldWeight__LeftWrist, HoldWeight__RightWrist, LiftHold__LeftWrist, LiftHold__RightWrist, PointFinger__LeftWrist, PointFinger__RightWrist, Relaxed__LeftWrist, Relaxed__RightWrist, RelaxedTask__LeftWrist, RelaxedTask__RightWrist, StretchHold__LeftWrist, StretchHold__RightWrist, TouchIndex__LeftWrist, TouchIndex__RightWrist, TouchNose__LeftWrist, TouchNose__RightWrist"
369,24,"__columns__, __recording_keys__, CrossArms__LeftWrist, CrossArms__RightWrist, DrinkGlas__LeftWrist, DrinkGlas__RightWrist, Entrainment__LeftWrist, Entrainment__RightWrist, HoldWeight__LeftWrist, HoldWeight__RightWrist, LiftHold__LeftWrist, LiftHold__RightWrist, PointFinger__LeftWrist, PointFinger__RightWrist, Relaxed__LeftWrist, Relaxed__RightWrist, RelaxedTask__LeftWrist, RelaxedTask__RightWrist, StretchHold__LeftWrist, StretchHold__RightWrist, TouchIndex__LeftWrist, TouchIndex__RightWrist, TouchNose__LeftWrist, TouchNose__RightWrist"
370,24,"__columns__, __recording_keys__, CrossArms__LeftWrist, CrossArms__RightWrist, DrinkGlas__LeftWrist, DrinkGlas__RightWrist, Entrainment__LeftWrist, Entrainment__RightWrist, HoldWeight__LeftWrist, HoldWeight__RightWrist, LiftHold__LeftWrist, LiftHold__RightWrist, PointFinger__LeftWrist, PointFinger__RightWrist, Relaxed__LeftWrist, Relaxed__RightWrist, RelaxedTask__LeftWrist, RelaxedTask__RightWrist, StretchHold__LeftWrist, StretchHold__RightWrist, TouchIndex__LeftWrist, TouchIndex__RightWrist, TouchNose__LeftWrist, TouchNose__RightWrist"
371,24,"__columns__, __recording_keys__, CrossArms__LeftWrist, CrossArms__RightWrist, DrinkGlas__LeftWrist, DrinkGlas__RightWrist, Entrainment__LeftWrist, Entrainment__RightWrist, HoldWeight__LeftWrist, HoldWeight__RightWrist, LiftHold__LeftWrist, LiftHold__RightWrist, PointFinger__LeftWrist, PointFinger__RightWrist, Relaxed__LeftWrist, Relaxed__RightWrist, RelaxedTask__LeftWrist, RelaxedTask__RightWrist, StretchHold__LeftWrist, StretchHold__RightWrist, TouchIndex__LeftWrist, TouchIndex__RightWrist, TouchNose__LeftWrist, TouchNose__RightWrist"
372,24,"__columns__, __recording_keys__, CrossArms__LeftWrist, CrossArms__RightWrist, DrinkGlas__LeftWrist, DrinkGlas__RightWrist, Entrainment__LeftWrist, Entrainment__RightWrist, HoldWeight__LeftWrist, HoldWeight__RightWrist, LiftHold__LeftWrist, LiftHold__RightWrist, PointFinger__LeftWrist, PointFinger__RightWrist, Relaxed__LeftWrist, Relaxed__RightWrist, RelaxedTask__LeftWrist, RelaxedTask__RightWrist, StretchHold__LeftWrist, StretchHold__RightWrist, TouchIndex__LeftWrist, TouchIndex__RightWrist, TouchNose__LeftWrist, TouchNose__RightWrist"
373,24,"__columns__, __recording_keys__, CrossArms__LeftWrist, CrossArms__RightWrist, DrinkGlas__LeftWrist, DrinkGlas__RightWrist, Entrainment__LeftWrist, Entrainment__RightWrist, HoldWeight__LeftWrist, HoldWeight__RightWrist, LiftHold__LeftWrist, LiftHold__RightWrist, PointFinger__LeftWrist, PointFinger__RightWrist, Relaxed__LeftWrist, Relaxed__RightWrist, RelaxedTask__LeftWrist, RelaxedTask__RightWrist, StretchHold__LeftWrist, StretchHold__RightWrist, TouchIndex__LeftWrist, TouchIndex__RightWrist, TouchNose__LeftWrist, TouchNose__RightWrist"
374,24,"__columns__, __recording_keys__, CrossArms__LeftWrist, CrossArms__RightWrist, DrinkGlas__LeftWrist, DrinkGlas__RightWrist, Entrainment__LeftWrist, Entrainment__RightWrist, HoldWeight__LeftWrist, HoldWeight__RightWrist, LiftHold__LeftWrist, LiftHold__RightWrist, PointFinger__LeftWrist, PointFinger__RightWrist, Relaxed__LeftWrist, Relaxed__RightWrist, RelaxedTask__LeftWrist, RelaxedTask__RightWrist, StretchHold__LeftWrist, StretchHold__RightWrist, TouchIndex__LeftWrist, TouchIndex__RightWrist, TouchNose__LeftWrist, TouchNose__RightWrist"
375,24,"__columns__, __recording_keys__, CrossArms__LeftWrist, CrossArms__RightWrist, DrinkGlas__LeftWrist, DrinkGlas__RightWrist, Entrainment__LeftWrist, Entrainment__RightWrist, HoldWeight__LeftWrist, HoldWeight__RightWrist, LiftHold__LeftWrist, LiftHold__RightWrist, PointFinger__LeftWrist, PointFinger__RightWrist, Relaxed__LeftWrist, Relaxed__RightWrist, RelaxedTask__LeftWrist, RelaxedTask__RightWrist, StretchHold__LeftWrist, StretchHold__RightWrist, TouchIndex__LeftWrist, TouchIndex__RightWrist, TouchNose__LeftWrist, TouchNose__RightWrist"
376,24,"__columns__, __recording_keys__, CrossArms__LeftWrist, CrossArms__RightWrist, DrinkGlas__LeftWrist, DrinkGlas__RightWrist, Entrainment__LeftWrist, Entrainment__RightWrist, HoldWeight__LeftWrist, HoldWeight__RightWrist, LiftHold__LeftWrist, LiftHold__RightWrist, PointFinger__LeftWrist, PointFinger__RightWrist, Relaxed__LeftWrist, Relaxed__RightWrist, RelaxedTask__LeftWrist, RelaxedTask__RightWrist, StretchHold__LeftWrist, StretchHold__RightWrist, TouchIndex__LeftWrist, TouchIndex__RightWrist, TouchNose__LeftWrist, TouchNose__RightWrist"
377,24,"__columns__, __recording_keys__, CrossArms__LeftWrist, CrossArms__RightWrist, DrinkGlas__LeftWrist, DrinkGlas__RightWrist, Entrainment__LeftWrist, Entrainment__RightWrist, HoldWeight__LeftWrist, HoldWeight__RightWrist, LiftHold__LeftWrist, LiftHold__RightWrist, PointFinger__LeftWrist, PointFinger__RightWrist, Relaxed__LeftWrist, Relaxed__RightWrist, RelaxedTask__LeftWrist, RelaxedTask__RightWrist, StretchHold__LeftWrist, StretchHold__RightWrist, TouchIndex__LeftWrist, TouchIndex__RightWrist, TouchNose__LeftWrist, TouchNose__RightWrist"
378,24,"__columns__, __recording_keys__, CrossArms__LeftWrist, CrossArms__RightWrist, DrinkGlas__LeftWrist, DrinkGlas__RightWrist, Entrainment__LeftWrist, Entrainment__RightWrist, HoldWeight__LeftWrist, HoldWeight__RightWrist, LiftHold__LeftWrist, LiftHold__RightWrist, PointFinger__LeftWrist, PointFinger__RightWrist, Relaxed__LeftWrist, Relaxed__RightWrist, RelaxedTask__LeftWrist, RelaxedTask__RightWrist, StretchHold__LeftWrist, StretchHold__RightWrist, TouchIndex__LeftWrist, TouchIndex__RightWrist, TouchNose__LeftWrist, TouchNose__RightWrist"
379,24,"__columns__, __recording_keys__, CrossArms__LeftWrist, CrossArms__RightWrist, DrinkGlas__LeftWrist, DrinkGlas__RightWrist, Entrainment__LeftWrist, Entrainment__RightWrist, HoldWeight__LeftWrist, HoldWeight__RightWrist, LiftHold__LeftWrist, LiftHold__RightWrist, PointFinger__LeftWrist, PointFinger__RightWrist, Relaxed__LeftWrist, Relaxed__RightWrist, RelaxedTask__LeftWrist, RelaxedTask__RightWrist, StretchHold__LeftWrist, StretchHold__RightWrist, TouchIndex__LeftWrist, TouchIndex__RightWrist, TouchNose__LeftWrist, TouchNose__RightWrist"
380,24,"__columns__, __recording_keys__, CrossArms__LeftWrist, CrossArms__RightWrist, DrinkGlas__LeftWrist, DrinkGlas__RightWrist, Entrainment__LeftWrist, Entrainment__RightWrist, HoldWeight__LeftWrist, HoldWeight__RightWrist, LiftHold__LeftWrist, LiftHold__RightWrist, PointFinger__LeftWrist, PointFinger__RightWrist, Relaxed__LeftWrist, Relaxed__RightWrist, RelaxedTask__LeftWrist, RelaxedTask__RightWrist, StretchHold__LeftWrist, StretchHold__RightWrist, TouchIndex__LeftWrist, TouchIndex__RightWrist, TouchNose__LeftWrist, TouchNose__RightWrist"
381,24,"__columns__, __recording_keys__, CrossArms__LeftWrist, CrossArms__RightWrist, DrinkGlas__LeftWrist, DrinkGlas__RightWrist, Entrainment__LeftWrist, Entrainment__RightWrist, HoldWeight__LeftWrist, HoldWeight__RightWrist, LiftHold__LeftWrist, LiftHold__RightWrist, PointFinger__LeftWrist, PointFinger__RightWrist, Relaxed__LeftWrist, Relaxed__RightWrist, RelaxedTask__LeftWrist, RelaxedTask__RightWrist, StretchHold__LeftWrist, StretchHold__RightWrist, TouchIndex__LeftWrist, TouchIndex__RightWrist, TouchNose__LeftWrist, TouchNose__RightWrist"
382,24,"__columns__, __recording_keys__, CrossArms__LeftWrist, CrossArms__RightWrist, DrinkGlas__LeftWrist, DrinkGlas__RightWrist, Entrainment__LeftWrist, Entrainment__RightWrist, HoldWeight__LeftWrist, HoldWeight__RightWrist, LiftHold__LeftWrist, LiftHold__RightWrist, PointFinger__LeftWrist, PointFinger__RightWrist, Relaxed__LeftWrist, Relaxed__RightWrist, RelaxedTask__LeftWrist, RelaxedTask__RightWrist, StretchHold__LeftWrist, StretchHold__RightWrist, TouchIndex__LeftWrist, TouchIndex__RightWrist, TouchNose__LeftWrist, TouchNose__RightWrist"
383,24,"__columns__, __recording_keys__, CrossArms__LeftWrist, CrossArms__RightWrist, DrinkGlas__LeftWrist, DrinkGlas__RightWrist, Entrainment__LeftWrist, Entrainment__RightWrist, HoldWeight__LeftWrist, HoldWeight__RightWrist, LiftHold__LeftWrist, LiftHold__RightWrist, PointFinger__LeftWrist, PointFinger__RightWrist, Relaxed__LeftWrist, Relaxed__RightWrist, RelaxedTask__LeftWrist, RelaxedTask__RightWrist, StretchHold__LeftWrist, StretchHold__RightWrist, TouchIndex__LeftWrist, TouchIndex__RightWrist, TouchNose__LeftWrist, TouchNose__RightWrist"
384,24,"__columns__, __recording_keys__, CrossArms__LeftWrist, CrossArms__RightWrist, DrinkGlas__LeftWrist, DrinkGlas__RightWrist, Entrainment__LeftWrist, Entrainment__RightWrist, HoldWeight__LeftWrist, HoldWeight__RightWrist, LiftHold__LeftWrist, LiftHold__RightWrist, PointFinger__LeftWrist, PointFinger__RightWrist, Relaxed__LeftWrist, Relaxed__RightWrist, RelaxedTask__LeftWrist, RelaxedTask__RightWrist, StretchHold__LeftWrist, StretchHold__RightWrist, TouchIndex__LeftWrist, TouchIndex__RightWrist, TouchNose__LeftWrist, TouchNose__RightWrist"
385,24,"__columns__, __recording_keys__, CrossArms__LeftWrist, CrossArms__RightWrist, DrinkGlas__LeftWrist, DrinkGlas__RightWrist, Entrainment__LeftWrist, Entrainment__RightWrist, HoldWeight__LeftWrist, HoldWeight__RightWrist, LiftHold__LeftWrist, LiftHold__RightWrist, PointFinger__LeftWrist, PointFinger__RightWrist, Relaxed__LeftWrist, Relaxed__RightWrist, RelaxedTask__LeftWrist, RelaxedTask__RightWrist, StretchHold__LeftWrist, StretchHold__RightWrist, TouchIndex__LeftWrist, TouchIndex__RightWrist, TouchNose__LeftWrist, TouchNose__RightWrist"
386,24,"__columns__, __recording_keys__, CrossArms__LeftWrist, CrossArms__RightWrist, DrinkGlas__LeftWrist, DrinkGlas__RightWrist, Entrainment__LeftWrist, Entrainment__RightWrist, HoldWeight__LeftWrist, HoldWeight__RightWrist, LiftHold__LeftWrist, LiftHold__RightWrist, PointFinger__LeftWrist, PointFinger__RightWrist, Relaxed__LeftWrist, Relaxed__RightWrist, RelaxedTask__LeftWrist, RelaxedTask__RightWrist, StretchHold__LeftWrist, StretchHold__RightWrist, TouchIndex__LeftWrist, TouchIndex__RightWrist, TouchNose__LeftWrist, TouchNose__RightWrist"
387,24,"__columns__, __recording_keys__, CrossArms__LeftWrist, CrossArms__RightWrist, DrinkGlas__LeftWrist, DrinkGlas__RightWrist, Entrainment__LeftWrist, Entrainment__RightWrist, HoldWeight__LeftWrist, HoldWeight__RightWrist, LiftHold__LeftWrist, LiftHold__RightWrist, PointFinger__LeftWrist, PointFinger__RightWrist, Relaxed__LeftWrist, Relaxed__RightWrist, RelaxedTask__LeftWrist, RelaxedTask__RightWrist, StretchHold__LeftWrist, StretchHold__RightWrist, TouchIndex__LeftWrist, TouchIndex__RightWrist, TouchNose__LeftWrist, TouchNose__RightWrist"
388,24,"__columns__, __recording_keys__, CrossArms__LeftWrist, CrossArms__RightWrist, DrinkGlas__LeftWrist, DrinkGlas__RightWrist, Entrainment__LeftWrist, Entrainment__RightWrist, HoldWeight__LeftWrist, HoldWeight__RightWrist, LiftHold__LeftWrist, LiftHold__RightWrist, PointFinger__LeftWrist, PointFinger__RightWrist, Relaxed__LeftWrist, Relaxed__RightWrist, RelaxedTask__LeftWrist, RelaxedTask__RightWrist, StretchHold__LeftWrist, StretchHold__RightWrist, TouchIndex__LeftWrist, TouchIndex__RightWrist, TouchNose__LeftWrist, TouchNose__RightWrist"
389,24,"__columns__, __recording_keys__, CrossArms__LeftWrist, CrossArms__RightWrist, DrinkGlas__LeftWrist, DrinkGlas__RightWrist, Entrainment__LeftWrist, Entrainment__RightWrist, HoldWeight__LeftWrist, HoldWeight__RightWrist, LiftHold__LeftWrist, LiftHold__RightWrist, PointFinger__LeftWrist, PointFinger__RightWrist, Relaxed__LeftWrist, Relaxed__RightWrist, RelaxedTask__LeftWrist, RelaxedTask__RightWrist, StretchHold__LeftWrist, StretchHold__RightWrist, TouchIndex__LeftWrist, TouchIndex__RightWrist, TouchNose__LeftWrist, TouchNose__RightWrist"
390,24,"__columns__, __recording_keys__, CrossArms__LeftWrist, CrossArms__RightWrist, DrinkGlas__LeftWrist, DrinkGlas__RightWrist, Entrainment__LeftWrist, Entrainment__RightWrist, HoldWeight__LeftWrist, HoldWeight__RightWrist, LiftHold__LeftWrist, LiftHold__RightWrist, PointFinger__LeftWrist, PointFinger__RightWrist, Relaxed__LeftWrist, Relaxed__RightWrist, RelaxedTask__LeftWrist, RelaxedTask__RightWrist, StretchHold__LeftWrist, StretchHold__RightWrist, TouchIndex__LeftWrist, TouchIndex__RightWrist, TouchNose__LeftWrist, TouchNose__RightWrist"
391,24,"__columns__, __recording_keys__, CrossArms__LeftWrist, CrossArms__RightWrist, DrinkGlas__LeftWrist, DrinkGlas__RightWrist, Entrainment__LeftWrist, Entrainment__RightWrist, HoldWeight__LeftWrist, HoldWeight__RightWrist, LiftHold__LeftWrist, LiftHold__RightWrist, PointFinger__LeftWrist, PointFinger__RightWrist, Relaxed__LeftWrist, Relaxed__RightWrist, RelaxedTask__LeftWrist, RelaxedTask__RightWrist, StretchHold__LeftWrist, StretchHold__RightWrist, TouchIndex__LeftWrist, TouchIndex__RightWrist, TouchNose__LeftWrist, TouchNose__RightWrist"
392,24,"__columns__, __recording_keys__, CrossArms__LeftWrist, CrossArms__RightWrist, DrinkGlas__LeftWrist, DrinkGlas__RightWrist, Entrainment__LeftWrist, Entrainment__RightWrist, HoldWeight__LeftWrist, HoldWeight__RightWrist, LiftHold__LeftWrist, LiftHold__RightWrist, PointFinger__LeftWrist, PointFinger__RightWrist, Relaxed__LeftWrist, Relaxed__RightWrist, RelaxedTask__LeftWrist, RelaxedTask__RightWrist, StretchHold__LeftWrist, StretchHold__RightWrist, TouchIndex__LeftWrist, TouchIndex__RightWrist, TouchNose__LeftWrist, TouchNose__RightWrist"
393,24,"__columns__, __recording_keys__, CrossArms__LeftWrist, CrossArms__RightWrist, DrinkGlas__LeftWrist, DrinkGlas__RightWrist, Entrainment__LeftWrist, Entrainment__RightWrist, HoldWeight__LeftWrist, HoldWeight__RightWrist, LiftHold__LeftWrist, LiftHold__RightWrist, PointFinger__LeftWrist, PointFinger__RightWrist, Relaxed__LeftWrist, Relaxed__RightWrist, RelaxedTask__LeftWrist, RelaxedTask__RightWrist, StretchHold__LeftWrist, StretchHold__RightWrist, TouchIndex__LeftWrist, TouchIndex__RightWrist, TouchNose__LeftWrist, TouchNose__RightWrist"
394,24,"__columns__, __recording_keys__, CrossArms__LeftWrist, CrossArms__RightWrist, DrinkGlas__LeftWrist, DrinkGlas__RightWrist, Entrainment__LeftWrist, Entrainment__RightWrist, HoldWeight__LeftWrist, HoldWeight__RightWrist, LiftHold__LeftWrist, LiftHold__RightWrist, PointFinger__LeftWrist, PointFinger__RightWrist, Relaxed__LeftWrist, Relaxed__RightWrist, RelaxedTask__LeftWrist, RelaxedTask__RightWrist, StretchHold__LeftWrist, StretchHold__RightWrist, TouchIndex__LeftWrist, TouchIndex__RightWrist, TouchNose__LeftWrist, TouchNose__RightWrist"
395,24,"__columns__, __recording_keys__, CrossArms__LeftWrist, CrossArms__RightWrist, DrinkGlas__LeftWrist, DrinkGlas__RightWrist, Entrainment__LeftWrist, Entrainment__RightWrist, HoldWeight__LeftWrist, HoldWeight__RightWrist, LiftHold__LeftWrist, LiftHold__RightWrist, PointFinger__LeftWrist, PointFinger__RightWrist, Relaxed__LeftWrist, Relaxed__RightWrist, RelaxedTask__LeftWrist, RelaxedTask__RightWrist, StretchHold__LeftWrist, StretchHold__RightWrist, TouchIndex__LeftWrist, TouchIndex__RightWrist, TouchNose__LeftWrist, TouchNose__RightWrist"
396,24,"__columns__, __recording_keys__, CrossArms__LeftWrist, CrossArms__RightWrist, DrinkGlas__LeftWrist, DrinkGlas__RightWrist, Entrainment__LeftWrist, Entrainment__RightWrist, HoldWeight__LeftWrist, HoldWeight__RightWrist, LiftHold__LeftWrist, LiftHold__RightWrist, PointFinger__LeftWrist, PointFinger__RightWrist, Relaxed__LeftWrist, Relaxed__RightWrist, RelaxedTask__LeftWrist, RelaxedTask__RightWrist, StretchHold__LeftWrist, StretchHold__RightWrist, TouchIndex__LeftWrist, TouchIndex__RightWrist, TouchNose__LeftWrist, TouchNose__RightWrist"
397,24,"__columns__, __recording_keys__, CrossArms__LeftWrist, CrossArms__RightWrist, DrinkGlas__LeftWrist, DrinkGlas__RightWrist, Entrainment__LeftWrist, Entrainment__RightWrist, HoldWeight__LeftWrist, HoldWeight__RightWrist, LiftHold__LeftWrist, LiftHold__RightWrist, PointFinger__LeftWrist, PointFinger__RightWrist, Relaxed__LeftWrist, Relaxed__RightWrist, RelaxedTask__LeftWrist, RelaxedTask__RightWrist, StretchHold__LeftWrist, StretchHold__RightWrist, TouchIndex__LeftWrist, TouchIndex__RightWrist, TouchNose__LeftWrist, TouchNose__RightWrist"
398,24,"__columns__, __recording_keys__, CrossArms__LeftWrist, CrossArms__RightWrist, DrinkGlas__LeftWrist, DrinkGlas__RightWrist, Entrainment__LeftWrist, Entrainment__RightWrist, HoldWeight__LeftWrist, HoldWeight__RightWrist, LiftHold__LeftWrist, LiftHold__RightWrist, PointFinger__LeftWrist, PointFinger__RightWrist, Relaxed__LeftWrist, Relaxed__RightWrist, RelaxedTask__LeftWrist, RelaxedTask__RightWrist, StretchHold__LeftWrist, StretchHold__RightWrist, TouchIndex__LeftWrist, TouchIndex__RightWrist, TouchNose__LeftWrist, TouchNose__RightWrist"
399,24,"__columns__, __recording_keys__, CrossArms__LeftWrist, CrossArms__RightWrist, DrinkGlas__LeftWrist, DrinkGlas__RightWrist, Entrainment__LeftWrist, Entrainment__RightWrist, HoldWeight__LeftWrist, HoldWeight__RightWrist, LiftHold__LeftWrist, LiftHold__RightWrist, PointFinger__LeftWrist, PointFinger__RightWrist, Relaxed__LeftWrist, Relaxed__RightWrist, RelaxedTask__LeftWrist, RelaxedTask__RightWrist, StretchHold__LeftWrist, StretchHold__RightWrist, TouchIndex__LeftWrist, TouchIndex__RightWrist, TouchNose__LeftWrist, TouchNose__RightWrist"
400,24,"__columns__, __recording_keys__, CrossArms__LeftWrist, CrossArms__RightWrist, DrinkGlas__LeftWrist, DrinkGlas__RightWrist, Entrainment__LeftWrist, Entrainment__RightWrist, HoldWeight__LeftWrist, HoldWeight__RightWrist, LiftHold__LeftWrist, LiftHold__RightWrist, PointFinger__LeftWrist, PointFinger__RightWrist, Relaxed__LeftWrist, Relaxed__RightWrist, RelaxedTask__LeftWrist, RelaxedTask__RightWrist, StretchHold__LeftWrist, StretchHold__RightWrist, TouchIndex__LeftWrist, TouchIndex__RightWrist, TouchNose__LeftWrist, TouchNose__RightWrist"
401,24,"__columns__, __recording_keys__, CrossArms__LeftWrist, CrossArms__RightWrist, DrinkGlas__LeftWrist, DrinkGlas__RightWrist, Entrainment__LeftWrist, Entrainment__RightWrist, HoldWeight__LeftWrist, HoldWeight__RightWrist, LiftHold__LeftWrist, LiftHold__RightWrist, PointFinger__LeftWrist, PointFinger__RightWrist, Relaxed__LeftWrist, Relaxed__RightWrist, RelaxedTask__LeftWrist, RelaxedTask__RightWrist, StretchHold__LeftWrist, StretchHold__RightWrist, TouchIndex__LeftWrist, TouchIndex__RightWrist, TouchNose__LeftWrist, TouchNose__RightWrist"
402,24,"__columns__, __recording_keys__, CrossArms__LeftWrist, CrossArms__RightWrist, DrinkGlas__LeftWrist, DrinkGlas__RightWrist, Entrainment__LeftWrist, Entrainment__RightWrist, HoldWeight__LeftWrist, HoldWeight__RightWrist, LiftHold__LeftWrist, LiftHold__RightWrist, PointFinger__LeftWrist, PointFinger__RightWrist, Relaxed__LeftWrist, Relaxed__RightWrist, RelaxedTask__LeftWrist, RelaxedTask__RightWrist, StretchHold__LeftWrist, StretchHold__RightWrist, TouchIndex__LeftWrist, TouchIndex__RightWrist, TouchNose__LeftWrist, TouchNose__RightWrist"
403,24,"__columns__, __recording_keys__, CrossArms__LeftWrist, CrossArms__RightWrist, DrinkGlas__LeftWrist, DrinkGlas__RightWrist, Entrainment__LeftWrist, Entrainment__RightWrist, HoldWeight__LeftWrist, HoldWeight__RightWrist, LiftHold__LeftWrist, LiftHold__RightWrist, PointFinger__LeftWrist, PointFinger__RightWrist, Relaxed__LeftWrist, Relaxed__RightWrist, RelaxedTask__LeftWrist, RelaxedTask__RightWrist, StretchHold__LeftWrist, StretchHold__RightWrist, TouchIndex__LeftWrist, TouchIndex__RightWrist, TouchNose__LeftWrist, TouchNose__RightWrist"
404,24,"__columns__, __recording_keys__, CrossArms__LeftWrist, CrossArms__RightWrist, DrinkGlas__LeftWrist, DrinkGlas__RightWrist, Entrainment__LeftWrist, Entrainment__RightWrist, HoldWeight__LeftWrist, HoldWeight__RightWrist, LiftHold__LeftWrist, LiftHold__RightWrist, PointFinger__LeftWrist, PointFinger__RightWrist, Relaxed__LeftWrist, Relaxed__RightWrist, RelaxedTask__LeftWrist, RelaxedTask__RightWrist, StretchHold__LeftWrist, StretchHold__RightWrist, TouchIndex__LeftWrist, TouchIndex__RightWrist, TouchNose__LeftWrist, TouchNose__RightWrist"
405,24,"__columns__, __recording_keys__, CrossArms__LeftWrist, CrossArms__RightWrist, DrinkGlas__LeftWrist, DrinkGlas__RightWrist, Entrainment__LeftWrist, Entrainment__RightWrist, HoldWeight__LeftWrist, HoldWeight__RightWrist, LiftHold__LeftWrist, LiftHold__RightWrist, PointFinger__LeftWrist, PointFinger__RightWrist, Relaxed__LeftWrist, Relaxed__RightWrist, RelaxedTask__LeftWrist, RelaxedTask__RightWrist, StretchHold__LeftWrist, StretchHold__RightWrist, TouchIndex__LeftWrist, TouchIndex__RightWrist, TouchNose__LeftWrist, TouchNose__RightWrist"
406,24,"__columns__, __recording_keys__, CrossArms__LeftWrist, CrossArms__RightWrist, DrinkGlas__LeftWrist, DrinkGlas__RightWrist, Entrainment__LeftWrist, Entrainment__RightWrist, HoldWeight__LeftWrist, HoldWeight__RightWrist, LiftHold__LeftWrist, LiftHold__RightWrist, PointFinger__LeftWrist, PointFinger__RightWrist, Relaxed__LeftWrist, Relaxed__RightWrist, RelaxedTask__LeftWrist, RelaxedTask__RightWrist, StretchHold__LeftWrist, StretchHold__RightWrist, TouchIndex__LeftWrist, TouchIndex__RightWrist, TouchNose__LeftWrist, TouchNose__RightWrist"
407,24,"__columns__, __recording_keys__, CrossArms__LeftWrist, CrossArms__RightWrist, DrinkGlas__LeftWrist, DrinkGlas__RightWrist, Entrainment__LeftWrist, Entrainment__RightWrist, HoldWeight__LeftWrist, HoldWeight__RightWrist, LiftHold__LeftWrist, LiftHold__RightWrist, PointFinger__LeftWrist, PointFinger__RightWrist, Relaxed__LeftWrist, Relaxed__RightWrist, RelaxedTask__LeftWrist, RelaxedTask__RightWrist, StretchHold__LeftWrist, StretchHold__RightWrist, TouchIndex__LeftWrist, TouchIndex__RightWrist, TouchNose__LeftWrist, TouchNose__RightWrist"
408,24,"__columns__, __recording_keys__, CrossArms__LeftWrist, CrossArms__RightWrist, DrinkGlas__LeftWrist, DrinkGlas__RightWrist, Entrainment__LeftWrist, Entrainment__RightWrist, HoldWeight__LeftWrist, HoldWeight__RightWrist, LiftHold__LeftWrist, LiftHold__RightWrist, PointFinger__LeftWrist, PointFinger__RightWrist, Relaxed__LeftWrist, Relaxed__RightWrist, RelaxedTask__LeftWrist, RelaxedTask__RightWrist, StretchHold__LeftWrist, StretchHold__RightWrist, TouchIndex__LeftWrist, TouchIndex__RightWrist, TouchNose__LeftWrist, TouchNose__RightWrist"
409,24,"__columns__, __recording_keys__, CrossArms__LeftWrist, CrossArms__RightWrist, DrinkGlas__LeftWrist, DrinkGlas__RightWrist, Entrainment__LeftWrist, Entrainment__RightWrist, HoldWeight__LeftWrist, HoldWeight__RightWrist, LiftHold__LeftWrist, LiftHold__RightWrist, PointFinger__LeftWrist, PointFinger__RightWrist, Relaxed__LeftWrist, Relaxed__RightWrist, RelaxedTask__LeftWrist, RelaxedTask__RightWrist, StretchHold__LeftWrist, StretchHold__RightWrist, TouchIndex__LeftWrist, TouchIndex__RightWrist, TouchNose__LeftWrist, TouchNose__RightWrist"
410,24,"__columns__, __recording_keys__, CrossArms__LeftWrist, CrossArms__RightWrist, DrinkGlas__LeftWrist, DrinkGlas__RightWrist, Entrainment__LeftWrist, Entrainment__RightWrist, HoldWeight__LeftWrist, HoldWeight__RightWrist, LiftHold__LeftWrist, LiftHold__RightWrist, PointFinger__LeftWrist, PointFinger__RightWrist, Relaxed__LeftWrist, Relaxed__RightWrist, RelaxedTask__LeftWrist, RelaxedTask__RightWrist, StretchHold__LeftWrist, StretchHold__RightWrist, TouchIndex__LeftWrist, TouchIndex__RightWrist, TouchNose__LeftWrist, TouchNose__RightWrist"
411,24,"__columns__, __recording_keys__, CrossArms__LeftWrist, CrossArms__RightWrist, DrinkGlas__LeftWrist, DrinkGlas__RightWrist, Entrainment__LeftWrist, Entrainment__RightWrist, HoldWeight__LeftWrist, HoldWeight__RightWrist, LiftHold__LeftWrist, LiftHold__RightWrist, PointFinger__LeftWrist, PointFinger__RightWrist, Relaxed__LeftWrist, Relaxed__RightWrist, RelaxedTask__LeftWrist, RelaxedTask__RightWrist, StretchHold__LeftWrist, StretchHold__RightWrist, TouchIndex__LeftWrist, TouchIndex__RightWrist, TouchNose__LeftWrist, TouchNose__RightWrist"
412,24,"__columns__, __recording_keys__, CrossArms__LeftWrist, CrossArms__RightWrist, DrinkGlas__LeftWrist, DrinkGlas__RightWrist, Entrainment__LeftWrist, Entrainment__RightWrist, HoldWeight__LeftWrist, HoldWeight__RightWrist, LiftHold__LeftWrist, LiftHold__RightWrist, PointFinger__LeftWrist, PointFinger__RightWrist, Relaxed__LeftWrist, Relaxed__RightWrist, RelaxedTask__LeftWrist, RelaxedTask__RightWrist, StretchHold__LeftWrist, StretchHold__RightWrist, TouchIndex__LeftWrist, TouchIndex__RightWrist, TouchNose__LeftWrist, TouchNose__RightWrist"
413,24,"__columns__, __recording_keys__, CrossArms__LeftWrist, CrossArms__RightWrist, DrinkGlas__LeftWrist, DrinkGlas__RightWrist, Entrainment__LeftWrist, Entrainment__RightWrist, HoldWeight__LeftWrist, HoldWeight__RightWrist, LiftHold__LeftWrist, LiftHold__RightWrist, PointFinger__LeftWrist, PointFinger__RightWrist, Relaxed__LeftWrist, Relaxed__RightWrist, RelaxedTask__LeftWrist, RelaxedTask__RightWrist, StretchHold__LeftWrist, StretchHold__RightWrist, TouchIndex__LeftWrist, TouchIndex__RightWrist, TouchNose__LeftWrist, TouchNose__RightWrist"
414,24,"__columns__, __recording_keys__, CrossArms__LeftWrist, CrossArms__RightWrist, DrinkGlas__LeftWrist, DrinkGlas__RightWrist, Entrainment__LeftWrist, Entrainment__RightWrist, HoldWeight__LeftWrist, HoldWeight__RightWrist, LiftHold__LeftWrist, LiftHold__RightWrist, PointFinger__LeftWrist, PointFinger__RightWrist, Relaxed__LeftWrist, Relaxed__RightWrist, RelaxedTask__LeftWrist, RelaxedTask__RightWrist, StretchHold__LeftWrist, StretchHold__RightWrist, TouchIndex__LeftWrist, TouchIndex__RightWrist, TouchNose__LeftWrist, TouchNose__RightWrist"
415,24,"__columns__, __recording_keys__, CrossArms__LeftWrist, CrossArms__RightWrist, DrinkGlas__LeftWrist, DrinkGlas__RightWrist, Entrainment__LeftWrist, Entrainment__RightWrist, HoldWeight__LeftWrist, HoldWeight__RightWrist, LiftHold__LeftWrist, LiftHold__RightWrist, PointFinger__LeftWrist, PointFinger__RightWrist, Relaxed__LeftWrist, Relaxed__RightWrist, RelaxedTask__LeftWrist, RelaxedTask__RightWrist, StretchHold__LeftWrist, StretchHold__RightWrist, TouchIndex__LeftWrist, TouchIndex__RightWrist, TouchNose__LeftWrist, TouchNose__RightWrist"
416,24,"__columns__, __recording_keys__, CrossArms__LeftWrist, CrossArms__RightWrist, DrinkGlas__LeftWrist, DrinkGlas__RightWrist, Entrainment__LeftWrist, Entrainment__RightWrist, HoldWeight__LeftWrist, HoldWeight__RightWrist, LiftHold__LeftWrist, LiftHold__RightWrist, PointFinger__LeftWrist, PointFinger__RightWrist, Relaxed__LeftWrist, Relaxed__RightWrist, RelaxedTask__LeftWrist, RelaxedTask__RightWrist, StretchHold__LeftWrist, StretchHold__RightWrist, TouchIndex__LeftWrist, TouchIndex__RightWrist, TouchNose__LeftWrist, TouchNose__RightWrist"
417,24,"__columns__, __recording_keys__, CrossArms__LeftWrist, CrossArms__RightWrist, DrinkGlas__LeftWrist, DrinkGlas__RightWrist, Entrainment__LeftWrist, Entrainment__RightWrist, HoldWeight__LeftWrist, HoldWeight__RightWrist, LiftHold__LeftWrist, LiftHold__RightWrist, PointFinger__LeftWrist, PointFinger__RightWrist, Relaxed__LeftWrist, Relaxed__RightWrist, RelaxedTask__LeftWrist, RelaxedTask__RightWrist, StretchHold__LeftWrist, StretchHold__RightWrist, TouchIndex__LeftWrist, TouchIndex__RightWrist, TouchNose__LeftWrist, TouchNose__RightWrist"
418,24,"__columns__, __recording_keys__, CrossArms__LeftWrist, CrossArms__RightWrist, DrinkGlas__LeftWrist, DrinkGlas__RightWrist, Entrainment__LeftWrist, Entrainment__RightWrist, HoldWeight__LeftWrist, HoldWeight__RightWrist, LiftHold__LeftWrist, LiftHold__RightWrist, PointFinger__LeftWrist, PointFinger__RightWrist, Relaxed__LeftWrist, Relaxed__RightWrist, RelaxedTask__LeftWrist, RelaxedTask__RightWrist, StretchHold__LeftWrist, StretchHold__RightWrist, TouchIndex__LeftWrist, TouchIndex__RightWrist, TouchNose__LeftWrist, TouchNose__RightWrist"
419,24,"__columns__, __recording_keys__, CrossArms__LeftWrist, CrossArms__RightWrist, DrinkGlas__LeftWrist, DrinkGlas__RightWrist, Entrainment__LeftWrist, Entrainment__RightWrist, HoldWeight__LeftWrist, HoldWeight__RightWrist, LiftHold__LeftWrist, LiftHold__RightWrist, PointFinger__LeftWrist, PointFinger__RightWrist, Relaxed__LeftWrist, Relaxed__RightWrist, RelaxedTask__LeftWrist, RelaxedTask__RightWrist, StretchHold__LeftWrist, StretchHold__RightWrist, TouchIndex__LeftWrist, TouchIndex__RightWrist, TouchNose__LeftWrist, TouchNose__RightWrist"
420,24,"__columns__, __recording_keys__, CrossArms__LeftWrist, CrossArms__RightWrist, DrinkGlas__LeftWrist, DrinkGlas__RightWrist, Entrainment__LeftWrist, Entrainment__RightWrist, HoldWeight__LeftWrist, HoldWeight__RightWrist, LiftHold__LeftWrist, LiftHold__RightWrist, PointFinger__LeftWrist, PointFinger__RightWrist, Relaxed__LeftWrist, Relaxed__RightWrist, RelaxedTask__LeftWrist, RelaxedTask__RightWrist, StretchHold__LeftWrist, StretchHold__RightWrist, TouchIndex__LeftWrist, TouchIndex__RightWrist, TouchNose__LeftWrist, TouchNose__RightWrist"
421,24,"__columns__, __recording_keys__, CrossArms__LeftWrist, CrossArms__RightWrist, DrinkGlas__LeftWrist, DrinkGlas__RightWrist, Entrainment__LeftWrist, Entrainment__RightWrist, HoldWeight__LeftWrist, HoldWeight__RightWrist, LiftHold__LeftWrist, LiftHold__RightWrist, PointFinger__LeftWrist, PointFinger__RightWrist, Relaxed__LeftWrist, Relaxed__RightWrist, RelaxedTask__LeftWrist, RelaxedTask__RightWrist, StretchHold__LeftWrist, StretchHold__RightWrist, TouchIndex__LeftWrist, TouchIndex__RightWrist, TouchNose__LeftWrist, TouchNose__RightWrist"
422,24,"__columns__, __recording_keys__, CrossArms__LeftWrist, CrossArms__RightWrist, DrinkGlas__LeftWrist, DrinkGlas__RightWrist, Entrainment__LeftWrist, Entrainment__RightWrist, HoldWeight__LeftWrist, HoldWeight__RightWrist, LiftHold__LeftWrist, LiftHold__RightWrist, PointFinger__LeftWrist, PointFinger__RightWrist, Relaxed__LeftWrist, Relaxed__RightWrist, RelaxedTask__LeftWrist, RelaxedTask__RightWrist, StretchHold__LeftWrist, StretchHold__RightWrist, TouchIndex__LeftWrist, TouchIndex__RightWrist, TouchNose__LeftWrist, TouchNose__RightWrist"
423,24,"__columns__, __recording_keys__, CrossArms__LeftWrist, CrossArms__RightWrist, DrinkGlas__LeftWrist, DrinkGlas__RightWrist, Entrainment__LeftWrist, Entrainment__RightWrist, HoldWeight__LeftWrist, HoldWeight__RightWrist, LiftHold__LeftWrist, LiftHold__RightWrist, PointFinger__LeftWrist, PointFinger__RightWrist, Relaxed__LeftWrist, Relaxed__RightWrist, RelaxedTask__LeftWrist, RelaxedTask__RightWrist, StretchHold__LeftWrist, StretchHold__RightWrist, TouchIndex__LeftWrist, TouchIndex__RightWrist, TouchNose__LeftWrist, TouchNose__RightWrist"
424,24,"__columns__, __recording_keys__, CrossArms__LeftWrist, CrossArms__RightWrist, DrinkGlas__LeftWrist, DrinkGlas__RightWrist, Entrainment__LeftWrist, Entrainment__RightWrist, HoldWeight__LeftWrist, HoldWeight__RightWrist, LiftHold__LeftWrist, LiftHold__RightWrist, PointFinger__LeftWrist, PointFinger__RightWrist, Relaxed__LeftWrist, Relaxed__RightWrist, RelaxedTask__LeftWrist, RelaxedTask__RightWrist, StretchHold__LeftWrist, StretchHold__RightWrist, TouchIndex__LeftWrist, TouchIndex__RightWrist, TouchNose__LeftWrist, TouchNose__RightWrist"
425,24,"__columns__, __recording_keys__, CrossArms__LeftWrist, CrossArms__RightWrist, DrinkGlas__LeftWrist, DrinkGlas__RightWrist, Entrainment__LeftWrist, Entrainment__RightWrist, HoldWeight__LeftWrist, HoldWeight__RightWrist, LiftHold__LeftWrist, LiftHold__RightWrist, PointFinger__LeftWrist, PointFinger__RightWrist, Relaxed__LeftWrist, Relaxed__RightWrist, RelaxedTask__LeftWrist, RelaxedTask__RightWrist, StretchHold__LeftWrist, StretchHold__RightWrist, TouchIndex__LeftWrist, TouchIndex__RightWrist, TouchNose__LeftWrist, TouchNose__RightWrist"
426,24,"__columns__, __recording_keys__, CrossArms__LeftWrist, CrossArms__RightWrist, DrinkGlas__LeftWrist, DrinkGlas__RightWrist, Entrainment__LeftWrist, Entrainment__RightWrist, HoldWeight__LeftWrist, HoldWeight__RightWrist, LiftHold__LeftWrist, LiftHold__RightWrist, PointFinger__LeftWrist, PointFinger__RightWrist, Relaxed__LeftWrist, Relaxed__RightWrist, RelaxedTask__LeftWrist, RelaxedTask__RightWrist, StretchHold__LeftWrist, StretchHold__RightWrist, TouchIndex__LeftWrist, TouchIndex__RightWrist, TouchNose__LeftWrist, TouchNose__RightWrist"
427,24,"__columns__, __recording_keys__, CrossArms__LeftWrist, CrossArms__RightWrist, DrinkGlas__LeftWrist, DrinkGlas__RightWrist, Entrainment__LeftWrist, Entrainment__RightWrist, HoldWeight__LeftWrist, HoldWeight__RightWrist, LiftHold__LeftWrist, LiftHold__RightWrist, PointFinger__LeftWrist, PointFinger__RightWrist, Relaxed__LeftWrist, Relaxed__RightWrist, RelaxedTask__LeftWrist, RelaxedTask__RightWrist, StretchHold__LeftWrist, StretchHold__RightWrist, TouchIndex__LeftWrist, TouchIndex__RightWrist, TouchNose__LeftWrist, TouchNose__RightWrist"
428,24,"__columns__, __recording_keys__, CrossArms__LeftWrist, CrossArms__RightWrist, DrinkGlas__LeftWrist, DrinkGlas__RightWrist, Entrainment__LeftWrist, Entrainment__RightWrist, HoldWeight__LeftWrist, HoldWeight__RightWrist, LiftHold__LeftWrist, LiftHold__RightWrist, PointFinger__LeftWrist, PointFinger__RightWrist, Relaxed__LeftWrist, Relaxed__RightWrist, RelaxedTask__LeftWrist, RelaxedTask__RightWrist, StretchHold__LeftWrist, StretchHold__RightWrist, TouchIndex__LeftWrist, TouchIndex__RightWrist, TouchNose__LeftWrist, TouchNose__RightWrist"
429,24,"__columns__, __recording_keys__, CrossArms__LeftWrist, CrossArms__RightWrist, DrinkGlas__LeftWrist, DrinkGlas__RightWrist, Entrainment__LeftWrist, Entrainment__RightWrist, HoldWeight__LeftWrist, HoldWeight__RightWrist, LiftHold__LeftWrist, LiftHold__RightWrist, PointFinger__LeftWrist, PointFinger__RightWrist, Relaxed__LeftWrist, Relaxed__RightWrist, RelaxedTask__LeftWrist, RelaxedTask__RightWrist, StretchHold__LeftWrist, StretchHold__RightWrist, TouchIndex__LeftWrist, TouchIndex__RightWrist, TouchNose__LeftWrist, TouchNose__RightWrist"
430,24,"__columns__, __recording_keys__, CrossArms__LeftWrist, CrossArms__RightWrist, DrinkGlas__LeftWrist, DrinkGlas__RightWrist, Entrainment__LeftWrist, Entrainment__RightWrist, HoldWeight__LeftWrist, HoldWeight__RightWrist, LiftHold__LeftWrist, LiftHold__RightWrist, PointFinger__LeftWrist, PointFinger__RightWrist, Relaxed__LeftWrist, Relaxed__RightWrist, RelaxedTask__LeftWrist, RelaxedTask__RightWrist, StretchHold__LeftWrist, StretchHold__RightWrist, TouchIndex__LeftWrist, TouchIndex__RightWrist, TouchNose__LeftWrist, TouchNose__RightWrist"
431,24,"__columns__, __recording_keys__, CrossArms__LeftWrist, CrossArms__RightWrist, DrinkGlas__LeftWrist, DrinkGlas__RightWrist, Entrainment__LeftWrist, Entrainment__RightWrist, HoldWeight__LeftWrist, HoldWeight__RightWrist, LiftHold__LeftWrist, LiftHold__RightWrist, PointFinger__LeftWrist, PointFinger__RightWrist, Relaxed__LeftWrist, Relaxed__RightWrist, RelaxedTask__LeftWrist, RelaxedTask__RightWrist, StretchHold__LeftWrist, StretchHold__RightWrist, TouchIndex__LeftWrist, TouchIndex__RightWrist, TouchNose__LeftWrist, TouchNose__RightWrist"
432,24,"__columns__, __recording_keys__, CrossArms__LeftWrist, CrossArms__RightWrist, DrinkGlas__LeftWrist, DrinkGlas__RightWrist, Entrainment__LeftWrist, Entrainment__RightWrist, HoldWeight__LeftWrist, HoldWeight__RightWrist, LiftHold__LeftWrist, LiftHold__RightWrist, PointFinger__LeftWrist, PointFinger__RightWrist, Relaxed__LeftWrist, Relaxed__RightWrist, RelaxedTask__LeftWrist, RelaxedTask__RightWrist, StretchHold__LeftWrist, StretchHold__RightWrist, TouchIndex__LeftWrist, TouchIndex__RightWrist, TouchNose__LeftWrist, TouchNose__RightWrist"
433,24,"__columns__, __recording_keys__, CrossArms__LeftWrist, CrossArms__RightWrist, DrinkGlas__LeftWrist, DrinkGlas__RightWrist, Entrainment__LeftWrist, Entrainment__RightWrist, HoldWeight__LeftWrist, HoldWeight__RightWrist, LiftHold__LeftWrist, LiftHold__RightWrist, PointFinger__LeftWrist, PointFinger__RightWrist, Relaxed__LeftWrist, Relaxed__RightWrist, RelaxedTask__LeftWrist, RelaxedTask__RightWrist, StretchHold__LeftWrist, StretchHold__RightWrist, TouchIndex__LeftWrist, TouchIndex__RightWrist, TouchNose__LeftWrist, TouchNose__RightWrist"
434,24,"__columns__, __recording_keys__, CrossArms__LeftWrist, CrossArms__RightWrist, DrinkGlas__LeftWrist, DrinkGlas__RightWrist, Entrainment__LeftWrist, Entrainment__RightWrist, HoldWeight__LeftWrist, HoldWeight__RightWrist, LiftHold__LeftWrist, LiftHold__RightWrist, PointFinger__LeftWrist, PointFinger__RightWrist, Relaxed__LeftWrist, Relaxed__RightWrist, RelaxedTask__LeftWrist, RelaxedTask__RightWrist, StretchHold__LeftWrist, StretchHold__RightWrist, TouchIndex__LeftWrist, TouchIndex__RightWrist, TouchNose__LeftWrist, TouchNose__RightWrist"
435,24,"__columns__, __recording_keys__, CrossArms__LeftWrist, CrossArms__RightWrist, DrinkGlas__LeftWrist, DrinkGlas__RightWrist, Entrainment__LeftWrist, Entrainment__RightWrist, HoldWeight__LeftWrist, HoldWeight__RightWrist, LiftHold__LeftWrist, LiftHold__RightWrist, PointFinger__LeftWrist, PointFinger__RightWrist, Relaxed__LeftWrist, Relaxed__RightWrist, RelaxedTask__LeftWrist, RelaxedTask__RightWrist, StretchHold__LeftWrist, StretchHold__RightWrist, TouchIndex__LeftWrist, TouchIndex__RightWrist, TouchNose__LeftWrist, TouchNose__RightWrist"
436,24,"__columns__, __recording_keys__, CrossArms__LeftWrist, CrossArms__RightWrist, DrinkGlas__LeftWrist, DrinkGlas__RightWrist, Entrainment__LeftWrist, Entrainment__RightWrist, HoldWeight__LeftWrist, HoldWeight__RightWrist, LiftHold__LeftWrist, LiftHold__RightWrist, PointFinger__LeftWrist, PointFinger__RightWrist, Relaxed__LeftWrist, Relaxed__RightWrist, RelaxedTask__LeftWrist, RelaxedTask__RightWrist, StretchHold__LeftWrist, StretchHold__RightWrist, TouchIndex__LeftWrist, TouchIndex__RightWrist, TouchNose__LeftWrist, TouchNose__RightWrist"
437,24,"__columns__, __recording_keys__, CrossArms__LeftWrist, CrossArms__RightWrist, DrinkGlas__LeftWrist, DrinkGlas__RightWrist, Entrainment__LeftWrist, Entrainment__RightWrist, HoldWeight__LeftWrist, HoldWeight__RightWrist, LiftHold__LeftWrist, LiftHold__RightWrist, PointFinger__LeftWrist, PointFinger__RightWrist, Relaxed__LeftWrist, Relaxed__RightWrist, RelaxedTask__LeftWrist, RelaxedTask__RightWrist, StretchHold__LeftWrist, StretchHold__RightWrist, TouchIndex__LeftWrist, TouchIndex__RightWrist, TouchNose__LeftWrist, TouchNose__RightWrist"
438,24,"__columns__, __recording_keys__, CrossArms__LeftWrist, CrossArms__RightWrist, DrinkGlas__LeftWrist, DrinkGlas__RightWrist, Entrainment__LeftWrist, Entrainment__RightWrist, HoldWeight__LeftWrist, HoldWeight__RightWrist, LiftHold__LeftWrist, LiftHold__RightWrist, PointFinger__LeftWrist, PointFinger__RightWrist, Relaxed__LeftWrist, Relaxed__RightWrist, RelaxedTask__LeftWrist, RelaxedTask__RightWrist, StretchHold__LeftWrist, StretchHold__RightWrist, TouchIndex__LeftWrist, TouchIndex__RightWrist, TouchNose__LeftWrist, TouchNose__RightWrist"
439,24,"__columns__, __recording_keys__, CrossArms__LeftWrist, CrossArms__RightWrist, DrinkGlas__LeftWrist, DrinkGlas__RightWrist, Entrainment__LeftWrist, Entrainment__RightWrist, HoldWeight__LeftWrist, HoldWeight__RightWrist, LiftHold__LeftWrist, LiftHold__RightWrist, PointFinger__LeftWrist, PointFinger__RightWrist, Relaxed__LeftWrist, Relaxed__RightWrist, RelaxedTask__LeftWrist, RelaxedTask__RightWrist, StretchHold__LeftWrist, StretchHold__RightWrist, TouchIndex__LeftWrist, TouchIndex__RightWrist, TouchNose__LeftWrist, TouchNose__RightWrist"
440,24,"__columns__, __recording_keys__, CrossArms__LeftWrist, CrossArms__RightWrist, DrinkGlas__LeftWrist, DrinkGlas__RightWrist, Entrainment__LeftWrist, Entrainment__RightWrist, HoldWeight__LeftWrist, HoldWeight__RightWrist, LiftHold__LeftWrist, LiftHold__RightWrist, PointFinger__LeftWrist, PointFinger__RightWrist, Relaxed__LeftWrist, Relaxed__RightWrist, RelaxedTask__LeftWrist, RelaxedTask__RightWrist, StretchHold__LeftWrist, StretchHold__RightWrist, TouchIndex__LeftWrist, TouchIndex__RightWrist, TouchNose__LeftWrist, TouchNose__RightWrist"
441,24,"__columns__, __recording_keys__, CrossArms__LeftWrist, CrossArms__RightWrist, DrinkGlas__LeftWrist, DrinkGlas__RightWrist, Entrainment__LeftWrist, Entrainment__RightWrist, HoldWeight__LeftWrist, HoldWeight__RightWrist, LiftHold__LeftWrist, LiftHold__RightWrist, PointFinger__LeftWrist, PointFinger__RightWrist, Relaxed__LeftWrist, Relaxed__RightWrist, RelaxedTask__LeftWrist, RelaxedTask__RightWrist, StretchHold__LeftWrist, StretchHold__RightWrist, TouchIndex__LeftWrist, TouchIndex__RightWrist, TouchNose__LeftWrist, TouchNose__RightWrist"
442,24,"__columns__, __recording_keys__, CrossArms__LeftWrist, CrossArms__RightWrist, DrinkGlas__LeftWrist, DrinkGlas__RightWrist, Entrainment__LeftWrist, Entrainment__RightWrist, HoldWeight__LeftWrist, HoldWeight__RightWrist, LiftHold__LeftWrist, LiftHold__RightWrist, PointFinger__LeftWrist, PointFinger__RightWrist, Relaxed__LeftWrist, Relaxed__RightWrist, RelaxedTask__LeftWrist, RelaxedTask__RightWrist, StretchHold__LeftWrist, StretchHold__RightWrist, TouchIndex__LeftWrist, TouchIndex__RightWrist, TouchNose__LeftWrist, TouchNose__RightWrist"
443,24,"__columns__, __recording_keys__, CrossArms__LeftWrist, CrossArms__RightWrist, DrinkGlas__LeftWrist, DrinkGlas__RightWrist, Entrainment__LeftWrist, Entrainment__RightWrist, HoldWeight__LeftWrist, HoldWeight__RightWrist, LiftHold__LeftWrist, LiftHold__RightWrist, PointFinger__LeftWrist, PointFinger__RightWrist, Relaxed__LeftWrist, Relaxed__RightWrist, RelaxedTask__LeftWrist, RelaxedTask__RightWrist, StretchHold__LeftWrist, StretchHold__RightWrist, TouchIndex__LeftWrist, TouchIndex__RightWrist, TouchNose__LeftWrist, TouchNose__RightWrist"
444,24,"__columns__, __recording_keys__, CrossArms__LeftWrist, CrossArms__RightWrist, DrinkGlas__LeftWrist, DrinkGlas__RightWrist, Entrainment__LeftWrist, Entrainment__RightWrist, HoldWeight__LeftWrist, HoldWeight__RightWrist, LiftHold__LeftWrist, LiftHold__RightWrist, PointFinger__LeftWrist, PointFinger__RightWrist, Relaxed__LeftWrist, Relaxed__RightWrist, RelaxedTask__LeftWrist, RelaxedTask__RightWrist, StretchHold__LeftWrist, StretchHold__RightWrist, TouchIndex__LeftWrist, TouchIndex__RightWrist, TouchNose__LeftWrist, TouchNose__RightWrist"
445,24,"__columns__, __recording_keys__, CrossArms__LeftWrist, CrossArms__RightWrist, DrinkGlas__LeftWrist, DrinkGlas__RightWrist, Entrainment__LeftWrist, Entrainment__RightWrist, HoldWeight__LeftWrist, HoldWeight__RightWrist, LiftHold__LeftWrist, LiftHold__RightWrist, PointFinger__LeftWrist, PointFinger__RightWrist, Relaxed__LeftWrist, Relaxed__RightWrist, RelaxedTask__LeftWrist, RelaxedTask__RightWrist, StretchHold__LeftWrist, StretchHold__RightWrist, TouchIndex__LeftWrist, TouchIndex__RightWrist, TouchNose__LeftWrist, TouchNose__RightWrist"
446,24,"__columns__, __recording_keys__, CrossArms__LeftWrist, CrossArms__RightWrist, DrinkGlas__LeftWrist, DrinkGlas__RightWrist, Entrainment__LeftWrist, Entrainment__RightWrist, HoldWeight__LeftWrist, HoldWeight__RightWrist, LiftHold__LeftWrist, LiftHold__RightWrist, PointFinger__LeftWrist, PointFinger__RightWrist, Relaxed__LeftWrist, Relaxed__RightWrist, RelaxedTask__LeftWrist, RelaxedTask__RightWrist, StretchHold__LeftWrist, StretchHold__RightWrist, TouchIndex__LeftWrist, TouchIndex__RightWrist, TouchNose__LeftWrist, TouchNose__RightWrist"
447,24,"__columns__, __recording_keys__, CrossArms__LeftWrist, CrossArms__RightWrist, DrinkGlas__LeftWrist, DrinkGlas__RightWrist, Entrainment__LeftWrist, Entrainment__RightWrist, HoldWeight__LeftWrist, HoldWeight__RightWrist, LiftHold__LeftWrist, LiftHold__RightWrist, PointFinger__LeftWrist, PointFinger__RightWrist, Relaxed__LeftWrist, Relaxed__RightWrist, RelaxedTask__LeftWrist, RelaxedTask__RightWrist, StretchHold__LeftWrist, StretchHold__RightWrist, TouchIndex__LeftWrist, TouchIndex__RightWrist, TouchNose__LeftWrist, TouchNose__RightWrist"
448,24,"__columns__, __recording_keys__, CrossArms__LeftWrist, CrossArms__RightWrist, DrinkGlas__LeftWrist, DrinkGlas__RightWrist, Entrainment__LeftWrist, Entrainment__RightWrist, HoldWeight__LeftWrist, HoldWeight__RightWrist, LiftHold__LeftWrist, LiftHold__RightWrist, PointFinger__LeftWrist, PointFinger__RightWrist, Relaxed__LeftWrist, Relaxed__RightWrist, RelaxedTask__LeftWrist, RelaxedTask__RightWrist, StretchHold__LeftWrist, StretchHold__RightWrist, TouchIndex__LeftWrist, TouchIndex__RightWrist, TouchNose__LeftWrist, TouchNose__RightWrist"
449,24,"__columns__, __recording_keys__, CrossArms__LeftWrist, CrossArms__RightWrist, DrinkGlas__LeftWrist, DrinkGlas__RightWrist, Entrainment__LeftWrist, Entrainment__RightWrist, HoldWeight__LeftWrist, HoldWeight__RightWrist, LiftHold__LeftWrist, LiftHold__RightWrist, PointFinger__LeftWrist, PointFinger__RightWrist, Relaxed__LeftWrist, Relaxed__RightWrist, RelaxedTask__LeftWrist, RelaxedTask__RightWrist, StretchHold__LeftWrist, StretchHold__RightWrist, TouchIndex__LeftWrist, TouchIndex__RightWrist, TouchNose__LeftWrist, TouchNose__RightWrist"
450,24,"__columns__, __recording_keys__, CrossArms__LeftWrist, CrossArms__RightWrist, DrinkGlas__LeftWrist, DrinkGlas__RightWrist, Entrainment__LeftWrist, Entrainment__RightWrist, HoldWeight__LeftWrist, HoldWeight__RightWrist, LiftHold__LeftWrist, LiftHold__RightWrist, PointFinger__LeftWrist, PointFinger__RightWrist, Relaxed__LeftWrist, Relaxed__RightWrist, RelaxedTask__LeftWrist, RelaxedTask__RightWrist, StretchHold__LeftWrist, StretchHold__RightWrist, TouchIndex__LeftWrist, TouchIndex__RightWrist, TouchNose__LeftWrist, TouchNose__RightWrist"
451,24,"__columns__, __recording_keys__, CrossArms__LeftWrist, CrossArms__RightWrist, DrinkGlas__LeftWrist, DrinkGlas__RightWrist, Entrainment__LeftWrist, Entrainment__RightWrist, HoldWeight__LeftWrist, HoldWeight__RightWrist, LiftHold__LeftWrist, LiftHold__RightWrist, PointFinger__LeftWrist, PointFinger__RightWrist, Relaxed__LeftWrist, Relaxed__RightWrist, RelaxedTask__LeftWrist, RelaxedTask__RightWrist, StretchHold__LeftWrist, StretchHold__RightWrist, TouchIndex__LeftWrist, TouchIndex__RightWrist, TouchNose__LeftWrist, TouchNose__RightWrist"
452,24,"__columns__, __recording_keys__, CrossArms__LeftWrist, CrossArms__RightWrist, DrinkGlas__LeftWrist, DrinkGlas__RightWrist, Entrainment__LeftWrist, Entrainment__RightWrist, HoldWeight__LeftWrist, HoldWeight__RightWrist, LiftHold__LeftWrist, LiftHold__RightWrist, PointFinger__LeftWrist, PointFinger__RightWrist, Relaxed__LeftWrist, Relaxed__RightWrist, RelaxedTask__LeftWrist, RelaxedTask__RightWrist, StretchHold__LeftWrist, StretchHold__RightWrist, TouchIndex__LeftWrist, TouchIndex__RightWrist, TouchNose__LeftWrist, TouchNose__RightWrist"
453,24,"__columns__, __recording_keys__, CrossArms__LeftWrist, CrossArms__RightWrist, DrinkGlas__LeftWrist, DrinkGlas__RightWrist, Entrainment__LeftWrist, Entrainment__RightWrist, HoldWeight__LeftWrist, HoldWeight__RightWrist, LiftHold__LeftWrist, LiftHold__RightWrist, PointFinger__LeftWrist, PointFinger__RightWrist, Relaxed__LeftWrist, Relaxed__RightWrist, RelaxedTask__LeftWrist, RelaxedTask__RightWrist, StretchHold__LeftWrist, StretchHold__RightWrist, TouchIndex__LeftWrist, TouchIndex__RightWrist, TouchNose__LeftWrist, TouchNose__RightWrist"
454,24,"__columns__, __recording_keys__, CrossArms__LeftWrist, CrossArms__RightWrist, DrinkGlas__LeftWrist, DrinkGlas__RightWrist, Entrainment__LeftWrist, Entrainment__RightWrist, HoldWeight__LeftWrist, HoldWeight__RightWrist, LiftHold__LeftWrist, LiftHold__RightWrist, PointFinger__LeftWrist, PointFinger__RightWrist, Relaxed__LeftWrist, Relaxed__RightWrist, RelaxedTask__LeftWrist, RelaxedTask__RightWrist, StretchHold__LeftWrist, StretchHold__RightWrist, TouchIndex__LeftWrist, TouchIndex__RightWrist, TouchNose__LeftWrist, TouchNose__RightWrist"
455,24,"__columns__, __recording_keys__, CrossArms__LeftWrist, CrossArms__RightWrist, DrinkGlas__LeftWrist, DrinkGlas__RightWrist, Entrainment__LeftWrist, Entrainment__RightWrist, HoldWeight__LeftWrist, HoldWeight__RightWrist, LiftHold__LeftWrist, LiftHold__RightWrist, PointFinger__LeftWrist, PointFinger__RightWrist, Relaxed__LeftWrist, Relaxed__RightWrist, RelaxedTask__LeftWrist, RelaxedTask__RightWrist, StretchHold__LeftWrist, StretchHold__RightWrist, TouchIndex__LeftWrist, TouchIndex__RightWrist, TouchNose__LeftWrist, TouchNose__RightWrist"
456,24,"__columns__, __recording_keys__, CrossArms__LeftWrist, CrossArms__RightWrist, DrinkGlas__LeftWrist, DrinkGlas__RightWrist, Entrainment__LeftWrist, Entrainment__RightWrist, HoldWeight__LeftWrist, HoldWeight__RightWrist, LiftHold__LeftWrist, LiftHold__RightWrist, PointFinger__LeftWrist, PointFinger__RightWrist, Relaxed__LeftWrist, Relaxed__RightWrist, RelaxedTask__LeftWrist, RelaxedTask__RightWrist, StretchHold__LeftWrist, StretchHold__RightWrist, TouchIndex__LeftWrist, TouchIndex__RightWrist, TouchNose__LeftWrist, TouchNose__RightWrist"
457,24,"__columns__, __recording_keys__, CrossArms__LeftWrist, CrossArms__RightWrist, DrinkGlas__LeftWrist, DrinkGlas__RightWrist, Entrainment__LeftWrist, Entrainment__RightWrist, HoldWeight__LeftWrist, HoldWeight__RightWrist, LiftHold__LeftWrist, LiftHold__RightWrist, PointFinger__LeftWrist, PointFinger__RightWrist, Relaxed__LeftWrist, Relaxed__RightWrist, RelaxedTask__LeftWrist, RelaxedTask__RightWrist, StretchHold__LeftWrist, StretchHold__RightWrist, TouchIndex__LeftWrist, TouchIndex__RightWrist, TouchNose__LeftWrist, TouchNose__RightWrist"
458,24,"__columns__, __recording_keys__, CrossArms__LeftWrist, CrossArms__RightWrist, DrinkGlas__LeftWrist, DrinkGlas__RightWrist, Entrainment__LeftWrist, Entrainment__RightWrist, HoldWeight__LeftWrist, HoldWeight__RightWrist, LiftHold__LeftWrist, LiftHold__RightWrist, PointFinger__LeftWrist, PointFinger__RightWrist, Relaxed__LeftWrist, Relaxed__RightWrist, RelaxedTask__LeftWrist, RelaxedTask__RightWrist, StretchHold__LeftWrist, StretchHold__RightWrist, TouchIndex__LeftWrist, TouchIndex__RightWrist, TouchNose__LeftWrist, TouchNose__RightWrist"
459,24,"__columns__, __recording_keys__, CrossArms__LeftWrist, CrossArms__RightWrist, DrinkGlas__LeftWrist, DrinkGlas__RightWrist, Entrainment__LeftWrist, Entrainment__RightWrist, HoldWeight__LeftWrist, HoldWeight__RightWrist, LiftHold__LeftWrist, LiftHold__RightWrist, PointFinger__LeftWrist, PointFinger__RightWrist, Relaxed__LeftWrist, Relaxed__RightWrist, RelaxedTask__LeftWrist, RelaxedTask__RightWrist, StretchHold__LeftWrist, StretchHold__RightWrist, TouchIndex__LeftWrist, TouchIndex__RightWrist, TouchNose__LeftWrist, TouchNose__RightWrist"
460,24,"__columns__, __recording_keys__, CrossArms__LeftWrist, CrossArms__RightWrist, DrinkGlas__LeftWrist, DrinkGlas__RightWrist, Entrainment__LeftWrist, Entrainment__RightWrist, HoldWeight__LeftWrist, HoldWeight__RightWrist, LiftHold__LeftWrist, LiftHold__RightWrist, PointFinger__LeftWrist, PointFinger__RightWrist, Relaxed__LeftWrist, Relaxed__RightWrist, RelaxedTask__LeftWrist, RelaxedTask__RightWrist, StretchHold__LeftWrist, StretchHold__RightWrist, TouchIndex__LeftWrist, TouchIndex__RightWrist, TouchNose__LeftWrist, TouchNose__RightWrist"
461,24,"__columns__, __recording_keys__, CrossArms__LeftWrist, CrossArms__RightWrist, DrinkGlas__LeftWrist, DrinkGlas__RightWrist, Entrainment__LeftWrist, Entrainment__RightWrist, HoldWeight__LeftWrist, HoldWeight__RightWrist, LiftHold__LeftWrist, LiftHold__RightWrist, PointFinger__LeftWrist, PointFinger__RightWrist, Relaxed__LeftWrist, Relaxed__RightWrist, RelaxedTask__LeftWrist, RelaxedTask__RightWrist, StretchHold__LeftWrist, StretchHold__RightWrist, TouchIndex__LeftWrist, TouchIndex__RightWrist, TouchNose__LeftWrist, TouchNose__RightWrist"
462,24,"__columns__, __recording_keys__, CrossArms__LeftWrist, CrossArms__RightWrist, DrinkGlas__LeftWrist, DrinkGlas__RightWrist, Entrainment__LeftWrist, Entrainment__RightWrist, HoldWeight__LeftWrist, HoldWeight__RightWrist, LiftHold__LeftWrist, LiftHold__RightWrist, PointFinger__LeftWrist, PointFinger__RightWrist, Relaxed__LeftWrist, Relaxed__RightWrist, RelaxedTask__LeftWrist, RelaxedTask__RightWrist, StretchHold__LeftWrist, StretchHold__RightWrist, TouchIndex__LeftWrist, TouchIndex__RightWrist, TouchNose__LeftWrist, TouchNose__RightWrist"
463,24,"__columns__, __recording_keys__, CrossArms__LeftWrist, CrossArms__RightWrist, DrinkGlas__LeftWrist, DrinkGlas__RightWrist, Entrainment__LeftWrist, Entrainment__RightWrist, HoldWeight__LeftWrist, HoldWeight__RightWrist, LiftHold__LeftWrist, LiftHold__RightWrist, PointFinger__LeftWrist, PointFinger__RightWrist, Relaxed__LeftWrist, Relaxed__RightWrist, RelaxedTask__LeftWrist, RelaxedTask__RightWrist, StretchHold__LeftWrist, StretchHold__RightWrist, TouchIndex__LeftWrist, TouchIndex__RightWrist, TouchNose__LeftWrist, TouchNose__RightWrist"
464,24,"__columns__, __recording_keys__, CrossArms__LeftWrist, CrossArms__RightWrist, DrinkGlas__LeftWrist, DrinkGlas__RightWrist, Entrainment__LeftWrist, Entrainment__RightWrist, HoldWeight__LeftWrist, HoldWeight__RightWrist, LiftHold__LeftWrist, LiftHold__RightWrist, PointFinger__LeftWrist, PointFinger__RightWrist, Relaxed__LeftWrist, Relaxed__RightWrist, RelaxedTask__LeftWrist, RelaxedTask__RightWrist, StretchHold__LeftWrist, StretchHold__RightWrist, TouchIndex__LeftWrist, TouchIndex__RightWrist, TouchNose__LeftWrist, TouchNose__RightWrist"
465,24,"__columns__, __recording_keys__, CrossArms__LeftWrist, CrossArms__RightWrist, DrinkGlas__LeftWrist, DrinkGlas__RightWrist, Entrainment__LeftWrist, Entrainment__RightWrist, HoldWeight__LeftWrist, HoldWeight__RightWrist, LiftHold__LeftWrist, LiftHold__RightWrist, PointFinger__LeftWrist, PointFinger__RightWrist, Relaxed__LeftWrist, Relaxed__RightWrist, RelaxedTask__LeftWrist, RelaxedTask__RightWrist, StretchHold__LeftWrist, StretchHold__RightWrist, TouchIndex__LeftWrist, TouchIndex__RightWrist, TouchNose__LeftWrist, TouchNose__RightWrist"
466,24,"__columns__, __recording_keys__, CrossArms__LeftWrist, CrossArms__RightWrist, DrinkGlas__LeftWrist, DrinkGlas__RightWrist, Entrainment__LeftWrist, Entrainment__RightWrist, HoldWeight__LeftWrist, HoldWeight__RightWrist, LiftHold__LeftWrist, LiftHold__RightWrist, PointFinger__LeftWrist, PointFinger__RightWrist, Relaxed__LeftWrist, Relaxed__RightWrist, RelaxedTask__LeftWrist, RelaxedTask__RightWrist, StretchHold__LeftWrist, StretchHold__RightWrist, TouchIndex__LeftWrist, TouchIndex__RightWrist, TouchNose__LeftWrist, TouchNose__RightWrist"
467,24,"__columns__, __recording_keys__, CrossArms__LeftWrist, CrossArms__RightWrist, DrinkGlas__LeftWrist, DrinkGlas__RightWrist, Entrainment__LeftWrist, Entrainment__RightWrist, HoldWeight__LeftWrist, HoldWeight__RightWrist, LiftHold__LeftWrist, LiftHold__RightWrist, PointFinger__LeftWrist, PointFinger__RightWrist, Relaxed__LeftWrist, Relaxed__RightWrist, RelaxedTask__LeftWrist, RelaxedTask__RightWrist, StretchHold__LeftWrist, StretchHold__RightWrist, TouchIndex__LeftWrist, TouchIndex__RightWrist, TouchNose__LeftWrist, TouchNose__RightWrist"
468,24,"__columns__, __recording_keys__, CrossArms__LeftWrist, CrossArms__RightWrist, DrinkGlas__LeftWrist, DrinkGlas__RightWrist, Entrainment__LeftWrist, Entrainment__RightWrist, HoldWeight__LeftWrist, HoldWeight__RightWrist, LiftHold__LeftWrist, LiftHold__RightWrist, PointFinger__LeftWrist, PointFinger__RightWrist, Relaxed__LeftWrist, Relaxed__RightWrist, RelaxedTask__LeftWrist, RelaxedTask__RightWrist, StretchHold__LeftWrist, StretchHold__RightWrist, TouchIndex__LeftWrist, TouchIndex__RightWrist, TouchNose__LeftWrist, TouchNose__RightWrist"
469,24,"__columns__, __recording_keys__, CrossArms__LeftWrist, CrossArms__RightWrist, DrinkGlas__LeftWrist, DrinkGlas__RightWrist, Entrainment__LeftWrist, Entrainment__RightWrist, HoldWeight__LeftWrist, HoldWeight__RightWrist, LiftHold__LeftWrist, LiftHold__RightWrist, PointFinger__LeftWrist, PointFinger__RightWrist, Relaxed__LeftWrist, Relaxed__RightWrist, RelaxedTask__LeftWrist, RelaxedTask__RightWrist, StretchHold__LeftWrist, StretchHold__RightWrist, TouchIndex__LeftWrist, TouchIndex__RightWrist, TouchNose__LeftWrist, TouchNose__RightWrist"
